event_id,participant,event_type,verified,notes,event_ts,duration_sec,distance_px,start_x,start_y,end_x,end_y,window_start,window_end,plot_path
313,260808_BBY_W_AI,annotation,,,2026-08-08 18:26:36.002,0.118,0.5,39.4,43.0,39.0,43.0,2026-08-08 18:26:26.002,2026-08-08 18:26:46.002,plots\260808_BBY_W_AI\event_0313.png
314,260808_BBY_W_AI,annotation,,,2026-08-08 18:26:38.801,0.125,0.8,523.2,175.5,523.9,175.9,2026-08-08 18:26:28.801,2026-08-08 18:26:48.801,plots\260808_BBY_W_AI\event_0314.png
315,260808_BBY_W_AI,annotation,,,2026-08-08 18:26:40.200,0.105,0.2,1333.9,183.4,1334.1,183.4,2026-08-08 18:26:30.200,2026-08-08 18:26:50.200,plots\260808_BBY_W_AI\event_0315.png
316,260808_BBY_W_AI,annotation,,,2026-08-08 18:30:40.680,0.111,0.5,91.6,208.7,91.2,208.7,2026-08-08 18:30:30.680,2026-08-08 18:30:50.680,plots\260808_BBY_W_AI\event_0316.png
317,260808_BBY_W_AI,annotation,,,2026-08-08 18:31:01.305,2.347,97.9,839.9,718.3,909.4,787.3,2026-08-08 18:30:51.305,2026-08-08 18:31:11.305,plots\260808_BBY_W_AI\event_0317.png
318,260808_BBY_W_AI,annotation,,,2026-08-08 18:31:26.669,1.394,83.0,871.4,721.6,930.3,780.1,2026-08-08 18:31:16.669,2026-08-08 18:31:36.669,plots\260808_BBY_W_AI\event_0318.png
319,260808_BBY_W_AI,annotation,,,2026-08-08 18:33:21.318,0.105,1.3,125.0,124.8,125.7,125.9,2026-08-08 18:33:11.318,2026-08-08 18:33:31.318,plots\260808_BBY_W_AI\event_0319.png
320,260808_BBY_W_AI,annotation,,,2026-08-08 18:33:38.996,1.118,113.4,714.8,670.1,793.4,751.8,2026-08-08 18:33:28.996,2026-08-08 18:33:48.996,plots\260808_BBY_W_AI\event_0320.png
321,260808_BBY_W_AI,annotation,,,2026-08-08 18:33:46.391,1.049,105.3,715.8,659.2,791.0,732.9,2026-08-08 18:33:36.391,2026-08-08 18:33:56.391,plots\260808_BBY_W_AI\event_0321.png
322,260808_BBY_W_AI,annotation,,,2026-08-08 18:34:06.559,2.316,116.4,867.8,584.9,968.3,643.7,2026-08-08 18:33:56.559,2026-08-08 18:34:16.559,plots\260808_BBY_W_AI\event_0322.png
323,260808_BBY_W_AI,annotation,,,2026-08-08 18:34:17.223,1.162,55.2,866.2,685.7,906.7,723.2,2026-08-08 18:34:07.223,2026-08-08 18:34:27.223,plots\260808_BBY_W_AI\event_0323.png
324,260808_BBY_W_AI,annotation,,,2026-08-08 18:34:31.227,1.37,74.7,851.2,690.1,910.5,735.5,2026-08-08 18:34:21.227,2026-08-08 18:34:41.227,plots\260808_BBY_W_AI\event_0324.png
325,260808_BBY_W_AI,annotation,,,2026-08-08 18:34:39.319,1.536,65.8,846.9,687.0,905.5,716.8,2026-08-08 18:34:29.319,2026-08-08 18:34:49.319,plots\260808_BBY_W_AI\event_0325.png
326,260808_BBY_W_AI,annotation,,,2026-08-08 18:35:50.328,1.153,87.3,1159.8,395.1,1205.4,469.6,2026-08-08 18:35:40.328,2026-08-08 18:36:00.328,plots\260808_BBY_W_AI\event_0326.png
327,260808_BBY_W_AI,annotation,,,2026-08-08 18:36:02.145,0.108,0.2,124.1,124.6,124.3,124.6,2026-08-08 18:35:52.145,2026-08-08 18:36:12.145,plots\260808_BBY_W_AI\event_0327.png
328,260808_BBY_W_AI,annotation,,,2026-08-08 18:36:23.905,0.876,116.3,1231.9,393.5,1293.2,492.2,2026-08-08 18:36:13.905,2026-08-08 18:36:33.905,plots\260808_BBY_W_AI\event_0328.png
329,260808_BBY_W_AI,annotation,,,2026-08-08 18:36:32.063,1.05,122.9,1228.5,377.6,1295.3,480.8,2026-08-08 18:36:22.063,2026-08-08 18:36:42.063,plots\260808_BBY_W_AI\event_0329.png
330,260808_BBY_W_AI,annotation,,,2026-08-08 18:36:39.294,0.113,0.6,403.2,394.4,403.6,394.8,2026-08-08 18:36:29.294,2026-08-08 18:36:49.294,plots\260808_BBY_W_AI\event_0330.png
331,260808_BBY_W_AI,annotation,,,2026-08-08 18:37:09.998,1.456,36.1,1224.9,743.4,1248.9,770.4,2026-08-08 18:36:59.998,2026-08-08 18:37:19.998,plots\260808_BBY_W_AI\event_0331.png
332,260808_BBY_W_AI,annotation,,,2026-08-08 18:37:47.372,1.678,174.2,1198.4,606.8,1319.6,732.0,2026-08-08 18:37:37.372,2026-08-08 18:37:57.372,plots\260808_BBY_W_AI\event_0332.png
333,260808_BBY_W_AI,annotation,,,2026-08-08 18:38:04.492,1.299,150.8,791.1,535.9,904.1,635.8,2026-08-08 18:37:54.492,2026-08-08 18:38:14.492,plots\260808_BBY_W_AI\event_0333.png
334,260808_BBY_W_AI,annotation,,,2026-08-08 18:39:16.633,1.14,34.4,769.0,646.6,793.2,671.1,2026-08-08 18:39:06.633,2026-08-08 18:39:26.633,plots\260808_BBY_W_AI\event_0334.png
335,260808_BBY_W_AI,annotation,,,2026-08-08 18:40:51.649,0.107,0.3,123.1,231.3,123.4,231.5,2026-08-08 18:40:41.649,2026-08-08 18:41:01.649,plots\260808_BBY_W_AI\event_0335.png
336,260808_BBY_W_AI,annotation,,,2026-08-08 18:42:51.264,0.116,0.2,1121.3,754.5,1121.1,754.5,2026-08-08 18:42:41.264,2026-08-08 18:43:01.264,plots\260808_BBY_W_AI\event_0336.png
337,260808_BBY_W_AI,annotation,,,2026-08-08 18:46:42.481,0.968,143.0,1169.6,416.5,1278.6,509.1,2026-08-08 18:46:32.481,2026-08-08 18:46:52.481,plots\260808_BBY_W_AI\event_0337.png
338,260808_BBY_W_AI,annotation,,,2026-08-08 18:48:37.515,0.817,77.8,767.5,408.8,825.9,460.3,2026-08-08 18:48:27.515,2026-08-08 18:48:47.515,plots\260808_BBY_W_AI\event_0338.png
339,260808_BBY_W_AI,annotation,,,2026-08-08 18:53:24.074,0.105,0.3,125.6,118.7,125.8,119.0,2026-08-08 18:53:14.074,2026-08-08 18:53:34.074,plots\260808_BBY_W_AI\event_0339.png
340,260808_BBY_W_AI,annotation,,,2026-08-08 18:55:17.050,1.469,197.7,1015.2,579.6,1179.7,469.9,2026-08-08 18:55:07.050,2026-08-08 18:55:27.050,plots\260808_BBY_W_AI\event_0340.png
341,260808_BBY_W_AI,annotation,,,2026-08-08 18:55:18.735,0.314,64.8,1080.8,519.9,1145.3,512.9,2026-08-08 18:55:08.735,2026-08-08 18:55:28.735,plots\260808_BBY_W_AI\event_0341.png
342,260808_BBY_W_AI,annotation,,,2026-08-08 18:56:28.874,3.656,172.1,1068.6,480.9,987.2,329.3,2026-08-08 18:56:18.874,2026-08-08 18:56:38.874,plots\260808_BBY_W_AI\event_0342.png
343,260808_BBY_W_AI,annotation,,,2026-08-08 18:56:32.759,1.072,80.1,1156.2,466.2,1223.6,509.6,2026-08-08 18:56:22.759,2026-08-08 18:56:42.759,plots\260808_BBY_W_AI\event_0343.png
344,260808_BBY_W_AI,annotation,,,2026-08-08 18:56:35.065,0.702,191.0,1094.8,538.7,907.6,576.8,2026-08-08 18:56:25.065,2026-08-08 18:56:45.065,plots\260808_BBY_W_AI\event_0344.png
345,260808_BBY_W_AI,annotation,,,2026-08-08 18:56:35.902,0.81,209.3,928.7,564.2,1052.0,395.1,2026-08-08 18:56:25.902,2026-08-08 18:56:45.902,plots\260808_BBY_W_AI\event_0345.png
346,260808_BBY_W_AI,annotation,,,2026-08-08 18:56:36.915,0.334,221.4,973.1,564.6,1121.3,400.1,2026-08-08 18:56:26.915,2026-08-08 18:56:46.915,plots\260808_BBY_W_AI\event_0346.png
347,260808_BBY_W_AI,annotation,,,2026-08-08 18:56:37.388,0.21,196.3,1082.5,468.9,957.3,620.1,2026-08-08 18:56:27.388,2026-08-08 18:56:47.388,plots\260808_BBY_W_AI\event_0347.png
348,260808_BBY_W_AI,annotation,,,2026-08-08 18:56:38.248,1.701,312.3,1002.4,580.2,761.2,778.6,2026-08-08 18:56:28.248,2026-08-08 18:56:48.248,plots\260808_BBY_W_AI\event_0348.png
349,260808_BBY_W_AI,annotation,,,2026-08-08 18:56:40.283,1.316,311.2,786.6,751.6,485.9,831.7,2026-08-08 18:56:30.283,2026-08-08 18:56:50.283,plots\260808_BBY_W_AI\event_0349.png
350,260808_BBY_W_AI,annotation,,,2026-08-08 18:56:41.799,0.399,443.6,1007.8,670.9,576.1,772.7,2026-08-08 18:56:31.799,2026-08-08 18:56:51.799,plots\260808_BBY_W_AI\event_0350.png
351,260808_BBY_W_AI,annotation,,,2026-08-08 18:56:42.407,0.375,437.2,1029.2,640.6,621.5,798.6,2026-08-08 18:56:32.407,2026-08-08 18:56:52.407,plots\260808_BBY_W_AI\event_0351.png
352,260808_BBY_W_AI,annotation,,,2026-08-08 18:56:42.992,0.39,411.2,994.1,629.3,615.1,789.0,2026-08-08 18:56:32.992,2026-08-08 18:56:52.992,plots\260808_BBY_W_AI\event_0352.png
353,260808_BBY_W_AI,annotation,,,2026-08-08 18:56:43.710,0.305,162.1,931.5,684.6,1087.1,638.8,2026-08-08 18:56:33.710,2026-08-08 18:56:53.710,plots\260808_BBY_W_AI\event_0353.png
354,260808_BBY_W_AI,annotation,,,2026-08-08 18:56:51.835,0.8,268.5,1045.9,496.8,1294.1,394.4,2026-08-08 18:56:41.835,2026-08-08 18:57:01.835,plots\260808_BBY_W_AI\event_0354.png
355,260808_BBY_W_AI,annotation,,,2026-08-08 18:56:52.848,0.259,699.0,944.4,585.0,1612.9,380.7,2026-08-08 18:56:42.848,2026-08-08 18:57:02.848,plots\260808_BBY_W_AI\event_0355.png
356,260808_BBY_W_AI,annotation,,,2026-08-08 18:56:53.431,0.179,569.2,1003.4,612.2,1552.6,463.0,2026-08-08 18:56:43.431,2026-08-08 18:57:03.431,plots\260808_BBY_W_AI\event_0356.png
357,260808_BBY_W_AI,annotation,,,2026-08-08 18:56:53.924,1.417,7.1,1193.6,556.1,1197.0,549.9,2026-08-08 18:56:43.924,2026-08-08 18:57:03.924,plots\260808_BBY_W_AI\event_0357.png
358,260808_BBY_W_AI,annotation,,,2026-08-08 18:58:47.706,0.924,102.1,1029.9,448.3,1036.9,346.5,2026-08-08 18:58:37.706,2026-08-08 18:58:57.706,plots\260808_BBY_W_AI\event_0358.png
359,260808_BBY_W_AI,annotation,,,2026-08-08 18:58:48.863,0.384,164.1,926.0,425.0,1089.0,406.0,2026-08-08 18:58:38.863,2026-08-08 18:58:58.863,plots\260808_BBY_W_AI\event_0359.png
360,260808_BBY_W_AI,annotation,,,2026-08-08 18:58:49.484,0.317,91.5,961.5,436.0,1050.7,415.7,2026-08-08 18:58:39.484,2026-08-08 18:58:59.484,plots\260808_BBY_W_AI\event_0360.png
361,260808_BBY_W_AI,annotation,,,2026-08-08 18:58:50.032,0.238,47.3,987.8,441.5,1034.4,433.5,2026-08-08 18:58:40.032,2026-08-08 18:59:00.032,plots\260808_BBY_W_AI\event_0361.png
362,260808_BBY_W_AI,annotation,,,2026-08-08 18:59:46.137,0.183,120.9,932.2,542.8,1045.2,500.0,2026-08-08 18:59:36.137,2026-08-08 18:59:56.137,plots\260808_BBY_W_AI\event_0362.png
363,260808_BBY_W_AI,annotation,,,2026-08-08 18:59:46.838,0.109,126.4,1071.1,505.6,1196.6,491.2,2026-08-08 18:59:36.838,2026-08-08 18:59:56.838,plots\260808_BBY_W_AI\event_0363.png
364,260808_BBY_W_AI,annotation,,,2026-08-08 18:59:47.194,0.178,99.4,1092.6,523.1,1191.7,514.4,2026-08-08 18:59:37.194,2026-08-08 18:59:57.194,plots\260808_BBY_W_AI\event_0364.png
365,260808_BBY_W_AI,annotation,,,2026-08-08 19:00:15.506,0.198,257.7,900.8,640.5,1141.6,548.9,2026-08-08 19:00:05.506,2026-08-08 19:00:25.506,plots\260808_BBY_W_AI\event_0365.png
366,260808_BBY_W_AI,annotation,,,2026-08-08 19:00:15.993,0.143,297.9,968.5,624.6,1265.0,595.8,2026-08-08 19:00:05.993,2026-08-08 19:00:25.993,plots\260808_BBY_W_AI\event_0366.png
367,260808_BBY_W_AI,annotation,,,2026-08-08 19:00:16.586,2.962,20.3,1153.7,614.8,1133.8,610.9,2026-08-08 19:00:06.586,2026-08-08 19:00:26.586,plots\260808_BBY_W_AI\event_0367.png
368,260808_BBY_W_AI,annotation,,,2026-08-08 19:01:15.519,0.292,69.0,1245.2,547.8,1181.8,574.8,2026-08-08 19:01:05.519,2026-08-08 19:01:25.519,plots\260808_BBY_W_AI\event_0368.png
369,260808_BBY_W_AI,annotation,,,2026-08-08 19:01:16.175,0.419,79.7,1191.8,565.3,1263.9,531.4,2026-08-08 19:01:06.175,2026-08-08 19:01:26.175,plots\260808_BBY_W_AI\event_0369.png
370,260808_BBY_W_AI,annotation,,,2026-08-08 19:01:16.862,0.166,260.2,1093.2,622.1,1347.5,567.0,2026-08-08 19:01:06.862,2026-08-08 19:01:26.862,plots\260808_BBY_W_AI\event_0370.png
371,260808_BBY_W_AI,annotation,,,2026-08-08 19:01:17.254,0.182,256.1,1109.3,615.9,1359.2,559.9,2026-08-08 19:01:07.254,2026-08-08 19:01:27.254,plots\260808_BBY_W_AI\event_0371.png
372,260808_BBY_W_AI,annotation,,,2026-08-08 19:01:17.727,0.243,136.6,1118.5,608.6,1253.3,586.5,2026-08-08 19:01:07.727,2026-08-08 19:01:27.727,plots\260808_BBY_W_AI\event_0372.png
373,260808_BBY_W_AI,annotation,,,2026-08-08 19:01:18.431,0.569,6.4,1154.0,603.7,1148.1,606.1,2026-08-08 19:01:08.431,2026-08-08 19:01:28.431,plots\260808_BBY_W_AI\event_0373.png
374,260808_BBY_W_AI,annotation,,,2026-08-08 19:03:24.024,0.374,164.7,1052.1,603.9,1206.0,545.5,2026-08-08 19:03:14.024,2026-08-08 19:03:34.024,plots\260808_BBY_W_AI\event_0374.png
375,260808_BBY_W_AI,annotation,,,2026-08-08 19:03:25.077,0.148,110.1,1055.6,608.4,1165.6,603.8,2026-08-08 19:03:15.077,2026-08-08 19:03:35.077,plots\260808_BBY_W_AI\event_0375.png
376,260808_BBY_W_AI,annotation,,,2026-08-08 19:03:25.480,0.254,29.7,1097.6,615.9,1126.9,610.8,2026-08-08 19:03:15.480,2026-08-08 19:03:35.480,plots\260808_BBY_W_AI\event_0376.png
377,260808_BBY_W_AI,annotation,,,2026-08-08 19:03:55.696,0.173,191.9,976.4,532.8,1166.7,508.5,2026-08-08 19:03:45.696,2026-08-08 19:04:05.696,plots\260808_BBY_W_AI\event_0377.png
378,260808_BBY_W_AI,annotation,,,2026-08-08 19:03:56.409,0.129,84.6,1167.0,519.9,1250.8,507.9,2026-08-08 19:03:46.409,2026-08-08 19:04:06.409,plots\260808_BBY_W_AI\event_0378.png
379,260808_BBY_W_AI,annotation,,,2026-08-08 19:03:56.802,0.155,63.1,1172.9,527.8,1235.8,522.7,2026-08-08 19:03:46.802,2026-08-08 19:04:06.802,plots\260808_BBY_W_AI\event_0379.png
380,260808_BBY_W_AI,annotation,,,2026-08-08 19:04:37.533,0.907,100.6,1140.5,582.5,1234.4,546.5,2026-08-08 19:04:27.533,2026-08-08 19:04:47.533,plots\260808_BBY_W_AI\event_0380.png
381,260808_BBY_W_AI,annotation,,,2026-08-08 19:04:38.687,0.187,223.5,1015.8,613.4,1237.6,585.8,2026-08-08 19:04:28.687,2026-08-08 19:04:48.687,plots\260808_BBY_W_AI\event_0381.png
382,260808_BBY_W_AI,annotation,,,2026-08-08 19:04:39.212,0.322,24.7,1107.1,601.2,1127.6,587.5,2026-08-08 19:04:29.212,2026-08-08 19:04:49.212,plots\260808_BBY_W_AI\event_0382.png
383,260808_BBY_W_AI,annotation,,,2026-08-08 19:04:39.745,0.291,69.1,1083.3,606.3,1152.4,606.2,2026-08-08 19:04:29.745,2026-08-08 19:04:49.745,plots\260808_BBY_W_AI\event_0383.png
384,260808_BBY_W_AI,annotation,,,2026-08-08 19:04:40.246,0.569,11.1,1134.5,606.2,1129.8,596.1,2026-08-08 19:04:30.246,2026-08-08 19:04:50.246,plots\260808_BBY_W_AI\event_0384.png
385,260808_BBY_W_AI,annotation,,,2026-08-08 19:06:41.735,1.27,22.5,959.7,511.3,976.6,526.1,2026-08-08 19:06:31.735,2026-08-08 19:06:51.735,plots\260808_BBY_W_AI\event_0385.png
386,260808_BBY_W_AI,annotation,,,2026-08-08 19:07:07.103,0.6,63.4,1266.0,517.3,1316.5,479.1,2026-08-08 19:06:57.103,2026-08-08 19:07:17.103,plots\260808_BBY_W_AI\event_0386.png
387,260808_BBY_W_AI,annotation,,,2026-08-08 19:07:08.020,0.17,160.4,1142.4,576.1,1301.6,557.3,2026-08-08 19:06:58.020,2026-08-08 19:07:18.020,plots\260808_BBY_W_AI\event_0387.png
388,260808_BBY_W_AI,annotation,,,2026-08-08 19:07:08.507,0.201,127.8,1171.3,577.9,1295.7,548.4,2026-08-08 19:06:58.507,2026-08-08 19:07:18.507,plots\260808_BBY_W_AI\event_0388.png
389,260808_BBY_W_AI,annotation,,,2026-08-08 19:07:09.077,0.111,24.5,1212.8,563.5,1236.9,559.1,2026-08-08 19:06:59.077,2026-08-08 19:07:19.077,plots\260808_BBY_W_AI\event_0389.png
390,260808_BBY_W_AI,annotation,,,2026-08-08 19:07:51.300,0.143,136.9,1224.4,570.2,1360.2,552.9,2026-08-08 19:07:41.300,2026-08-08 19:08:01.300,plots\260808_BBY_W_AI\event_0390.png
391,260808_BBY_W_AI,annotation,,,2026-08-08 19:07:51.711,0.196,184.9,1152.0,607.3,1333.9,573.5,2026-08-08 19:07:41.711,2026-08-08 19:08:01.711,plots\260808_BBY_W_AI\event_0391.png
392,260808_BBY_W_AI,annotation,,,2026-08-08 19:07:52.177,0.142,48.2,1196.0,618.9,1243.7,611.4,2026-08-08 19:07:42.177,2026-08-08 19:08:02.177,plots\260808_BBY_W_AI\event_0392.png
393,260808_BBY_W_AI,annotation,,,2026-08-08 19:08:58.236,0.157,135.3,1088.8,585.6,1224.0,580.0,2026-08-08 19:08:48.236,2026-08-08 19:09:08.236,plots\260808_BBY_W_AI\event_0393.png
394,260808_BBY_W_AI,annotation,,,2026-08-08 19:08:58.641,0.135,128.0,1108.3,625.1,1234.1,601.9,2026-08-08 19:08:48.641,2026-08-08 19:09:08.641,plots\260808_BBY_W_AI\event_0394.png
395,260808_BBY_W_AI,annotation,,,2026-08-08 19:08:59.070,0.148,47.9,1143.0,620.0,1190.8,617.9,2026-08-08 19:08:49.070,2026-08-08 19:09:09.070,plots\260808_BBY_W_AI\event_0395.png
396,260808_BBY_W_AI,annotation,,,2026-08-08 19:08:59.892,0.795,13.4,1189.0,618.2,1186.4,605.0,2026-08-08 19:08:49.892,2026-08-08 19:09:09.892,plots\260808_BBY_W_AI\event_0396.png
397,260808_BBY_W_AI,annotation,,,2026-08-08 19:11:06.724,0.548,118.6,1172.7,579.3,1275.2,519.6,2026-08-08 19:10:56.724,2026-08-08 19:11:16.724,plots\260808_BBY_W_AI\event_0397.png
398,260808_BBY_W_AI,annotation,,,2026-08-08 19:11:07.521,0.164,253.7,1062.9,607.5,1312.7,563.2,2026-08-08 19:10:57.521,2026-08-08 19:11:17.521,plots\260808_BBY_W_AI\event_0398.png
399,260808_BBY_W_AI,annotation,,,2026-08-08 19:11:07.933,0.135,60.5,1148.2,588.8,1207.4,576.4,2026-08-08 19:10:57.933,2026-08-08 19:11:17.933,plots\260808_BBY_W_AI\event_0399.png
400,260808_BBY_W_AI,annotation,,,2026-08-08 19:11:41.247,0.645,76.6,1104.9,511.4,1175.5,481.8,2026-08-08 19:11:31.247,2026-08-08 19:11:51.247,plots\260808_BBY_W_AI\event_0400.png
401,260808_BBY_W_AI,annotation,,,2026-08-08 19:11:42.132,0.24,171.7,1008.3,546.8,1177.3,516.8,2026-08-08 19:11:32.132,2026-08-08 19:11:52.132,plots\260808_BBY_W_AI\event_0401.png
402,260808_BBY_W_AI,annotation,,,2026-08-08 19:11:42.589,0.143,58.3,1078.3,535.9,1136.1,527.8,2026-08-08 19:11:32.589,2026-08-08 19:11:52.589,plots\260808_BBY_W_AI\event_0402.png
403,260808_BBY_W_AI,annotation,,,2026-08-08 19:13:14.689,0.264,125.2,1124.3,581.7,1013.5,640.0,2026-08-08 19:13:04.689,2026-08-08 19:13:24.689,plots\260808_BBY_W_AI\event_0403.png
404,260808_BBY_W_AI,annotation,,,2026-08-08 19:13:15.183,0.405,101.0,1080.5,616.6,1161.7,556.5,2026-08-08 19:13:05.183,2026-08-08 19:13:25.183,plots\260808_BBY_W_AI\event_0404.png
405,260808_BBY_W_AI,annotation,,,2026-08-08 19:13:16.197,0.585,122.4,1053.1,555.5,1167.3,511.5,2026-08-08 19:13:06.197,2026-08-08 19:13:26.197,plots\260808_BBY_W_AI\event_0405.png
406,260808_BBY_W_AI,annotation,,,2026-08-08 19:13:17.054,0.193,234.0,1003.8,628.5,1224.7,551.3,2026-08-08 19:13:07.054,2026-08-08 19:13:27.054,plots\260808_BBY_W_AI\event_0406.png
407,260808_BBY_W_AI,annotation,,,2026-08-08 19:13:17.880,0.234,283.6,1102.5,716.8,1341.3,563.8,2026-08-08 19:13:07.880,2026-08-08 19:13:27.880,plots\260808_BBY_W_AI\event_0407.png
408,260808_BBY_W_AI,annotation,,,2026-08-08 19:13:18.380,0.21,266.9,1055.4,709.0,1300.9,604.6,2026-08-08 19:13:08.380,2026-08-08 19:13:28.380,plots\260808_BBY_W_AI\event_0408.png
409,260808_BBY_W_AI,annotation,,,2026-08-08 19:13:18.837,0.164,176.9,1088.5,685.7,1262.3,652.7,2026-08-08 19:13:08.837,2026-08-08 19:13:28.837,plots\260808_BBY_W_AI\event_0409.png
410,260808_BBY_W_AI,annotation,,,2026-08-08 19:13:19.340,0.763,10.6,1146.2,681.3,1155.5,676.3,2026-08-08 19:13:09.340,2026-08-08 19:13:29.340,plots\260808_BBY_W_AI\event_0410.png
411,260808_BBY_W_AI,annotation,,,2026-08-08 19:13:47.688,0.548,56.1,1093.8,521.0,1141.5,491.4,2026-08-08 19:13:37.688,2026-08-08 19:13:57.688,plots\260808_BBY_W_AI\event_0411.png
412,260808_BBY_W_AI,annotation,,,2026-08-08 19:13:48.484,0.217,179.7,936.4,566.7,1112.3,529.7,2026-08-08 19:13:38.484,2026-08-08 19:13:58.484,plots\260808_BBY_W_AI\event_0412.png
413,260808_BBY_W_AI,annotation,,,2026-08-08 19:13:48.971,0.314,50.3,1027.1,548.7,1076.2,538.2,2026-08-08 19:13:38.971,2026-08-08 19:13:58.971,plots\260808_BBY_W_AI\event_0413.png
414,260808_BBY_W_AI,annotation,,,2026-08-08 19:13:49.547,0.233,11.1,1040.1,558.8,1051.1,556.5,2026-08-08 19:13:39.547,2026-08-08 19:13:59.547,plots\260808_BBY_W_AI\event_0414.png
415,260808_BBY_W_AI,annotation,,,2026-08-08 19:15:35.325,0.47,90.6,1027.4,528.6,1115.3,506.8,2026-08-08 19:15:25.325,2026-08-08 19:15:45.325,plots\260808_BBY_W_AI\event_0415.png
416,260808_BBY_W_AI,annotation,,,2026-08-08 19:15:36.057,0.15,136.2,968.4,550.9,1103.5,533.8,2026-08-08 19:15:26.057,2026-08-08 19:15:46.057,plots\260808_BBY_W_AI\event_0416.png
417,260808_BBY_W_AI,annotation,,,2026-08-08 19:15:36.474,0.161,109.2,1018.1,552.8,1126.2,537.7,2026-08-08 19:15:26.474,2026-08-08 19:15:46.474,plots\260808_BBY_W_AI\event_0417.png
418,260808_BBY_W_AI,annotation,,,2026-08-08 19:15:36.898,0.839,22.2,1042.8,560.6,1062.4,550.0,2026-08-08 19:15:26.898,2026-08-08 19:15:46.898,plots\260808_BBY_W_AI\event_0418.png
419,260808_BBY_W_AI,annotation,,,2026-08-08 19:16:46.191,0.547,28.9,1109.3,509.5,1132.0,491.5,2026-08-08 19:16:36.191,2026-08-08 19:16:56.191,plots\260808_BBY_W_AI\event_0419.png
420,260808_BBY_W_AI,annotation,,,2026-08-08 19:16:46.972,0.179,97.4,1035.2,547.8,1131.0,529.6,2026-08-08 19:16:36.972,2026-08-08 19:16:56.972,plots\260808_BBY_W_AI\event_0420.png
421,260808_BBY_W_AI,annotation,,,2026-08-08 19:16:47.398,0.164,100.3,1055.9,551.0,1155.5,538.9,2026-08-08 19:16:37.398,2026-08-08 19:16:57.398,plots\260808_BBY_W_AI\event_0421.png
422,260808_BBY_W_AI,annotation,,,2026-08-08 19:16:47.796,0.162,17.5,1092.3,547.5,1109.3,543.5,2026-08-08 19:16:37.796,2026-08-08 19:16:57.796,plots\260808_BBY_W_AI\event_0422.png
423,260808_BBY_W_AI,annotation,,,2026-08-08 19:18:00.409,0.502,41.0,1135.7,564.5,1173.6,548.8,2026-08-08 19:17:50.409,2026-08-08 19:18:10.409,plots\260808_BBY_W_AI\event_0423.png
424,260808_BBY_W_AI,annotation,,,2026-08-08 19:18:01.138,0.179,156.2,1032.6,599.8,1187.7,581.2,2026-08-08 19:17:51.138,2026-08-08 19:18:11.138,plots\260808_BBY_W_AI\event_0424.png
425,260808_BBY_W_AI,annotation,,,2026-08-08 19:18:01.821,0.17,76.8,1185.6,583.7,1256.2,553.4,2026-08-08 19:17:51.821,2026-08-08 19:18:11.821,plots\260808_BBY_W_AI\event_0425.png
426,260808_BBY_W_AI,annotation,,,2026-08-08 19:18:02.263,0.17,53.6,1134.1,589.9,1187.6,587.3,2026-08-08 19:17:52.263,2026-08-08 19:18:12.263,plots\260808_BBY_W_AI\event_0426.png
427,260808_BBY_W_AI,annotation,,,2026-08-08 19:18:02.980,0.361,4.1,1175.4,577.5,1174.2,573.6,2026-08-08 19:17:52.980,2026-08-08 19:18:12.980,plots\260808_BBY_W_AI\event_0427.png
428,260808_BBY_W_AI,annotation,,,2026-08-08 19:18:41.442,0.128,188.9,744.3,560.2,932.7,545.1,2026-08-08 19:18:31.442,2026-08-08 19:18:51.442,plots\260808_BBY_W_AI\event_0428.png
429,260808_BBY_W_AI,annotation,,,2026-08-08 19:18:42.053,0.1,126.1,952.8,550.1,1076.0,523.2,2026-08-08 19:18:32.053,2026-08-08 19:18:52.053,plots\260808_BBY_W_AI\event_0429.png
430,260808_BBY_W_AI,annotation,,,2026-08-08 19:18:42.422,0.148,35.5,972.7,539.9,1008.0,536.3,2026-08-08 19:18:32.422,2026-08-08 19:18:52.422,plots\260808_BBY_W_AI\event_0430.png
431,260808_BBY_W_AI,annotation,,,2026-08-08 19:21:52.245,0.118,0.5,725.6,387.2,726.1,387.0,2026-08-08 19:21:42.245,2026-08-08 19:22:02.245,plots\260808_BBY_W_AI\event_0431.png
1,260808_WYX_W_AI,annotation,,,2026-08-08 13:55:20.630,0.113,0.5,41.7,49.6,41.3,49.6,2026-08-08 13:55:10.630,2026-08-08 13:55:30.630,plots\260808_WYX_W_AI\event_0001.png
2,260808_WYX_W_AI,annotation,,,2026-08-08 13:55:29.875,0.106,0.5,386.9,1048.0,387.4,1048.2,2026-08-08 13:55:19.875,2026-08-08 13:55:39.875,plots\260808_WYX_W_AI\event_0002.png
3,260808_WYX_W_AI,annotation,,,2026-08-08 14:01:11.169,0.111,0.5,33.1,59.6,32.6,59.6,2026-08-08 14:01:01.169,2026-08-08 14:01:21.169,plots\260808_WYX_W_AI\event_0003.png
4,260808_WYX_W_AI,annotation,,,2026-08-08 14:01:12.914,0.105,1.6,342.2,293.6,343.8,293.6,2026-08-08 14:01:02.914,2026-08-08 14:01:22.914,plots\260808_WYX_W_AI\event_0004.png
5,260808_WYX_W_AI,annotation,,,2026-08-08 14:01:15.497,0.116,0.6,87.8,208.6,88.3,209.1,2026-08-08 14:01:05.497,2026-08-08 14:01:25.497,plots\260808_WYX_W_AI\event_0005.png
6,260808_WYX_W_AI,annotation,,,2026-08-08 14:01:19.958,0.103,1.0,403.2,166.0,402.5,166.7,2026-08-08 14:01:09.958,2026-08-08 14:01:29.958,plots\260808_WYX_W_AI\event_0006.png
7,260808_WYX_W_AI,annotation,,,2026-08-08 14:01:21.734,0.148,0.2,406.5,163.9,406.5,163.7,2026-08-08 14:01:11.734,2026-08-08 14:01:31.734,plots\260808_WYX_W_AI\event_0007.png
8,260808_WYX_W_AI,annotation,,,2026-08-08 14:01:38.054,0.104,0.2,831.1,834.5,831.3,834.5,2026-08-08 14:01:28.054,2026-08-08 14:01:48.054,plots\260808_WYX_W_AI\event_0008.png
9,260808_WYX_W_AI,annotation,,,2026-08-08 14:01:42.197,0.181,0.2,855.1,777.7,854.9,777.7,2026-08-08 14:01:32.197,2026-08-08 14:01:52.197,plots\260808_WYX_W_AI\event_0009.png
10,260808_WYX_W_AI,annotation,,,2026-08-08 14:01:51.188,0.105,0.9,892.7,857.8,892.7,858.7,2026-08-08 14:01:41.188,2026-08-08 14:02:01.188,plots\260808_WYX_W_AI\event_0010.png
11,260808_WYX_W_AI,annotation,,,2026-08-08 14:01:56.356,0.12,1.1,906.7,866.2,906.7,867.3,2026-08-08 14:01:46.356,2026-08-08 14:02:06.356,plots\260808_WYX_W_AI\event_0011.png
12,260808_WYX_W_AI,annotation,,,2026-08-08 14:02:33.241,0.142,0.3,1165.6,637.6,1165.8,637.4,2026-08-08 14:02:23.241,2026-08-08 14:02:43.241,plots\260808_WYX_W_AI\event_0012.png
13,260808_WYX_W_AI,annotation,,,2026-08-08 14:04:03.969,1.071,16.7,675.0,687.3,664.1,699.9,2026-08-08 14:03:53.969,2026-08-08 14:04:13.969,plots\260808_WYX_W_AI\event_0013.png
14,260808_WYX_W_AI,annotation,,,2026-08-08 14:04:05.624,1.322,42.0,652.3,680.8,693.5,672.6,2026-08-08 14:03:55.624,2026-08-08 14:04:15.624,plots\260808_WYX_W_AI\event_0014.png
15,260808_WYX_W_AI,annotation,,,2026-08-08 14:04:09.623,0.128,2.1,750.3,683.3,749.4,681.5,2026-08-08 14:03:59.623,2026-08-08 14:04:19.623,plots\260808_WYX_W_AI\event_0015.png
16,260808_WYX_W_AI,annotation,,,2026-08-08 14:04:09.872,1.474,121.4,741.9,668.6,708.2,785.2,2026-08-08 14:03:59.872,2026-08-08 14:04:19.872,plots\260808_WYX_W_AI\event_0016.png
17,260808_WYX_W_AI,annotation,,,2026-08-08 14:04:12.316,1.906,23.7,678.0,690.6,663.7,709.4,2026-08-08 14:04:02.316,2026-08-08 14:04:22.316,plots\260808_WYX_W_AI\event_0017.png
18,260808_WYX_W_AI,annotation,,,2026-08-08 14:04:34.854,0.106,0.8,893.8,822.6,893.4,821.8,2026-08-08 14:04:24.854,2026-08-08 14:04:44.854,plots\260808_WYX_W_AI\event_0018.png
19,260808_WYX_W_AI,annotation,,,2026-08-08 14:05:03.482,1.606,40.9,649.4,667.5,678.8,696.0,2026-08-08 14:04:53.482,2026-08-08 14:05:13.482,plots\260808_WYX_W_AI\event_0019.png
20,260808_WYX_W_AI,annotation,,,2026-08-08 14:05:05.929,0.125,0.2,690.5,609.3,690.5,609.5,2026-08-08 14:04:55.929,2026-08-08 14:05:15.929,plots\260808_WYX_W_AI\event_0020.png
21,260808_WYX_W_AI,annotation,,,2026-08-08 14:06:20.395,0.104,0.5,823.3,536.7,823.5,537.1,2026-08-08 14:06:10.395,2026-08-08 14:06:30.395,plots\260808_WYX_W_AI\event_0021.png
22,260808_WYX_W_AI,annotation,,,2026-08-08 14:06:53.199,0.105,0.2,955.3,765.1,955.3,765.3,2026-08-08 14:06:43.199,2026-08-08 14:07:03.199,plots\260808_WYX_W_AI\event_0022.png
23,260808_WYX_W_AI,annotation,,,2026-08-08 14:07:26.343,0.104,0.7,1341.1,623.4,1340.4,623.6,2026-08-08 14:07:16.343,2026-08-08 14:07:36.343,plots\260808_WYX_W_AI\event_0023.png
24,260808_WYX_W_AI,annotation,,,2026-08-08 14:07:36.111,0.274,16.1,960.2,322.5,946.9,313.4,2026-08-08 14:07:26.111,2026-08-08 14:07:46.111,plots\260808_WYX_W_AI\event_0024.png
25,260808_WYX_W_AI,annotation,,,2026-08-08 14:07:37.960,0.161,0.2,125.4,127.5,125.4,127.3,2026-08-08 14:07:27.960,2026-08-08 14:07:47.960,plots\260808_WYX_W_AI\event_0025.png
26,260808_WYX_W_AI,annotation,,,2026-08-08 14:09:20.443,1.35,31.3,856.2,524.2,880.4,544.1,2026-08-08 14:09:10.443,2026-08-08 14:09:30.443,plots\260808_WYX_W_AI\event_0026.png
27,260808_WYX_W_AI,annotation,,,2026-08-08 14:09:22.662,0.639,18.0,882.0,522.7,869.4,535.5,2026-08-08 14:09:12.662,2026-08-08 14:09:32.662,plots\260808_WYX_W_AI\event_0027.png
28,260808_WYX_W_AI,annotation,,,2026-08-08 14:09:23.826,0.449,34.8,856.6,520.1,883.6,542.0,2026-08-08 14:09:13.826,2026-08-08 14:09:33.826,plots\260808_WYX_W_AI\event_0028.png
29,260808_WYX_W_AI,annotation,,,2026-08-08 14:09:25.747,1.288,41.1,883.7,514.7,857.1,546.0,2026-08-08 14:09:15.747,2026-08-08 14:09:35.747,plots\260808_WYX_W_AI\event_0029.png
30,260808_WYX_W_AI,annotation,,,2026-08-08 14:09:34.941,0.103,0.5,972.3,563.1,972.5,562.6,2026-08-08 14:09:24.941,2026-08-08 14:09:44.941,plots\260808_WYX_W_AI\event_0030.png
31,260808_WYX_W_AI,annotation,,,2026-08-08 14:10:02.803,0.122,1.6,858.4,732.4,858.4,734.0,2026-08-08 14:09:52.803,2026-08-08 14:10:12.803,plots\260808_WYX_W_AI\event_0031.png
32,260808_WYX_W_AI,annotation,,,2026-08-08 14:10:36.133,0.12,0.2,918.3,709.4,918.3,709.7,2026-08-08 14:10:26.133,2026-08-08 14:10:46.133,plots\260808_WYX_W_AI\event_0032.png
33,260808_WYX_W_AI,annotation,,,2026-08-08 14:12:38.242,0.128,0.7,984.8,68.2,984.4,67.7,2026-08-08 14:12:28.242,2026-08-08 14:12:48.242,plots\260808_WYX_W_AI\event_0033.png
34,260808_WYX_W_AI,annotation,,,2026-08-08 14:12:59.432,0.987,15.6,753.0,591.6,767.0,598.4,2026-08-08 14:12:49.432,2026-08-08 14:13:09.432,plots\260808_WYX_W_AI\event_0034.png
35,260808_WYX_W_AI,annotation,,,2026-08-08 14:13:00.683,0.344,20.1,753.4,587.3,742.8,570.2,2026-08-08 14:12:50.683,2026-08-08 14:13:10.683,plots\260808_WYX_W_AI\event_0035.png
36,260808_WYX_W_AI,annotation,,,2026-08-08 14:13:01.656,1.638,34.7,752.0,583.8,772.5,611.7,2026-08-08 14:12:51.656,2026-08-08 14:13:11.656,plots\260808_WYX_W_AI\event_0036.png
37,260808_WYX_W_AI,annotation,,,2026-08-08 14:13:03.869,1.016,23.9,774.9,612.2,793.1,627.7,2026-08-08 14:12:53.869,2026-08-08 14:13:13.869,plots\260808_WYX_W_AI\event_0037.png
38,260808_WYX_W_AI,annotation,,,2026-08-08 14:14:11.379,1.117,1.5,879.4,589.5,877.9,589.5,2026-08-08 14:14:01.379,2026-08-08 14:14:21.379,plots\260808_WYX_W_AI\event_0038.png
39,260808_WYX_W_AI,annotation,,,2026-08-08 14:14:13.005,1.465,61.7,879.5,590.5,939.9,603.4,2026-08-08 14:14:03.005,2026-08-08 14:14:23.005,plots\260808_WYX_W_AI\event_0039.png
40,260808_WYX_W_AI,annotation,,,2026-08-08 14:14:15.028,0.672,2.1,931.0,605.4,933.0,604.6,2026-08-08 14:14:05.028,2026-08-08 14:14:25.028,plots\260808_WYX_W_AI\event_0040.png
41,260808_WYX_W_AI,annotation,,,2026-08-08 14:14:16.069,1.505,71.5,927.8,604.6,874.8,652.6,2026-08-08 14:14:06.069,2026-08-08 14:14:26.069,plots\260808_WYX_W_AI\event_0041.png
42,260808_WYX_W_AI,annotation,,,2026-08-08 14:16:48.021,1.392,26.5,863.1,606.9,879.4,627.8,2026-08-08 14:16:38.021,2026-08-08 14:16:58.021,plots\260808_WYX_W_AI\event_0042.png
43,260808_WYX_W_AI,annotation,,,2026-08-08 14:18:25.330,0.105,0.2,123.3,123.7,123.5,123.7,2026-08-08 14:18:15.330,2026-08-08 14:18:35.330,plots\260808_WYX_W_AI\event_0043.png
44,260808_WYX_W_AI,annotation,,,2026-08-08 14:21:36.847,1.573,27.3,994.5,601.2,974.0,583.1,2026-08-08 14:21:26.847,2026-08-08 14:21:46.847,plots\260808_WYX_W_AI\event_0044.png
45,260808_WYX_W_AI,annotation,,,2026-08-08 14:21:47.018,3.5,35.3,930.9,521.5,965.3,529.5,2026-08-08 14:21:37.018,2026-08-08 14:21:57.018,plots\260808_WYX_W_AI\event_0045.png
46,260808_WYX_W_AI,annotation,,,2026-08-08 14:21:50.923,0.813,6.2,969.1,532.4,969.1,526.2,2026-08-08 14:21:40.923,2026-08-08 14:22:00.923,plots\260808_WYX_W_AI\event_0046.png
47,260808_WYX_W_AI,annotation,,,2026-08-08 14:22:00.455,0.121,2.5,358.7,470.6,360.7,471.9,2026-08-08 14:21:50.455,2026-08-08 14:22:10.455,plots\260808_WYX_W_AI\event_0047.png
48,260808_WYX_W_AI,annotation,,,2026-08-08 14:23:41.025,0.12,0.2,122.9,123.2,123.1,123.2,2026-08-08 14:23:31.025,2026-08-08 14:23:51.025,plots\260808_WYX_W_AI\event_0048.png
49,260808_WYX_W_AI,annotation,,,2026-08-08 14:26:19.741,0.115,0.2,270.3,528.1,270.1,528.1,2026-08-08 14:26:09.741,2026-08-08 14:26:29.741,plots\260808_WYX_W_AI\event_0049.png
50,260808_WYX_W_AI,annotation,,,2026-08-08 14:28:11.553,0.11,0.6,1258.9,668.0,1259.4,667.6,2026-08-08 14:28:01.553,2026-08-08 14:28:21.553,plots\260808_WYX_W_AI\event_0050.png
51,260808_WYX_W_AI,annotation,,,2026-08-08 14:40:49.756,0.77,30.5,813.6,430.1,840.5,444.5,2026-08-08 14:40:39.756,2026-08-08 14:40:59.756,plots\260808_WYX_W_AI\event_0051.png
52,260808_WYX_W_AI,annotation,,,2026-08-08 14:40:51.801,0.685,34.1,820.1,422.3,835.3,452.9,2026-08-08 14:40:41.801,2026-08-08 14:41:01.801,plots\260808_WYX_W_AI\event_0052.png
53,260808_WYX_W_AI,annotation,,,2026-08-08 14:40:54.357,0.624,26.7,809.5,428.0,831.6,443.1,2026-08-08 14:40:44.357,2026-08-08 14:41:04.357,plots\260808_WYX_W_AI\event_0053.png
54,260808_WYX_W_AI,annotation,,,2026-08-08 14:40:55.446,0.555,15.5,835.6,445.2,841.0,459.8,2026-08-08 14:40:45.446,2026-08-08 14:41:05.446,plots\260808_WYX_W_AI\event_0054.png
55,260808_WYX_W_AI,annotation,,,2026-08-08 14:40:56.571,1.379,10.4,830.7,444.3,824.4,436.0,2026-08-08 14:40:46.571,2026-08-08 14:41:06.571,plots\260808_WYX_W_AI\event_0055.png
56,260808_WYX_W_AI,annotation,,,2026-08-08 14:40:58.290,0.838,11.4,832.2,448.0,841.5,454.6,2026-08-08 14:40:48.290,2026-08-08 14:41:08.290,plots\260808_WYX_W_AI\event_0056.png
57,260808_WYX_W_AI,annotation,,,2026-08-08 14:41:36.479,1.067,72.5,736.2,429.2,785.1,482.8,2026-08-08 14:41:26.479,2026-08-08 14:41:46.479,plots\260808_WYX_W_AI\event_0057.png
58,260808_WYX_W_AI,annotation,,,2026-08-08 14:42:22.357,2.108,93.7,1114.0,417.7,1020.8,427.3,2026-08-08 14:42:12.357,2026-08-08 14:42:32.357,plots\260808_WYX_W_AI\event_0058.png
59,260808_WYX_W_AI,annotation,,,2026-08-08 14:42:35.969,1.832,39.7,887.3,381.0,897.0,342.6,2026-08-08 14:42:25.969,2026-08-08 14:42:45.969,plots\260808_WYX_W_AI\event_0059.png
60,260808_WYX_W_AI,annotation,,,2026-08-08 14:42:40.312,1.087,75.7,910.6,363.9,986.1,359.0,2026-08-08 14:42:30.312,2026-08-08 14:42:50.312,plots\260808_WYX_W_AI\event_0060.png
61,260808_WYX_W_AI,annotation,,,2026-08-08 14:44:09.172,0.114,0.2,254.0,201.2,254.2,201.2,2026-08-08 14:43:59.172,2026-08-08 14:44:19.172,plots\260808_WYX_W_AI\event_0061.png
62,260808_WYX_W_AI,annotation,,,2026-08-08 14:44:37.364,0.114,0.7,909.8,61.8,909.3,61.3,2026-08-08 14:44:27.364,2026-08-08 14:44:47.364,plots\260808_WYX_W_AI\event_0062.png
63,260808_WYX_W_AI,annotation,,,2026-08-08 14:46:19.735,0.117,1.0,126.1,127.7,125.1,127.4,2026-08-08 14:46:09.735,2026-08-08 14:46:29.735,plots\260808_WYX_W_AI\event_0063.png
64,260808_WYX_W_AI,annotation,,,2026-08-08 14:46:40.336,0.118,0.3,1041.2,762.6,1041.0,762.8,2026-08-08 14:46:30.336,2026-08-08 14:46:50.336,plots\260808_WYX_W_AI\event_0064.png
65,260808_WYX_W_AI,annotation,,,2026-08-08 14:52:36.393,0.112,0.2,121.0,121.8,121.2,121.8,2026-08-08 14:52:26.393,2026-08-08 14:52:46.393,plots\260808_WYX_W_AI\event_0065.png
66,260808_WYX_W_AI,annotation,,,2026-08-08 14:54:40.071,0.652,64.2,1287.6,314.3,1294.8,250.5,2026-08-08 14:54:30.071,2026-08-08 14:54:50.071,plots\260808_WYX_W_AI\event_0066.png
67,260808_WYX_W_AI,annotation,,,2026-08-08 14:56:11.962,0.112,0.8,983.6,77.6,984.3,77.1,2026-08-08 14:56:01.962,2026-08-08 14:56:21.962,plots\260808_WYX_W_AI\event_0067.png
68,260808_WYX_W_AI,annotation,,,2026-08-08 14:56:18.367,0.103,0.5,124.7,126.1,124.3,126.3,2026-08-08 14:56:08.367,2026-08-08 14:56:28.367,plots\260808_WYX_W_AI\event_0068.png
69,260808_WYX_W_AI,annotation,,,2026-08-08 14:56:57.353,0.11,0.6,872.7,491.8,873.1,491.4,2026-08-08 14:56:47.353,2026-08-08 14:57:07.353,plots\260808_WYX_W_AI\event_0069.png
70,260808_WYX_W_AI,annotation,,,2026-08-08 14:58:07.385,0.104,0.2,988.2,60.6,988.2,60.4,2026-08-08 14:57:57.385,2026-08-08 14:58:17.385,plots\260808_WYX_W_AI\event_0070.png
71,260808_WYX_W_AI,annotation,,,2026-08-08 14:58:08.946,0.109,1.6,873.3,476.5,874.8,476.6,2026-08-08 14:57:58.946,2026-08-08 14:58:18.946,plots\260808_WYX_W_AI\event_0071.png
72,260808_WYX_W_AI,annotation,,,2026-08-08 15:00:15.903,0.134,0.7,123.4,116.3,123.4,117.0,2026-08-08 15:00:05.903,2026-08-08 15:00:25.903,plots\260808_WYX_W_AI\event_0072.png
73,260808_WYX_W_AI,annotation,,,2026-08-08 15:00:34.961,0.104,0.9,1108.2,690.9,1108.4,691.8,2026-08-08 15:00:24.961,2026-08-08 15:00:44.961,plots\260808_WYX_W_AI\event_0073.png
74,260808_WYX_W_AI,annotation,,,2026-08-08 15:00:58.753,0.105,0.2,904.2,64.7,904.2,64.5,2026-08-08 15:00:48.753,2026-08-08 15:01:08.753,plots\260808_WYX_W_AI\event_0074.png
75,260808_WYX_W_AI,annotation,,,2026-08-08 15:01:29.698,0.109,0.3,127.9,128.4,127.7,128.2,2026-08-08 15:01:19.698,2026-08-08 15:01:39.698,plots\260808_WYX_W_AI\event_0075.png
76,260808_WYX_W_AI,annotation,,,2026-08-08 15:01:30.873,0.103,0.2,284.2,411.9,284.4,411.9,2026-08-08 15:01:20.873,2026-08-08 15:01:40.873,plots\260808_WYX_W_AI\event_0076.png
77,260808_WYX_W_AI,annotation,,,2026-08-08 15:02:10.248,0.773,5.2,1336.2,539.0,1335.7,533.9,2026-08-08 15:02:00.248,2026-08-08 15:02:20.248,plots\260808_WYX_W_AI\event_0077.png
78,260808_WYX_W_AI,annotation,,,2026-08-08 15:02:14.870,0.838,80.5,1247.9,559.3,1301.9,619.1,2026-08-08 15:02:04.870,2026-08-08 15:02:24.870,plots\260808_WYX_W_AI\event_0078.png
79,260808_WYX_W_AI,annotation,,,2026-08-08 15:02:48.379,0.103,0.2,978.8,57.0,979.1,57.0,2026-08-08 15:02:38.379,2026-08-08 15:02:58.379,plots\260808_WYX_W_AI\event_0079.png
80,260808_WYX_W_AI,annotation,,,2026-08-08 15:04:09.453,0.112,0.6,122.0,121.8,122.5,122.2,2026-08-08 15:03:59.453,2026-08-08 15:04:19.453,plots\260808_WYX_W_AI\event_0080.png
81,260808_WYX_W_AI,annotation,,,2026-08-08 15:06:35.582,1.982,92.0,1086.0,635.8,1134.1,714.2,2026-08-08 15:06:25.582,2026-08-08 15:06:45.582,plots\260808_WYX_W_AI\event_0081.png
82,260808_WYX_W_AI,annotation,,,2026-08-08 15:07:48.843,0.104,1.5,976.3,71.9,976.8,70.5,2026-08-08 15:07:38.843,2026-08-08 15:07:58.843,plots\260808_WYX_W_AI\event_0082.png
83,260808_WYX_W_AI,annotation,,,2026-08-08 15:08:47.058,0.113,0.2,901.7,333.7,901.9,333.7,2026-08-08 15:08:37.058,2026-08-08 15:08:57.058,plots\260808_WYX_W_AI\event_0083.png
84,260808_WYX_W_AI,annotation,,,2026-08-08 15:10:53.563,0.1,1.2,885.0,489.6,884.1,488.9,2026-08-08 15:10:43.563,2026-08-08 15:11:03.563,plots\260808_WYX_W_AI\event_0084.png
85,260808_WYX_W_AI,annotation,,,2026-08-08 15:12:32.614,0.113,0.2,261.8,206.3,261.8,206.5,2026-08-08 15:12:22.614,2026-08-08 15:12:42.614,plots\260808_WYX_W_AI\event_0085.png
86,260808_WYX_W_AI,annotation,,,2026-08-08 15:17:51.122,0.124,0.2,461.1,179.4,461.1,179.2,2026-08-08 15:17:41.122,2026-08-08 15:18:01.122,plots\260808_WYX_W_AI\event_0086.png
87,260808_WYX_W_AI,annotation,,,2026-08-08 15:25:19.260,0.124,0.2,1176.1,1053.9,1175.8,1053.9,2026-08-08 15:25:09.260,2026-08-08 15:25:29.260,plots\260808_WYX_W_AI\event_0087.png
88,260808_WYX_W_AI,annotation,,,2026-08-08 15:26:25.218,1.53,63.3,975.3,478.2,1032.1,450.3,2026-08-08 15:26:15.218,2026-08-08 15:26:35.218,plots\260808_WYX_W_AI\event_0088.png
89,260808_WYX_W_AI,annotation,,,2026-08-08 15:26:28.952,0.372,523.4,55.7,441.2,576.2,496.5,2026-08-08 15:26:18.952,2026-08-08 15:26:38.952,plots\260808_WYX_W_AI\event_0089.png
90,260808_WYX_W_AI,annotation,,,2026-08-08 15:26:34.187,0.235,604.9,47.4,318.6,635.1,462.0,2026-08-08 15:26:24.187,2026-08-08 15:26:44.187,plots\260808_WYX_W_AI\event_0090.png
91,260808_WYX_W_AI,annotation,,,2026-08-08 15:26:38.546,1.345,49.5,1129.6,601.2,1171.6,627.3,2026-08-08 15:26:28.546,2026-08-08 15:26:48.546,plots\260808_WYX_W_AI\event_0091.png
92,260808_WYX_W_AI,annotation,,,2026-08-08 15:26:40.523,0.572,44.4,1100.1,610.4,1144.4,612.5,2026-08-08 15:26:30.523,2026-08-08 15:26:50.523,plots\260808_WYX_W_AI\event_0092.png
93,260808_WYX_W_AI,annotation,,,2026-08-08 15:26:41.474,1.12,6.3,1111.6,607.1,1118.0,606.7,2026-08-08 15:26:31.474,2026-08-08 15:26:51.474,plots\260808_WYX_W_AI\event_0093.png
94,260808_WYX_W_AI,annotation,,,2026-08-08 15:26:49.557,1.141,11.4,984.4,559.7,995.2,563.2,2026-08-08 15:26:39.557,2026-08-08 15:26:59.557,plots\260808_WYX_W_AI\event_0094.png
95,260808_WYX_W_AI,annotation,,,2026-08-08 15:26:54.475,0.94,30.0,1207.7,514.1,1187.3,492.1,2026-08-08 15:26:44.475,2026-08-08 15:27:04.475,plots\260808_WYX_W_AI\event_0095.png
96,260808_WYX_W_AI,annotation,,,2026-08-08 15:26:55.606,2.027,29.5,1138.4,500.9,1167.8,504.0,2026-08-08 15:26:45.606,2026-08-08 15:27:05.606,plots\260808_WYX_W_AI\event_0096.png
97,260808_WYX_W_AI,annotation,,,2026-08-08 15:28:21.144,0.219,343.6,69.7,436.0,411.7,468.6,2026-08-08 15:28:11.144,2026-08-08 15:28:31.144,plots\260808_WYX_W_AI\event_0097.png
98,260808_WYX_W_AI,annotation,,,2026-08-08 15:29:08.649,0.31,563.8,93.6,317.2,639.3,458.9,2026-08-08 15:28:58.649,2026-08-08 15:29:18.649,plots\260808_WYX_W_AI\event_0098.png
99,260808_WYX_W_AI,annotation,,,2026-08-08 15:29:16.438,0.332,34.2,904.9,456.8,872.0,466.0,2026-08-08 15:29:06.438,2026-08-08 15:29:26.438,plots\260808_WYX_W_AI\event_0099.png
100,260808_WYX_W_AI,annotation,,,2026-08-08 15:29:17.566,0.341,119.6,872.2,456.1,991.8,451.1,2026-08-08 15:29:07.566,2026-08-08 15:29:27.566,plots\260808_WYX_W_AI\event_0100.png
101,260808_WYX_W_AI,annotation,,,2026-08-08 15:29:36.844,0.103,1.4,118.6,126.5,119.9,126.1,2026-08-08 15:29:26.844,2026-08-08 15:29:46.844,plots\260808_WYX_W_AI\event_0101.png
102,260808_WYX_W_AI,annotation,,,2026-08-08 15:29:40.809,0.771,150.8,1013.6,517.6,1156.0,567.2,2026-08-08 15:29:30.809,2026-08-08 15:29:50.809,plots\260808_WYX_W_AI\event_0102.png
103,260808_WYX_W_AI,annotation,,,2026-08-08 15:29:41.875,0.248,146.1,948.5,534.7,1094.4,542.7,2026-08-08 15:29:31.875,2026-08-08 15:29:51.875,plots\260808_WYX_W_AI\event_0103.png
104,260808_WYX_W_AI,annotation,,,2026-08-08 15:29:42.476,0.202,69.3,986.3,536.4,1026.7,480.1,2026-08-08 15:29:32.476,2026-08-08 15:29:52.476,plots\260808_WYX_W_AI\event_0104.png
105,260808_WYX_W_AI,annotation,,,2026-08-08 15:29:43.105,0.635,39.6,1007.0,502.8,1039.7,525.0,2026-08-08 15:29:33.105,2026-08-08 15:29:53.105,plots\260808_WYX_W_AI\event_0105.png
106,260808_WYX_W_AI,annotation,,,2026-08-08 15:30:01.023,1.051,20.3,1198.7,471.0,1178.4,471.9,2026-08-08 15:29:51.023,2026-08-08 15:30:11.023,plots\260808_WYX_W_AI\event_0106.png
107,260808_WYX_W_AI,annotation,,,2026-08-08 15:31:53.770,0.171,437.4,62.2,434.7,497.8,474.5,2026-08-08 15:31:43.770,2026-08-08 15:32:03.770,plots\260808_WYX_W_AI\event_0107.png
108,260808_WYX_W_AI,annotation,,,2026-08-08 15:32:00.614,0.378,559.0,33.1,308.9,566.1,477.6,2026-08-08 15:31:50.614,2026-08-08 15:32:10.614,plots\260808_WYX_W_AI\event_0108.png
109,260808_WYX_W_AI,annotation,,,2026-08-08 15:32:41.588,0.952,44.4,1060.5,598.4,1088.6,632.8,2026-08-08 15:32:31.588,2026-08-08 15:32:51.588,plots\260808_WYX_W_AI\event_0109.png
110,260808_WYX_W_AI,annotation,,,2026-08-08 15:32:51.187,0.894,69.7,1054.1,582.6,1102.4,632.9,2026-08-08 15:32:41.187,2026-08-08 15:33:01.187,plots\260808_WYX_W_AI\event_0110.png
111,260808_WYX_W_AI,annotation,,,2026-08-08 15:33:00.886,0.741,151.0,931.4,532.4,1050.5,625.1,2026-08-08 15:32:50.886,2026-08-08 15:33:10.886,plots\260808_WYX_W_AI\event_0111.png
112,260808_WYX_W_AI,annotation,,,2026-08-08 15:33:01.928,0.376,60.0,900.2,533.6,938.0,580.3,2026-08-08 15:32:51.928,2026-08-08 15:33:11.928,plots\260808_WYX_W_AI\event_0112.png
113,260808_WYX_W_AI,annotation,,,2026-08-08 15:33:02.564,0.646,65.4,841.2,484.4,791.5,441.9,2026-08-08 15:32:52.564,2026-08-08 15:33:12.564,plots\260808_WYX_W_AI\event_0113.png
114,260808_WYX_W_AI,annotation,,,2026-08-08 15:33:03.548,0.525,72.2,805.4,468.9,799.5,397.0,2026-08-08 15:32:53.548,2026-08-08 15:33:13.548,plots\260808_WYX_W_AI\event_0114.png
115,260808_WYX_W_AI,annotation,,,2026-08-08 15:33:04.155,0.25,79.3,799.2,397.0,724.4,423.3,2026-08-08 15:32:54.155,2026-08-08 15:33:14.155,plots\260808_WYX_W_AI\event_0115.png
116,260808_WYX_W_AI,annotation,,,2026-08-08 15:33:04.669,0.161,41.5,840.7,438.4,812.6,407.9,2026-08-08 15:32:54.669,2026-08-08 15:33:14.669,plots\260808_WYX_W_AI\event_0116.png
117,260808_WYX_W_AI,annotation,,,2026-08-08 15:33:08.604,0.216,11.7,1038.7,479.3,1027.8,483.3,2026-08-08 15:32:58.604,2026-08-08 15:33:18.604,plots\260808_WYX_W_AI\event_0117.png
118,260808_WYX_W_AI,annotation,,,2026-08-08 15:33:09.272,0.517,73.4,1075.5,385.8,1006.0,409.4,2026-08-08 15:32:59.272,2026-08-08 15:33:19.272,plots\260808_WYX_W_AI\event_0118.png
119,260808_WYX_W_AI,annotation,,,2026-08-08 15:33:10.005,0.308,17.1,1089.7,481.0,1106.7,478.5,2026-08-08 15:33:00.005,2026-08-08 15:33:20.005,plots\260808_WYX_W_AI\event_0119.png
120,260808_WYX_W_AI,annotation,,,2026-08-08 15:33:10.576,0.165,3.5,1132.9,475.4,1135.8,477.3,2026-08-08 15:33:00.576,2026-08-08 15:33:20.576,plots\260808_WYX_W_AI\event_0120.png
121,260808_WYX_W_AI,annotation,,,2026-08-08 15:33:11.700,0.101,1.2,784.1,54.2,784.6,53.0,2026-08-08 15:33:01.700,2026-08-08 15:33:21.700,plots\260808_WYX_W_AI\event_0121.png
122,260808_WYX_W_AI,annotation,,,2026-08-08 15:33:12.421,0.112,0.5,809.2,46.6,809.2,46.2,2026-08-08 15:33:02.421,2026-08-08 15:33:22.421,plots\260808_WYX_W_AI\event_0122.png
123,260808_WYX_W_AI,annotation,,,2026-08-08 15:33:16.292,0.105,0.6,799.7,49.1,800.2,48.6,2026-08-08 15:33:06.292,2026-08-08 15:33:26.292,plots\260808_WYX_W_AI\event_0123.png
124,260808_WYX_W_AI,annotation,,,2026-08-08 15:33:20.736,0.354,4.0,1194.4,383.8,1192.9,380.2,2026-08-08 15:33:10.736,2026-08-08 15:33:30.736,plots\260808_WYX_W_AI\event_0124.png
125,260808_WYX_W_AI,annotation,,,2026-08-08 15:33:25.403,0.107,0.2,281.9,206.6,282.1,206.6,2026-08-08 15:33:15.403,2026-08-08 15:33:35.403,plots\260808_WYX_W_AI\event_0125.png
126,260808_WYX_W_AI,annotation,,,2026-08-08 15:33:27.819,0.426,91.7,1066.6,497.6,975.2,490.4,2026-08-08 15:33:17.819,2026-08-08 15:33:37.819,plots\260808_WYX_W_AI\event_0126.png
127,260808_WYX_W_AI,annotation,,,2026-08-08 15:33:29.126,0.544,169.1,907.2,456.7,1005.5,594.3,2026-08-08 15:33:19.126,2026-08-08 15:33:39.126,plots\260808_WYX_W_AI\event_0127.png
128,260808_WYX_W_AI,annotation,,,2026-08-08 15:33:29.871,0.242,91.6,975.1,547.8,983.1,456.5,2026-08-08 15:33:19.871,2026-08-08 15:33:39.871,plots\260808_WYX_W_AI\event_0128.png
129,260808_WYX_W_AI,annotation,,,2026-08-08 15:33:33.280,0.432,96.0,998.3,468.6,902.7,478.2,2026-08-08 15:33:23.280,2026-08-08 15:33:43.280,plots\260808_WYX_W_AI\event_0129.png
130,260808_WYX_W_AI,annotation,,,2026-08-08 15:33:33.945,0.208,52.8,899.1,473.9,950.5,485.4,2026-08-08 15:33:23.945,2026-08-08 15:33:43.945,plots\260808_WYX_W_AI\event_0130.png
131,260808_WYX_W_AI,annotation,,,2026-08-08 15:33:35.656,0.142,0.3,909.4,461.1,909.7,460.9,2026-08-08 15:33:25.656,2026-08-08 15:33:45.656,plots\260808_WYX_W_AI\event_0131.png
132,260808_WYX_W_AI,annotation,,,2026-08-08 15:33:36.319,0.319,33.2,895.6,456.0,903.8,488.1,2026-08-08 15:33:26.319,2026-08-08 15:33:46.319,plots\260808_WYX_W_AI\event_0132.png
133,260808_WYX_W_AI,annotation,,,2026-08-08 15:33:48.444,2.654,15.2,1189.5,551.1,1204.1,546.9,2026-08-08 15:33:38.444,2026-08-08 15:33:58.444,plots\260808_WYX_W_AI\event_0133.png
134,260808_WYX_W_AI,annotation,,,2026-08-08 15:33:53.236,2.226,80.4,1165.9,541.8,1245.9,534.6,2026-08-08 15:33:43.236,2026-08-08 15:34:03.236,plots\260808_WYX_W_AI\event_0134.png
135,260808_WYX_W_AI,annotation,,,2026-08-08 15:33:55.703,0.486,35.7,1147.6,534.9,1180.0,520.0,2026-08-08 15:33:45.703,2026-08-08 15:34:05.703,plots\260808_WYX_W_AI\event_0135.png
136,260808_WYX_W_AI,annotation,,,2026-08-08 15:34:03.570,1.224,15.3,1180.4,528.0,1167.3,535.9,2026-08-08 15:33:53.570,2026-08-08 15:34:13.570,plots\260808_WYX_W_AI\event_0136.png
137,260808_WYX_W_AI,annotation,,,2026-08-08 15:34:06.345,1.643,22.3,1225.1,550.9,1202.8,551.4,2026-08-08 15:33:56.345,2026-08-08 15:34:16.345,plots\260808_WYX_W_AI\event_0137.png
138,260808_WYX_W_AI,annotation,,,2026-08-08 15:34:32.919,1.498,21.9,1078.6,428.2,1056.8,427.4,2026-08-08 15:34:22.919,2026-08-08 15:34:42.919,plots\260808_WYX_W_AI\event_0138.png
139,260808_WYX_W_AI,annotation,,,2026-08-08 15:34:35.828,0.517,4.7,1077.2,423.6,1073.8,420.3,2026-08-08 15:34:25.828,2026-08-08 15:34:45.828,plots\260808_WYX_W_AI\event_0139.png
140,260808_WYX_W_AI,annotation,,,2026-08-08 15:34:36.775,0.828,5.4,1139.3,445.7,1138.3,451.0,2026-08-08 15:34:26.775,2026-08-08 15:34:46.775,plots\260808_WYX_W_AI\event_0140.png
141,260808_WYX_W_AI,annotation,,,2026-08-08 15:35:14.077,2.07,13.2,1045.4,517.8,1032.6,514.9,2026-08-08 15:35:04.077,2026-08-08 15:35:24.077,plots\260808_WYX_W_AI\event_0141.png
142,260808_WYX_W_AI,annotation,,,2026-08-08 15:35:25.442,0.806,0.6,1010.6,486.6,1010.2,486.1,2026-08-08 15:35:15.442,2026-08-08 15:35:35.442,plots\260808_WYX_W_AI\event_0142.png
143,260808_WYX_W_AI,annotation,,,2026-08-08 15:35:32.587,0.779,21.4,1009.3,471.6,987.9,472.1,2026-08-08 15:35:22.587,2026-08-08 15:35:42.587,plots\260808_WYX_W_AI\event_0143.png
144,260808_WYX_W_AI,annotation,,,2026-08-08 15:35:50.330,0.1,0.5,1046.5,599.3,1046.5,598.8,2026-08-08 15:35:40.330,2026-08-08 15:36:00.330,plots\260808_WYX_W_AI\event_0144.png
145,260808_WYX_W_AI,annotation,,,2026-08-08 15:36:04.884,0.944,42.3,1210.5,563.7,1248.3,582.8,2026-08-08 15:35:54.884,2026-08-08 15:36:14.884,plots\260808_WYX_W_AI\event_0145.png
146,260808_WYX_W_AI,annotation,,,2026-08-08 15:36:06.074,0.427,8.2,1208.5,576.1,1201.5,580.4,2026-08-08 15:35:56.074,2026-08-08 15:36:16.074,plots\260808_WYX_W_AI\event_0146.png
147,260808_WYX_W_AI,annotation,,,2026-08-08 15:36:06.991,0.358,4.6,1190.0,572.7,1190.0,568.1,2026-08-08 15:35:56.991,2026-08-08 15:36:16.991,plots\260808_WYX_W_AI\event_0147.png
148,260808_WYX_W_AI,annotation,,,2026-08-08 15:36:08.144,0.569,21.2,1189.6,573.1,1168.6,569.9,2026-08-08 15:35:58.144,2026-08-08 15:36:18.144,plots\260808_WYX_W_AI\event_0148.png
149,260808_WYX_W_AI,annotation,,,2026-08-08 15:36:10.584,2.893,49.5,1181.4,554.1,1206.0,511.2,2026-08-08 15:36:00.584,2026-08-08 15:36:20.584,plots\260808_WYX_W_AI\event_0149.png
150,260808_WYX_W_AI,annotation,,,2026-08-08 15:36:15.917,0.967,36.9,1170.1,537.8,1206.3,545.0,2026-08-08 15:36:05.917,2026-08-08 15:36:25.917,plots\260808_WYX_W_AI\event_0150.png
151,260808_WYX_W_AI,annotation,,,2026-08-08 15:36:21.390,0.196,598.0,43.0,428.5,637.0,496.8,2026-08-08 15:36:11.390,2026-08-08 15:36:31.390,plots\260808_WYX_W_AI\event_0151.png
152,260808_WYX_W_AI,annotation,,,2026-08-08 15:36:32.086,0.264,1008.7,62.9,323.4,1048.8,536.8,2026-08-08 15:36:22.086,2026-08-08 15:36:42.086,plots\260808_WYX_W_AI\event_0152.png
153,260808_WYX_W_AI,annotation,,,2026-08-08 15:36:46.784,0.104,0.2,274.8,218.0,274.8,218.3,2026-08-08 15:36:36.784,2026-08-08 15:36:56.784,plots\260808_WYX_W_AI\event_0153.png
154,260808_WYX_W_AI,annotation,,,2026-08-08 15:36:55.123,0.699,34.9,933.5,628.5,898.6,629.6,2026-08-08 15:36:45.123,2026-08-08 15:37:05.123,plots\260808_WYX_W_AI\event_0154.png
155,260808_WYX_W_AI,annotation,,,2026-08-08 15:36:56.503,0.947,160.9,822.2,603.1,977.9,643.5,2026-08-08 15:36:46.503,2026-08-08 15:37:06.503,plots\260808_WYX_W_AI\event_0155.png
156,260808_WYX_W_AI,annotation,,,2026-08-08 15:36:57.638,0.284,158.8,835.7,652.6,993.3,633.1,2026-08-08 15:36:47.638,2026-08-08 15:37:07.638,plots\260808_WYX_W_AI\event_0156.png
157,260808_WYX_W_AI,annotation,,,2026-08-08 15:36:58.200,1.041,45.9,869.8,641.0,909.8,618.5,2026-08-08 15:36:48.200,2026-08-08 15:37:08.200,plots\260808_WYX_W_AI\event_0157.png
158,260808_WYX_W_AI,annotation,,,2026-08-08 15:39:12.711,0.188,562.2,44.4,434.2,603.2,495.9,2026-08-08 15:39:02.711,2026-08-08 15:39:22.711,plots\260808_WYX_W_AI\event_0158.png
159,260808_WYX_W_AI,annotation,,,2026-08-08 15:39:19.895,0.111,0.2,122.6,122.6,122.8,122.6,2026-08-08 15:39:09.895,2026-08-08 15:39:29.895,plots\260808_WYX_W_AI\event_0159.png
160,260808_WYX_W_AI,annotation,,,2026-08-08 15:39:31.298,1.229,76.5,1105.7,465.3,1171.0,505.1,2026-08-08 15:39:21.298,2026-08-08 15:39:41.298,plots\260808_WYX_W_AI\event_0160.png
161,260808_WYX_W_AI,annotation,,,2026-08-08 15:39:32.766,1.393,77.1,1085.4,466.0,1145.9,418.1,2026-08-08 15:39:22.766,2026-08-08 15:39:42.766,plots\260808_WYX_W_AI\event_0161.png
162,260808_WYX_W_AI,annotation,,,2026-08-08 15:39:34.371,0.937,54.5,1078.1,434.6,1132.0,442.7,2026-08-08 15:39:24.371,2026-08-08 15:39:44.371,plots\260808_WYX_W_AI\event_0162.png
163,260808_WYX_W_AI,annotation,,,2026-08-08 15:39:38.098,2.114,34.7,1116.4,428.7,1142.2,405.5,2026-08-08 15:39:28.098,2026-08-08 15:39:48.098,plots\260808_WYX_W_AI\event_0163.png
164,260808_WYX_W_AI,annotation,,,2026-08-08 15:39:40.429,1.255,40.7,1047.2,408.9,1085.6,422.5,2026-08-08 15:39:30.429,2026-08-08 15:39:50.429,plots\260808_WYX_W_AI\event_0164.png
165,260808_WYX_W_AI,annotation,,,2026-08-08 15:40:26.780,0.159,215.1,28.8,423.8,239.2,469.0,2026-08-08 15:40:16.780,2026-08-08 15:40:36.780,plots\260808_WYX_W_AI\event_0165.png
166,260808_WYX_W_AI,annotation,,,2026-08-08 15:40:49.454,0.32,499.6,56.5,442.6,553.5,391.4,2026-08-08 15:40:39.454,2026-08-08 15:40:59.454,plots\260808_WYX_W_AI\event_0166.png
167,260808_WYX_W_AI,annotation,,,2026-08-08 15:40:52.031,0.354,636.3,28.5,428.9,662.1,486.9,2026-08-08 15:40:42.031,2026-08-08 15:41:02.031,plots\260808_WYX_W_AI\event_0167.png
168,260808_WYX_W_AI,annotation,,,2026-08-08 15:40:53.838,0.204,341.1,59.1,329.4,392.4,401.7,2026-08-08 15:40:43.838,2026-08-08 15:41:03.838,plots\260808_WYX_W_AI\event_0168.png
169,260808_WYX_W_AI,annotation,,,2026-08-08 15:41:04.039,0.408,230.2,58.3,549.9,287.1,525.2,2026-08-08 15:40:54.039,2026-08-08 15:41:14.039,plots\260808_WYX_W_AI\event_0169.png
170,260808_WYX_W_AI,annotation,,,2026-08-08 15:41:15.265,0.585,22.5,874.6,394.9,853.1,401.7,2026-08-08 15:41:05.265,2026-08-08 15:41:25.265,plots\260808_WYX_W_AI\event_0170.png
171,260808_WYX_W_AI,annotation,,,2026-08-08 15:41:16.274,2.507,101.3,926.5,455.4,1027.7,450.2,2026-08-08 15:41:06.274,2026-08-08 15:41:26.274,plots\260808_WYX_W_AI\event_0171.png
172,260808_WYX_W_AI,annotation,,,2026-08-08 15:41:19.025,0.726,81.2,935.0,465.8,1014.1,447.7,2026-08-08 15:41:09.025,2026-08-08 15:41:29.025,plots\260808_WYX_W_AI\event_0172.png
173,260808_WYX_W_AI,annotation,,,2026-08-08 15:41:49.723,2.06,9.1,975.4,498.1,974.8,489.0,2026-08-08 15:41:39.723,2026-08-08 15:41:59.723,plots\260808_WYX_W_AI\event_0173.png
174,260808_WYX_W_AI,annotation,,,2026-08-08 15:42:02.964,0.783,55.9,1124.0,482.2,1145.3,430.5,2026-08-08 15:41:52.964,2026-08-08 15:42:12.964,plots\260808_WYX_W_AI\event_0174.png
175,260808_WYX_W_AI,annotation,,,2026-08-08 15:42:03.966,0.733,27.6,1126.6,460.3,1153.9,464.9,2026-08-08 15:41:53.966,2026-08-08 15:42:13.966,plots\260808_WYX_W_AI\event_0175.png
176,260808_WYX_W_AI,annotation,,,2026-08-08 15:42:07.901,1.949,21.0,958.4,502.7,965.3,522.5,2026-08-08 15:41:57.901,2026-08-08 15:42:17.901,plots\260808_WYX_W_AI\event_0176.png
177,260808_WYX_W_AI,annotation,,,2026-08-08 15:42:27.409,1.116,7.7,996.9,525.7,1004.4,527.7,2026-08-08 15:42:17.409,2026-08-08 15:42:37.409,plots\260808_WYX_W_AI\event_0177.png
178,260808_WYX_W_AI,annotation,,,2026-08-08 15:42:35.201,1.292,40.4,927.7,559.4,966.6,548.4,2026-08-08 15:42:25.201,2026-08-08 15:42:45.201,plots\260808_WYX_W_AI\event_0178.png
179,260808_WYX_W_AI,annotation,,,2026-08-08 15:42:46.930,0.106,0.0,1008.5,682.4,1008.5,682.4,2026-08-08 15:42:36.930,2026-08-08 15:42:56.930,plots\260808_WYX_W_AI\event_0179.png
180,260808_WYX_W_AI,annotation,,,2026-08-08 15:44:06.594,0.166,318.1,58.9,894.0,367.8,817.9,2026-08-08 15:43:56.594,2026-08-08 15:44:16.594,plots\260808_WYX_W_AI\event_0180.png
181,260808_WYX_W_AI,annotation,,,2026-08-08 15:44:09.628,0.239,390.2,66.1,777.1,448.1,697.7,2026-08-08 15:43:59.628,2026-08-08 15:44:19.628,plots\260808_WYX_W_AI\event_0181.png
182,260808_WYX_W_AI,annotation,,,2026-08-08 15:44:15.988,0.207,579.8,63.4,556.7,641.2,605.4,2026-08-08 15:44:05.988,2026-08-08 15:44:25.988,plots\260808_WYX_W_AI\event_0182.png
183,260808_WYX_W_AI,annotation,,,2026-08-08 15:44:39.294,0.352,8.4,1008.4,482.1,1003.0,488.5,2026-08-08 15:44:29.294,2026-08-08 15:44:49.294,plots\260808_WYX_W_AI\event_0183.png
184,260808_WYX_W_AI,annotation,,,2026-08-08 15:44:39.862,1.318,72.3,1007.8,485.5,1080.0,484.2,2026-08-08 15:44:29.862,2026-08-08 15:44:49.862,plots\260808_WYX_W_AI\event_0184.png
185,260808_WYX_W_AI,annotation,,,2026-08-08 15:44:41.463,1.716,68.8,982.8,486.9,1046.7,461.2,2026-08-08 15:44:31.463,2026-08-08 15:44:51.463,plots\260808_WYX_W_AI\event_0185.png
186,260808_WYX_W_AI,annotation,,,2026-08-08 15:44:43.415,0.952,107.0,945.7,473.2,1050.4,451.1,2026-08-08 15:44:33.415,2026-08-08 15:44:53.415,plots\260808_WYX_W_AI\event_0186.png
187,260808_WYX_W_AI,annotation,,,2026-08-08 15:45:29.680,0.197,459.9,53.8,415.3,513.7,409.3,2026-08-08 15:45:19.680,2026-08-08 15:45:39.680,plots\260808_WYX_W_AI\event_0187.png
188,260808_WYX_W_AI,annotation,,,2026-08-08 15:45:36.237,0.427,441.1,73.1,311.2,499.3,424.6,2026-08-08 15:45:26.237,2026-08-08 15:45:46.237,plots\260808_WYX_W_AI\event_0188.png
189,260808_WYX_W_AI,annotation,,,2026-08-08 15:45:59.201,1.098,77.5,988.2,396.2,1064.8,407.9,2026-08-08 15:45:49.201,2026-08-08 15:46:09.201,plots\260808_WYX_W_AI\event_0189.png
190,260808_WYX_W_AI,annotation,,,2026-08-08 15:46:00.550,0.689,66.8,941.6,412.4,1004.2,388.9,2026-08-08 15:45:50.550,2026-08-08 15:46:10.550,plots\260808_WYX_W_AI\event_0190.png
191,260808_WYX_W_AI,annotation,,,2026-08-08 15:46:01.548,0.648,69.6,944.6,407.8,1013.2,395.8,2026-08-08 15:45:51.548,2026-08-08 15:46:11.548,plots\260808_WYX_W_AI\event_0191.png
192,260808_WYX_W_AI,annotation,,,2026-08-08 15:46:06.107,0.412,12.3,949.4,411.7,961.2,408.0,2026-08-08 15:45:56.107,2026-08-08 15:46:16.107,plots\260808_WYX_W_AI\event_0192.png
193,260808_WYX_W_AI,annotation,,,2026-08-08 15:46:32.388,2.183,14.8,1102.3,449.3,1095.0,436.5,2026-08-08 15:46:22.388,2026-08-08 15:46:42.388,plots\260808_WYX_W_AI\event_0193.png
194,260808_WYX_W_AI,annotation,,,2026-08-08 15:46:34.940,0.464,6.5,1085.1,443.1,1086.4,449.4,2026-08-08 15:46:24.940,2026-08-08 15:46:44.940,plots\260808_WYX_W_AI\event_0194.png
195,260808_WYX_W_AI,annotation,,,2026-08-08 15:46:41.261,2.498,1.2,1032.9,431.1,1031.7,430.9,2026-08-08 15:46:31.261,2026-08-08 15:46:51.261,plots\260808_WYX_W_AI\event_0195.png
196,260808_WYX_W_AI,annotation,,,2026-08-08 15:47:17.454,0.134,0.2,1039.1,522.9,1039.1,522.7,2026-08-08 15:47:07.454,2026-08-08 15:47:27.454,plots\260808_WYX_W_AI\event_0196.png
197,260808_WYX_W_AI,annotation,,,2026-08-08 15:47:38.814,0.145,200.4,61.9,430.9,262.3,427.5,2026-08-08 15:47:28.814,2026-08-08 15:47:48.814,plots\260808_WYX_W_AI\event_0197.png
198,260808_WYX_W_AI,annotation,,,2026-08-08 15:48:10.569,0.792,90.5,1041.0,470.2,1116.0,520.9,2026-08-08 15:48:00.569,2026-08-08 15:48:20.569,plots\260808_WYX_W_AI\event_0198.png
199,260808_WYX_W_AI,annotation,,,2026-08-08 15:48:11.588,0.519,114.4,978.4,488.6,1091.7,504.8,2026-08-08 15:48:01.588,2026-08-08 15:48:21.588,plots\260808_WYX_W_AI\event_0199.png
200,260808_WYX_W_AI,annotation,,,2026-08-08 15:48:12.317,0.351,58.7,981.9,499.8,1040.2,506.8,2026-08-08 15:48:02.317,2026-08-08 15:48:22.317,plots\260808_WYX_W_AI\event_0200.png
201,260808_WYX_W_AI,annotation,,,2026-08-08 15:48:13.247,0.863,21.1,1029.0,501.5,1008.2,505.1,2026-08-08 15:48:03.247,2026-08-08 15:48:23.247,plots\260808_WYX_W_AI\event_0201.png
202,260808_WYX_W_AI,annotation,,,2026-08-08 15:48:18.594,1.259,31.9,1125.9,602.7,1141.2,574.7,2026-08-08 15:48:08.594,2026-08-08 15:48:28.594,plots\260808_WYX_W_AI\event_0202.png
203,260808_WYX_W_AI,annotation,,,2026-08-08 15:48:20.132,0.449,13.3,1120.0,590.0,1132.4,585.3,2026-08-08 15:48:10.132,2026-08-08 15:48:30.132,plots\260808_WYX_W_AI\event_0203.png
204,260808_WYX_W_AI,annotation,,,2026-08-08 15:49:44.004,0.157,270.4,51.9,422.4,321.9,438.0,2026-08-08 15:49:34.004,2026-08-08 15:49:54.004,plots\260808_WYX_W_AI\event_0204.png
205,260808_WYX_W_AI,annotation,,,2026-08-08 15:49:49.852,0.316,596.2,44.1,316.7,614.5,490.2,2026-08-08 15:49:39.852,2026-08-08 15:49:59.852,plots\260808_WYX_W_AI\event_0205.png
206,260808_WYX_W_AI,annotation,,,2026-08-08 15:50:08.363,0.543,58.2,1179.7,480.0,1122.3,490.0,2026-08-08 15:49:58.363,2026-08-08 15:50:18.363,plots\260808_WYX_W_AI\event_0206.png
207,260808_WYX_W_AI,annotation,,,2026-08-08 15:50:09.187,0.572,128.0,1030.0,473.2,1148.7,521.0,2026-08-08 15:49:59.187,2026-08-08 15:50:19.187,plots\260808_WYX_W_AI\event_0207.png
208,260808_WYX_W_AI,annotation,,,2026-08-08 15:50:10.096,0.317,86.2,1058.6,483.0,979.3,516.8,2026-08-08 15:50:00.096,2026-08-08 15:50:20.096,plots\260808_WYX_W_AI\event_0208.png
209,260808_WYX_W_AI,annotation,,,2026-08-08 15:50:10.665,0.244,74.1,1019.4,508.8,1003.6,436.4,2026-08-08 15:50:00.665,2026-08-08 15:50:20.665,plots\260808_WYX_W_AI\event_0209.png
210,260808_WYX_W_AI,annotation,,,2026-08-08 15:50:11.141,0.552,117.3,1039.1,490.1,1129.4,565.1,2026-08-08 15:50:01.141,2026-08-08 15:50:21.141,plots\260808_WYX_W_AI\event_0210.png
211,260808_WYX_W_AI,annotation,,,2026-08-08 15:50:12.192,0.611,89.1,1181.1,504.6,1096.7,533.1,2026-08-08 15:50:02.192,2026-08-08 15:50:22.192,plots\260808_WYX_W_AI\event_0211.png
212,260808_WYX_W_AI,annotation,,,2026-08-08 15:50:12.998,0.329,121.5,1087.4,570.8,1129.4,456.8,2026-08-08 15:50:02.998,2026-08-08 15:50:22.998,plots\260808_WYX_W_AI\event_0212.png
213,260808_WYX_W_AI,annotation,,,2026-08-08 15:50:13.569,0.158,132.8,1172.3,615.1,1183.9,482.8,2026-08-08 15:50:03.569,2026-08-08 15:50:23.569,plots\260808_WYX_W_AI\event_0213.png
214,260808_WYX_W_AI,annotation,,,2026-08-08 15:50:13.928,0.121,167.8,1102.2,601.7,1181.3,453.7,2026-08-08 15:50:03.928,2026-08-08 15:50:23.928,plots\260808_WYX_W_AI\event_0214.png
215,260808_WYX_W_AI,annotation,,,2026-08-08 15:50:14.400,0.182,233.9,1262.3,560.9,1035.8,502.2,2026-08-08 15:50:04.400,2026-08-08 15:50:24.400,plots\260808_WYX_W_AI\event_0215.png
216,260808_WYX_W_AI,annotation,,,2026-08-08 15:50:14.843,0.277,183.1,1182.1,550.3,1076.5,699.9,2026-08-08 15:50:04.843,2026-08-08 15:50:24.843,plots\260808_WYX_W_AI\event_0216.png
217,260808_WYX_W_AI,annotation,,,2026-08-08 15:50:15.331,0.228,143.3,1071.9,609.5,1102.3,469.5,2026-08-08 15:50:05.331,2026-08-08 15:50:25.331,plots\260808_WYX_W_AI\event_0217.png
218,260808_WYX_W_AI,annotation,,,2026-08-08 15:50:15.767,0.164,194.7,1060.9,647.0,1132.1,465.8,2026-08-08 15:50:05.767,2026-08-08 15:50:25.767,plots\260808_WYX_W_AI\event_0218.png
219,260808_WYX_W_AI,annotation,,,2026-08-08 15:50:16.133,0.136,178.1,1083.1,614.3,1170.0,459.0,2026-08-08 15:50:06.133,2026-08-08 15:50:26.133,plots\260808_WYX_W_AI\event_0219.png
220,260808_WYX_W_AI,annotation,,,2026-08-08 15:50:16.403,0.139,167.6,1075.9,639.4,1138.8,484.1,2026-08-08 15:50:06.403,2026-08-08 15:50:26.403,plots\260808_WYX_W_AI\event_0220.png
221,260808_WYX_W_AI,annotation,,,2026-08-08 15:50:16.810,0.125,88.7,1119.1,581.9,1165.1,506.1,2026-08-08 15:50:06.810,2026-08-08 15:50:26.810,plots\260808_WYX_W_AI\event_0221.png
222,260808_WYX_W_AI,annotation,,,2026-08-08 15:50:16.991,0.169,213.4,1195.4,507.6,989.3,562.9,2026-08-08 15:50:06.991,2026-08-08 15:50:26.991,plots\260808_WYX_W_AI\event_0222.png
223,260808_WYX_W_AI,annotation,,,2026-08-08 15:50:19.576,0.218,150.4,1198.8,542.9,1201.9,693.3,2026-08-08 15:50:09.576,2026-08-08 15:50:29.576,plots\260808_WYX_W_AI\event_0223.png
224,260808_WYX_W_AI,annotation,,,2026-08-08 15:50:20.041,0.309,146.3,1195.3,573.7,1220.9,429.6,2026-08-08 15:50:10.041,2026-08-08 15:50:30.041,plots\260808_WYX_W_AI\event_0224.png
225,260808_WYX_W_AI,annotation,,,2026-08-08 15:50:20.675,0.153,174.2,1189.9,611.9,1218.3,440.0,2026-08-08 15:50:10.675,2026-08-08 15:50:30.675,plots\260808_WYX_W_AI\event_0225.png
226,260808_WYX_W_AI,annotation,,,2026-08-08 15:50:21.046,0.129,163.1,1186.3,653.5,1217.0,493.3,2026-08-08 15:50:11.046,2026-08-08 15:50:31.046,plots\260808_WYX_W_AI\event_0226.png
227,260808_WYX_W_AI,annotation,,,2026-08-08 15:50:22.673,0.119,0.2,785.9,48.3,785.9,48.1,2026-08-08 15:50:12.673,2026-08-08 15:50:32.673,plots\260808_WYX_W_AI\event_0227.png
228,260808_WYX_W_AI,annotation,,,2026-08-08 15:50:24.842,2.069,14.3,1261.7,510.4,1254.8,497.8,2026-08-08 15:50:14.842,2026-08-08 15:50:34.842,plots\260808_WYX_W_AI\event_0228.png
229,260808_WYX_W_AI,annotation,,,2026-08-08 15:50:27.175,0.297,8.1,1225.3,512.6,1231.2,507.0,2026-08-08 15:50:17.175,2026-08-08 15:50:37.175,plots\260808_WYX_W_AI\event_0229.png
230,260808_WYX_W_AI,annotation,,,2026-08-08 15:50:29.662,1.03,19.6,1198.3,519.0,1216.9,525.0,2026-08-08 15:50:19.662,2026-08-08 15:50:39.662,plots\260808_WYX_W_AI\event_0230.png
231,260808_WYX_W_AI,annotation,,,2026-08-08 15:50:30.875,0.8,23.3,1168.6,515.6,1184.5,498.6,2026-08-08 15:50:20.875,2026-08-08 15:50:40.875,plots\260808_WYX_W_AI\event_0231.png
232,260808_WYX_W_AI,annotation,,,2026-08-08 15:50:31.875,0.285,41.6,1147.8,521.4,1186.3,505.7,2026-08-08 15:50:21.875,2026-08-08 15:50:41.875,plots\260808_WYX_W_AI\event_0232.png
233,260808_WYX_W_AI,annotation,,,2026-08-08 15:50:32.408,0.359,8.9,1148.3,524.6,1157.2,524.9,2026-08-08 15:50:22.408,2026-08-08 15:50:42.408,plots\260808_WYX_W_AI\event_0233.png
234,260808_WYX_W_AI,annotation,,,2026-08-08 15:51:04.216,0.242,526.0,68.7,444.1,585.8,540.4,2026-08-08 15:50:54.216,2026-08-08 15:51:14.216,plots\260808_WYX_W_AI\event_0234.png
235,260808_WYX_W_AI,annotation,,,2026-08-08 15:51:08.258,0.361,604.7,55.6,330.3,646.3,459.7,2026-08-08 15:50:58.258,2026-08-08 15:51:18.258,plots\260808_WYX_W_AI\event_0235.png
236,260808_WYX_W_AI,annotation,,,2026-08-08 15:51:21.685,0.79,61.5,937.1,533.5,981.0,576.6,2026-08-08 15:51:11.685,2026-08-08 15:51:31.685,plots\260808_WYX_W_AI\event_0236.png
237,260808_WYX_W_AI,annotation,,,2026-08-08 15:51:31.246,0.103,0.9,453.3,452.1,453.5,453.0,2026-08-08 15:51:21.246,2026-08-08 15:51:41.246,plots\260808_WYX_W_AI\event_0237.png
238,260808_WYX_W_AI,annotation,,,2026-08-08 15:51:40.457,1.051,112.1,1154.2,378.3,1211.8,474.4,2026-08-08 15:51:30.457,2026-08-08 15:51:50.457,plots\260808_WYX_W_AI\event_0238.png
239,260808_WYX_W_AI,annotation,,,2026-08-08 15:51:41.699,0.609,108.3,1134.5,405.6,1231.7,357.8,2026-08-08 15:51:31.699,2026-08-08 15:51:51.699,plots\260808_WYX_W_AI\event_0239.png
240,260808_WYX_W_AI,annotation,,,2026-08-08 15:51:42.525,0.173,95.0,1176.6,422.8,1224.7,340.9,2026-08-08 15:51:32.525,2026-08-08 15:51:52.525,plots\260808_WYX_W_AI\event_0240.png
241,260808_WYX_W_AI,annotation,,,2026-08-08 15:51:42.916,0.262,102.4,1182.1,380.8,1249.6,457.8,2026-08-08 15:51:32.916,2026-08-08 15:51:52.916,plots\260808_WYX_W_AI\event_0241.png
242,260808_WYX_W_AI,annotation,,,2026-08-08 15:51:43.343,0.346,20.5,1204.7,447.5,1214.1,429.2,2026-08-08 15:51:33.343,2026-08-08 15:51:53.343,plots\260808_WYX_W_AI\event_0242.png
243,260808_WYX_W_AI,annotation,,,2026-08-08 15:51:52.705,0.11,0.3,1100.7,582.7,1100.9,582.9,2026-08-08 15:51:42.705,2026-08-08 15:52:02.705,plots\260808_WYX_W_AI\event_0243.png
244,260808_WYX_W_AI,annotation,,,2026-08-08 15:52:41.324,0.871,83.4,1134.1,574.2,1212.2,544.9,2026-08-08 15:52:31.324,2026-08-08 15:52:51.324,plots\260808_WYX_W_AI\event_0244.png
245,260808_WYX_W_AI,annotation,,,2026-08-08 15:52:42.452,0.372,97.8,1129.9,567.8,1227.7,569.5,2026-08-08 15:52:32.452,2026-08-08 15:52:52.452,plots\260808_WYX_W_AI\event_0245.png
246,260808_WYX_W_AI,annotation,,,2026-08-08 15:52:52.390,1.309,50.2,1042.4,572.9,1091.7,563.2,2026-08-08 15:52:42.390,2026-08-08 15:53:02.390,plots\260808_WYX_W_AI\event_0246.png
247,260808_WYX_W_AI,annotation,,,2026-08-08 15:53:39.256,0.767,40.6,1072.2,554.3,1031.9,548.8,2026-08-08 15:53:29.256,2026-08-08 15:53:49.256,plots\260808_WYX_W_AI\event_0247.png
248,260808_WYX_W_AI,annotation,,,2026-08-08 15:53:42.217,0.104,0.5,791.0,131.7,791.0,132.1,2026-08-08 15:53:32.217,2026-08-08 15:53:52.217,plots\260808_WYX_W_AI\event_0248.png
249,260808_WYX_W_AI,annotation,,,2026-08-08 15:53:45.794,0.997,10.5,1084.8,532.1,1074.4,530.6,2026-08-08 15:53:35.794,2026-08-08 15:53:55.794,plots\260808_WYX_W_AI\event_0249.png
250,260808_WYX_W_AI,annotation,,,2026-08-08 15:53:48.473,0.967,48.6,1157.7,527.9,1206.2,525.4,2026-08-08 15:53:38.473,2026-08-08 15:53:58.473,plots\260808_WYX_W_AI\event_0250.png
251,260808_WYX_W_AI,annotation,,,2026-08-08 15:53:49.706,0.685,37.8,1155.9,534.3,1189.3,516.5,2026-08-08 15:53:39.706,2026-08-08 15:53:59.706,plots\260808_WYX_W_AI\event_0251.png
252,260808_WYX_W_AI,annotation,,,2026-08-08 15:54:01.289,0.233,148.4,67.4,420.5,215.4,430.9,2026-08-08 15:53:51.289,2026-08-08 15:54:11.289,plots\260808_WYX_W_AI\event_0252.png
253,260808_WYX_W_AI,annotation,,,2026-08-08 15:54:21.031,1.56,91.1,843.2,504.3,932.3,522.9,2026-08-08 15:54:11.031,2026-08-08 15:54:31.031,plots\260808_WYX_W_AI\event_0253.png
254,260808_WYX_W_AI,annotation,,,2026-08-08 15:54:22.807,0.494,25.7,909.3,525.6,934.9,527.3,2026-08-08 15:54:12.807,2026-08-08 15:54:32.807,plots\260808_WYX_W_AI\event_0254.png
255,260808_WYX_W_AI,annotation,,,2026-08-08 15:54:23.526,0.278,96.2,815.9,531.6,912.1,532.6,2026-08-08 15:54:13.526,2026-08-08 15:54:33.526,plots\260808_WYX_W_AI\event_0255.png
256,260808_WYX_W_AI,annotation,,,2026-08-08 15:54:23.999,1.027,15.4,858.9,532.7,850.1,520.1,2026-08-08 15:54:13.999,2026-08-08 15:54:33.999,plots\260808_WYX_W_AI\event_0256.png
257,260808_WYX_W_AI,annotation,,,2026-08-08 15:54:25.423,0.386,11.7,838.9,531.4,843.6,520.6,2026-08-08 15:54:15.423,2026-08-08 15:54:35.423,plots\260808_WYX_W_AI\event_0257.png
258,260808_WYX_W_AI,annotation,,,2026-08-08 15:55:06.973,0.7,159.1,1033.5,481.4,1184.8,432.0,2026-08-08 15:54:56.973,2026-08-08 15:55:16.973,plots\260808_WYX_W_AI\event_0258.png
259,260808_WYX_W_AI,annotation,,,2026-08-08 15:56:12.979,2.597,48.4,997.7,434.7,1044.1,421.2,2026-08-08 15:56:02.979,2026-08-08 15:56:22.979,plots\260808_WYX_W_AI\event_0259.png
260,260808_WYX_W_AI,annotation,,,2026-08-08 15:56:39.147,1.959,61.7,927.6,489.7,988.2,478.4,2026-08-08 15:56:29.147,2026-08-08 15:56:49.147,plots\260808_WYX_W_AI\event_0260.png
261,260808_WYX_W_AI,annotation,,,2026-08-08 15:56:46.759,0.12,0.6,365.9,481.8,365.5,482.2,2026-08-08 15:56:36.759,2026-08-08 15:56:56.759,plots\260808_WYX_W_AI\event_0261.png
262,260808_WYX_W_AI,annotation,,,2026-08-08 15:56:49.462,0.154,0.3,427.1,345.1,426.9,344.9,2026-08-08 15:56:39.462,2026-08-08 15:56:59.462,plots\260808_WYX_W_AI\event_0262.png
263,260808_WYX_W_AI,annotation,,,2026-08-08 15:56:57.306,1.581,83.6,1045.2,609.9,1113.6,561.9,2026-08-08 15:56:47.306,2026-08-08 15:57:07.306,plots\260808_WYX_W_AI\event_0263.png
264,260808_WYX_W_AI,annotation,,,2026-08-08 15:56:59.154,0.504,87.7,1034.1,560.0,1121.5,567.3,2026-08-08 15:56:49.154,2026-08-08 15:57:09.154,plots\260808_WYX_W_AI\event_0264.png
265,260808_WYX_W_AI,annotation,,,2026-08-08 15:56:59.869,1.463,44.1,1008.6,549.1,1048.9,531.3,2026-08-08 15:56:49.869,2026-08-08 15:57:09.869,plots\260808_WYX_W_AI\event_0265.png
266,260808_WYX_W_AI,annotation,,,2026-08-08 15:57:15.896,0.384,14.9,1018.8,370.2,1004.0,370.0,2026-08-08 15:57:05.896,2026-08-08 15:57:25.896,plots\260808_WYX_W_AI\event_0266.png
267,260808_WYX_W_AI,annotation,,,2026-08-08 15:57:16.842,0.683,18.5,1075.4,391.2,1092.0,382.9,2026-08-08 15:57:06.842,2026-08-08 15:57:26.842,plots\260808_WYX_W_AI\event_0267.png
268,260808_WYX_W_AI,annotation,,,2026-08-08 15:57:17.736,0.712,63.0,1053.5,413.3,1106.9,379.8,2026-08-08 15:57:07.736,2026-08-08 15:57:27.736,plots\260808_WYX_W_AI\event_0268.png
269,260808_WYX_W_AI,annotation,,,2026-08-08 15:57:58.504,0.167,288.0,62.8,428.0,350.8,428.3,2026-08-08 15:57:48.504,2026-08-08 15:58:08.504,plots\260808_WYX_W_AI\event_0269.png
270,260808_WYX_W_AI,annotation,,,2026-08-08 15:58:10.878,0.744,70.3,1081.1,490.9,1149.7,506.7,2026-08-08 15:58:00.878,2026-08-08 15:58:20.878,plots\260808_WYX_W_AI\event_0270.png
271,260808_WYX_W_AI,annotation,,,2026-08-08 15:58:11.848,0.173,98.8,1051.3,517.9,1142.4,479.8,2026-08-08 15:58:01.848,2026-08-08 15:58:21.848,plots\260808_WYX_W_AI\event_0271.png
272,260808_WYX_W_AI,annotation,,,2026-08-08 15:58:12.229,0.299,65.8,1071.8,511.5,1123.6,471.0,2026-08-08 15:58:02.229,2026-08-08 15:58:22.229,plots\260808_WYX_W_AI\event_0272.png
273,260808_WYX_W_AI,annotation,,,2026-08-08 15:58:12.679,0.375,12.5,1123.6,472.3,1115.0,481.4,2026-08-08 15:58:02.679,2026-08-08 15:58:22.679,plots\260808_WYX_W_AI\event_0273.png
274,260808_WYX_W_AI,annotation,,,2026-08-08 15:58:20.329,0.925,49.6,1023.4,465.6,1072.8,460.6,2026-08-08 15:58:10.329,2026-08-08 15:58:30.329,plots\260808_WYX_W_AI\event_0274.png
275,260808_WYX_W_AI,annotation,,,2026-08-08 15:58:21.703,0.177,3.0,1034.9,466.6,1031.9,466.3,2026-08-08 15:58:11.703,2026-08-08 15:58:31.703,plots\260808_WYX_W_AI\event_0275.png
276,260808_WYX_W_AI,annotation,,,2026-08-08 15:59:12.013,0.922,48.1,1083.1,512.6,1040.6,535.1,2026-08-08 15:59:02.013,2026-08-08 15:59:22.013,plots\260808_WYX_W_AI\event_0276.png
277,260808_WYX_W_AI,annotation,,,2026-08-08 15:59:13.992,1.47,18.9,1042.0,529.2,1055.9,516.4,2026-08-08 15:59:03.992,2026-08-08 15:59:23.992,plots\260808_WYX_W_AI\event_0277.png
278,260808_WYX_W_AI,annotation,,,2026-08-08 15:59:16.616,0.87,32.6,939.3,509.4,966.8,527.0,2026-08-08 15:59:06.616,2026-08-08 15:59:26.616,plots\260808_WYX_W_AI\event_0278.png
279,260808_WYX_W_AI,annotation,,,2026-08-08 15:59:29.667,1.199,39.2,939.0,507.1,967.4,534.1,2026-08-08 15:59:19.667,2026-08-08 15:59:39.667,plots\260808_WYX_W_AI\event_0279.png
280,260808_WYX_W_AI,annotation,,,2026-08-08 16:00:03.223,0.141,109.7,71.0,445.4,180.8,445.4,2026-08-08 15:59:53.223,2026-08-08 16:00:13.223,plots\260808_WYX_W_AI\event_0280.png
281,260808_WYX_W_AI,annotation,,,2026-08-08 16:00:20.615,0.609,25.2,1105.8,581.4,1117.8,603.6,2026-08-08 16:00:10.615,2026-08-08 16:00:30.615,plots\260808_WYX_W_AI\event_0281.png
282,260808_WYX_W_AI,annotation,,,2026-08-08 16:00:21.447,0.21,98.8,1090.1,578.7,1132.9,667.7,2026-08-08 16:00:11.447,2026-08-08 16:00:31.447,plots\260808_WYX_W_AI\event_0282.png
283,260808_WYX_W_AI,annotation,,,2026-08-08 16:00:21.845,0.263,106.4,1105.4,617.4,1201.5,571.7,2026-08-08 16:00:11.845,2026-08-08 16:00:31.845,plots\260808_WYX_W_AI\event_0283.png
284,260808_WYX_W_AI,annotation,,,2026-08-08 16:00:22.334,0.223,55.9,1134.4,589.5,1187.9,573.2,2026-08-08 16:00:12.334,2026-08-08 16:00:32.334,plots\260808_WYX_W_AI\event_0284.png
285,260808_WYX_W_AI,annotation,,,2026-08-08 16:00:22.941,0.27,48.1,1028.3,593.4,1076.0,587.1,2026-08-08 16:00:12.941,2026-08-08 16:00:32.941,plots\260808_WYX_W_AI\event_0285.png
286,260808_WYX_W_AI,annotation,,,2026-08-08 16:01:30.782,0.575,160.2,1594.3,455.8,1438.3,492.5,2026-08-08 16:01:20.782,2026-08-08 16:01:40.782,plots\260808_WYX_W_AI\event_0286.png
287,260808_WYX_W_AI,annotation,,,2026-08-08 16:01:42.673,0.606,179.1,1524.3,455.1,1650.9,328.5,2026-08-08 16:01:32.673,2026-08-08 16:01:52.673,plots\260808_WYX_W_AI\event_0287.png
288,260808_WYX_W_AI,annotation,,,2026-08-08 16:01:45.109,0.664,828.5,1606.8,365.0,785.7,475.4,2026-08-08 16:01:35.109,2026-08-08 16:01:55.109,plots\260808_WYX_W_AI\event_0288.png
289,260808_WYX_W_AI,annotation,,,2026-08-08 16:01:47.681,0.993,49.3,1031.6,476.9,1035.8,427.8,2026-08-08 16:01:37.681,2026-08-08 16:01:57.681,plots\260808_WYX_W_AI\event_0289.png
290,260808_WYX_W_AI,annotation,,,2026-08-08 16:02:10.429,0.164,225.4,59.3,432.9,283.2,458.7,2026-08-08 16:02:00.429,2026-08-08 16:02:20.429,plots\260808_WYX_W_AI\event_0290.png
291,260808_WYX_W_AI,annotation,,,2026-08-08 16:02:21.246,0.711,192.5,871.4,510.7,1057.7,559.0,2026-08-08 16:02:11.246,2026-08-08 16:02:31.246,plots\260808_WYX_W_AI\event_0291.png
292,260808_WYX_W_AI,annotation,,,2026-08-08 16:02:22.174,0.637,154.2,876.6,527.7,1022.3,477.4,2026-08-08 16:02:12.174,2026-08-08 16:02:32.174,plots\260808_WYX_W_AI\event_0292.png
293,260808_WYX_W_AI,annotation,,,2026-08-08 16:02:52.857,0.248,493.1,51.2,440.7,534.1,539.8,2026-08-08 16:02:42.857,2026-08-08 16:03:02.857,plots\260808_WYX_W_AI\event_0293.png
294,260808_WYX_W_AI,annotation,,,2026-08-08 16:03:02.757,0.7,146.2,914.7,538.1,1060.7,547.0,2026-08-08 16:02:52.757,2026-08-08 16:03:12.757,plots\260808_WYX_W_AI\event_0294.png
295,260808_WYX_W_AI,annotation,,,2026-08-08 16:03:03.701,0.373,105.3,984.8,580.4,1085.6,549.9,2026-08-08 16:02:53.701,2026-08-08 16:03:13.701,plots\260808_WYX_W_AI\event_0295.png
296,260808_WYX_W_AI,annotation,,,2026-08-08 16:03:39.641,0.209,313.4,70.9,438.5,382.8,468.7,2026-08-08 16:03:29.641,2026-08-08 16:03:49.641,plots\260808_WYX_W_AI\event_0296.png
297,260808_WYX_W_AI,annotation,,,2026-08-08 16:03:49.780,0.209,608.3,63.7,312.6,653.9,459.6,2026-08-08 16:03:39.780,2026-08-08 16:03:59.780,plots\260808_WYX_W_AI\event_0297.png
298,260808_WYX_W_AI,annotation,,,2026-08-08 16:04:18.860,0.935,87.6,846.5,372.4,933.3,384.5,2026-08-08 16:04:08.860,2026-08-08 16:04:28.860,plots\260808_WYX_W_AI\event_0298.png
299,260808_WYX_W_AI,annotation,,,2026-08-08 16:04:20.013,0.397,60.3,840.1,398.2,891.8,367.0,2026-08-08 16:04:10.013,2026-08-08 16:04:30.013,plots\260808_WYX_W_AI\event_0299.png
300,260808_WYX_W_AI,annotation,,,2026-08-08 16:04:20.605,0.337,12.3,852.2,394.6,859.4,384.6,2026-08-08 16:04:10.605,2026-08-08 16:04:30.605,plots\260808_WYX_W_AI\event_0300.png
301,260808_WYX_W_AI,annotation,,,2026-08-08 16:04:44.575,1.132,10.1,1037.0,560.2,1028.0,564.7,2026-08-08 16:04:34.575,2026-08-08 16:04:54.575,plots\260808_WYX_W_AI\event_0301.png
302,260808_WYX_W_AI,annotation,,,2026-08-08 16:04:58.465,1.132,72.0,988.4,496.1,1059.0,482.1,2026-08-08 16:04:48.465,2026-08-08 16:05:08.465,plots\260808_WYX_W_AI\event_0302.png
303,260808_WYX_W_AI,annotation,,,2026-08-08 16:05:24.380,1.114,73.4,923.2,467.6,996.5,464.0,2026-08-08 16:05:14.380,2026-08-08 16:05:34.380,plots\260808_WYX_W_AI\event_0303.png
304,260808_WYX_W_AI,annotation,,,2026-08-08 16:05:25.743,0.381,39.5,873.1,464.3,912.5,467.5,2026-08-08 16:05:15.743,2026-08-08 16:05:35.743,plots\260808_WYX_W_AI\event_0304.png
305,260808_WYX_W_AI,annotation,,,2026-08-08 16:05:35.627,0.879,5.0,1008.6,515.9,1007.6,511.0,2026-08-08 16:05:25.627,2026-08-08 16:05:45.627,plots\260808_WYX_W_AI\event_0305.png
306,260808_WYX_W_AI,annotation,,,2026-08-08 16:05:36.881,0.397,8.1,974.0,509.9,967.2,505.5,2026-08-08 16:05:26.881,2026-08-08 16:05:46.881,plots\260808_WYX_W_AI\event_0306.png
307,260808_WYX_W_AI,annotation,,,2026-08-08 16:05:51.454,0.966,28.1,944.1,445.6,918.0,455.9,2026-08-08 16:05:41.454,2026-08-08 16:06:01.454,plots\260808_WYX_W_AI\event_0307.png
308,260808_WYX_W_AI,annotation,,,2026-08-08 16:06:03.055,0.293,408.4,27.0,435.5,433.2,477.0,2026-08-08 16:05:53.055,2026-08-08 16:06:13.055,plots\260808_WYX_W_AI\event_0308.png
309,260808_WYX_W_AI,annotation,,,2026-08-08 16:06:11.495,0.526,328.8,56.9,423.6,383.2,463.4,2026-08-08 16:06:01.495,2026-08-08 16:06:21.495,plots\260808_WYX_W_AI\event_0309.png
310,260808_WYX_W_AI,annotation,,,2026-08-08 16:06:12.972,0.261,611.8,62.9,330.2,654.6,486.0,2026-08-08 16:06:02.972,2026-08-08 16:06:22.972,plots\260808_WYX_W_AI\event_0310.png
311,260808_WYX_W_AI,annotation,,,2026-08-08 16:06:59.050,0.975,28.3,942.5,617.8,960.4,639.6,2026-08-08 16:06:49.050,2026-08-08 16:07:09.050,plots\260808_WYX_W_AI\event_0311.png
312,260808_WYX_W_AI,annotation,,,2026-08-08 16:07:20.200,1.449,74.0,916.6,596.5,960.0,656.4,2026-08-08 16:07:10.200,2026-08-08 16:07:30.200,plots\260808_WYX_W_AI\event_0312.png
573,260809_LL_W_AI,annotation,,,2026-08-09 13:27:49.406,0.129,0.9,749.8,409.3,749.8,408.4,2026-08-09 13:27:39.406,2026-08-09 13:27:59.406,plots\260809_LL_W_AI\event_0573.png
574,260809_LL_W_AI,annotation,,,2026-08-09 13:31:21.494,0.134,0.2,53.8,57.4,53.8,57.6,2026-08-09 13:31:11.494,2026-08-09 13:31:31.494,plots\260809_LL_W_AI\event_0574.png
575,260809_LL_W_AI,annotation,,,2026-08-09 13:36:00.224,1.259,92.3,715.3,681.9,791.8,733.5,2026-08-09 13:35:50.224,2026-08-09 13:36:10.224,plots\260809_LL_W_AI\event_0575.png
576,260809_LL_W_AI,annotation,,,2026-08-09 13:36:19.724,1.372,104.0,728.1,678.2,810.1,742.2,2026-08-09 13:36:09.724,2026-08-09 13:36:29.724,plots\260809_LL_W_AI\event_0576.png
577,260809_LL_W_AI,annotation,,,2026-08-09 13:37:09.967,0.479,2.3,795.6,517.5,796.6,515.4,2026-08-09 13:36:59.967,2026-08-09 13:37:19.967,plots\260809_LL_W_AI\event_0577.png
578,260809_LL_W_AI,annotation,,,2026-08-09 13:37:29.621,0.107,0.2,198.0,341.4,197.8,341.4,2026-08-09 13:37:19.621,2026-08-09 13:37:39.621,plots\260809_LL_W_AI\event_0578.png
579,260809_LL_W_AI,annotation,,,2026-08-09 13:37:58.136,0.959,47.0,764.7,471.3,802.4,499.4,2026-08-09 13:37:48.136,2026-08-09 13:38:08.136,plots\260809_LL_W_AI\event_0579.png
580,260809_LL_W_AI,annotation,,,2026-08-09 13:38:41.584,0.135,0.0,1289.6,489.0,1289.6,489.0,2026-08-09 13:38:31.584,2026-08-09 13:38:51.584,plots\260809_LL_W_AI\event_0580.png
581,260809_LL_W_AI,annotation,,,2026-08-09 13:39:52.284,0.104,0.2,1336.7,595.9,1337.0,595.9,2026-08-09 13:39:42.284,2026-08-09 13:40:02.284,plots\260809_LL_W_AI\event_0581.png
582,260809_LL_W_AI,annotation,,,2026-08-09 13:40:02.911,0.939,24.5,862.4,528.0,880.6,544.3,2026-08-09 13:39:52.911,2026-08-09 13:40:12.911,plots\260809_LL_W_AI\event_0582.png
583,260809_LL_W_AI,annotation,,,2026-08-09 13:40:15.154,0.574,41.5,834.8,662.3,866.8,688.7,2026-08-09 13:40:05.154,2026-08-09 13:40:25.154,plots\260809_LL_W_AI\event_0583.png
584,260809_LL_W_AI,annotation,,,2026-08-09 13:41:25.531,0.118,1.0,126.9,122.6,126.0,122.4,2026-08-09 13:41:15.531,2026-08-09 13:41:35.531,plots\260809_LL_W_AI\event_0584.png
585,260809_LL_W_AI,annotation,,,2026-08-09 13:41:31.538,0.127,21.7,1195.7,510.4,1217.3,510.7,2026-08-09 13:41:21.538,2026-08-09 13:41:41.538,plots\260809_LL_W_AI\event_0585.png
586,260809_LL_W_AI,annotation,,,2026-08-09 13:43:02.743,1.189,131.9,1159.4,551.5,1257.8,639.4,2026-08-09 13:42:52.743,2026-08-09 13:43:12.743,plots\260809_LL_W_AI\event_0586.png
587,260809_LL_W_AI,annotation,,,2026-08-09 13:43:56.444,1.209,99.4,741.9,576.7,820.1,638.0,2026-08-09 13:43:46.444,2026-08-09 13:44:06.444,plots\260809_LL_W_AI\event_0587.png
588,260809_LL_W_AI,annotation,,,2026-08-09 13:44:24.944,1.036,98.7,1109.3,501.3,1187.2,561.9,2026-08-09 13:44:14.944,2026-08-09 13:44:34.944,plots\260809_LL_W_AI\event_0588.png
589,260809_LL_W_AI,annotation,,,2026-08-09 13:45:14.529,1.222,122.6,861.7,580.4,957.0,657.6,2026-08-09 13:45:04.529,2026-08-09 13:45:24.529,plots\260809_LL_W_AI\event_0589.png
590,260809_LL_W_AI,annotation,,,2026-08-09 13:47:39.944,0.999,54.5,851.4,597.2,896.3,628.2,2026-08-09 13:47:29.944,2026-08-09 13:47:49.944,plots\260809_LL_W_AI\event_0590.png
591,260809_LL_W_AI,annotation,,,2026-08-09 13:47:51.180,0.122,1.2,1188.7,501.8,1188.5,502.9,2026-08-09 13:47:41.180,2026-08-09 13:48:01.180,plots\260809_LL_W_AI\event_0591.png
592,260809_LL_W_AI,annotation,,,2026-08-09 13:49:12.675,0.103,0.5,944.1,563.8,943.6,563.8,2026-08-09 13:49:02.675,2026-08-09 13:49:22.675,plots\260809_LL_W_AI\event_0592.png
593,260809_LL_W_AI,annotation,,,2026-08-09 13:49:41.773,1.246,37.6,1209.4,520.2,1235.6,547.2,2026-08-09 13:49:31.773,2026-08-09 13:49:51.773,plots\260809_LL_W_AI\event_0593.png
594,260809_LL_W_AI,annotation,,,2026-08-09 13:50:18.661,0.823,31.1,803.9,545.0,824.6,568.2,2026-08-09 13:50:08.661,2026-08-09 13:50:28.661,plots\260809_LL_W_AI\event_0594.png
595,260809_LL_W_AI,annotation,,,2026-08-09 13:51:50.871,1.079,132.0,1168.9,670.2,1272.7,751.7,2026-08-09 13:51:40.871,2026-08-09 13:52:00.871,plots\260809_LL_W_AI\event_0595.png
596,260809_LL_W_AI,annotation,,,2026-08-09 13:52:13.378,1.185,78.7,1194.0,451.7,1252.7,504.2,2026-08-09 13:52:03.378,2026-08-09 13:52:23.378,plots\260809_LL_W_AI\event_0596.png
597,260809_LL_W_AI,annotation,,,2026-08-09 13:52:49.365,0.109,0.3,122.4,122.0,122.2,121.8,2026-08-09 13:52:39.365,2026-08-09 13:52:59.365,plots\260809_LL_W_AI\event_0597.png
598,260809_LL_W_AI,annotation,,,2026-08-09 13:53:25.268,0.777,52.8,1259.5,492.3,1300.4,525.7,2026-08-09 13:53:15.268,2026-08-09 13:53:35.268,plots\260809_LL_W_AI\event_0598.png
599,260809_LL_W_AI,annotation,,,2026-08-09 13:56:59.742,0.881,32.9,809.8,486.4,831.6,511.0,2026-08-09 13:56:49.742,2026-08-09 13:57:09.742,plots\260809_LL_W_AI\event_0599.png
600,260809_LL_W_AI,annotation,,,2026-08-09 13:57:04.025,0.555,39.2,1257.9,558.4,1291.3,579.0,2026-08-09 13:56:54.025,2026-08-09 13:57:14.025,plots\260809_LL_W_AI\event_0600.png
601,260809_LL_W_AI,annotation,,,2026-08-09 13:57:11.401,0.86,48.5,1209.4,481.3,1243.0,516.4,2026-08-09 13:57:01.401,2026-08-09 13:57:21.401,plots\260809_LL_W_AI\event_0601.png
602,260809_LL_W_AI,annotation,,,2026-08-09 14:18:58.370,0.123,1.3,600.4,347.0,599.5,346.1,2026-08-09 14:18:48.370,2026-08-09 14:19:08.370,plots\260809_LL_W_AI\event_0602.png
603,260809_LL_W_AI,annotation,,,2026-08-09 14:19:08.133,0.127,0.5,639.8,427.2,639.8,427.7,2026-08-09 14:18:58.133,2026-08-09 14:19:18.133,plots\260809_LL_W_AI\event_0603.png
604,260809_LL_W_AI,annotation,,,2026-08-09 14:23:17.181,0.102,0.2,1920.0,342.7,1919.8,342.7,2026-08-09 14:23:07.181,2026-08-09 14:23:27.181,plots\260809_LL_W_AI\event_0604.png
605,260809_LL_W_AI,annotation,,,2026-08-09 14:27:24.033,0.105,0.2,249.0,166.1,248.7,166.1,2026-08-09 14:27:14.033,2026-08-09 14:27:34.033,plots\260809_LL_W_AI\event_0605.png
606,260809_LL_W_AI,annotation,,,2026-08-09 14:27:27.698,0.107,71.7,1164.7,464.7,1236.3,461.4,2026-08-09 14:27:17.698,2026-08-09 14:27:37.698,plots\260809_LL_W_AI\event_0606.png
607,260809_LL_W_AI,annotation,,,2026-08-09 14:28:01.173,0.742,59.6,1101.6,586.4,1146.2,625.9,2026-08-09 14:27:51.173,2026-08-09 14:28:11.173,plots\260809_LL_W_AI\event_0607.png
608,260809_LL_W_AI,annotation,,,2026-08-09 14:28:14.750,0.499,31.4,1112.9,366.6,1135.0,388.8,2026-08-09 14:28:04.750,2026-08-09 14:28:24.750,plots\260809_LL_W_AI\event_0608.png
609,260809_LL_W_AI,annotation,,,2026-08-09 14:28:26.117,0.465,37.4,1160.4,371.0,1186.4,397.8,2026-08-09 14:28:16.117,2026-08-09 14:28:36.117,plots\260809_LL_W_AI\event_0609.png
610,260809_LL_W_AI,annotation,,,2026-08-09 14:28:31.123,0.381,63.4,1177.8,376.8,1224.1,420.1,2026-08-09 14:28:21.123,2026-08-09 14:28:41.123,plots\260809_LL_W_AI\event_0610.png
611,260809_LL_W_AI,annotation,,,2026-08-09 14:28:46.549,0.423,48.0,1198.0,392.8,1236.1,421.9,2026-08-09 14:28:36.549,2026-08-09 14:28:56.549,plots\260809_LL_W_AI\event_0611.png
612,260809_LL_W_AI,annotation,,,2026-08-09 14:30:56.082,0.984,8.7,1156.7,517.7,1149.2,513.4,2026-08-09 14:30:46.082,2026-08-09 14:31:06.082,plots\260809_LL_W_AI\event_0612.png
613,260809_LL_W_AI,annotation,,,2026-08-09 14:30:57.306,0.26,124.2,1079.4,573.2,1188.9,514.7,2026-08-09 14:30:47.306,2026-08-09 14:31:07.306,plots\260809_LL_W_AI\event_0613.png
614,260809_LL_W_AI,annotation,,,2026-08-09 14:30:57.889,0.308,51.3,1081.0,571.5,1131.0,582.8,2026-08-09 14:30:47.889,2026-08-09 14:31:07.889,plots\260809_LL_W_AI\event_0614.png
615,260809_LL_W_AI,annotation,,,2026-08-09 14:30:58.365,0.679,7.3,1132.3,580.9,1138.0,585.6,2026-08-09 14:30:48.365,2026-08-09 14:31:08.365,plots\260809_LL_W_AI\event_0615.png
616,260809_LL_W_AI,annotation,,,2026-08-09 14:30:59.121,0.3,32.1,1134.9,580.7,1107.9,563.4,2026-08-09 14:30:49.121,2026-08-09 14:31:09.121,plots\260809_LL_W_AI\event_0616.png
617,260809_LL_W_AI,annotation,,,2026-08-09 14:30:59.705,0.696,9.0,1181.7,578.6,1181.8,587.6,2026-08-09 14:30:49.705,2026-08-09 14:31:09.705,plots\260809_LL_W_AI\event_0617.png
618,260809_LL_W_AI,annotation,,,2026-08-09 14:31:09.631,0.154,54.0,1087.3,610.6,1141.3,608.6,2026-08-09 14:30:59.631,2026-08-09 14:31:19.631,plots\260809_LL_W_AI\event_0618.png
619,260809_LL_W_AI,annotation,,,2026-08-09 14:31:10.243,1.386,10.2,1165.9,606.1,1174.0,599.9,2026-08-09 14:31:00.243,2026-08-09 14:31:20.243,plots\260809_LL_W_AI\event_0619.png
620,260809_LL_W_AI,annotation,,,2026-08-09 14:31:21.943,0.382,23.0,1191.9,594.5,1169.2,597.9,2026-08-09 14:31:11.943,2026-08-09 14:31:31.943,plots\260809_LL_W_AI\event_0620.png
621,260809_LL_W_AI,annotation,,,2026-08-09 14:31:22.448,1.318,3.6,1170.1,598.1,1172.6,595.4,2026-08-09 14:31:12.448,2026-08-09 14:31:32.448,plots\260809_LL_W_AI\event_0621.png
622,260809_LL_W_AI,annotation,,,2026-08-09 14:32:20.419,0.137,1.5,1061.6,708.3,1062.8,709.2,2026-08-09 14:32:10.419,2026-08-09 14:32:30.419,plots\260809_LL_W_AI\event_0622.png
623,260809_LL_W_AI,deletion,,,2026-08-09 14:32:23.931,0.096,0.0,1008.8,684.0,1008.8,684.0,2026-08-09 14:32:13.931,2026-08-09 14:32:33.931,plots\260809_LL_W_AI\event_0623.png
624,260809_LL_W_AI,deletion,,,2026-08-09 14:32:23.931,0.097,0.0,1008.8,684.0,1008.8,684.0,2026-08-09 14:32:13.931,2026-08-09 14:32:33.931,plots\260809_LL_W_AI\event_0624.png
625,260809_LL_W_AI,deletion,,,2026-08-09 14:32:25.356,0.098,0.0,1062.0,709.0,1062.0,709.0,2026-08-09 14:32:15.356,2026-08-09 14:32:35.356,plots\260809_LL_W_AI\event_0625.png
626,260809_LL_W_AI,annotation,,,2026-08-09 14:33:20.968,0.667,120.7,1050.8,731.1,1144.7,806.9,2026-08-09 14:33:10.968,2026-08-09 14:33:30.968,plots\260809_LL_W_AI\event_0626.png
627,260809_LL_W_AI,annotation,,,2026-08-09 14:34:33.371,0.617,58.5,1192.4,690.7,1230.9,734.8,2026-08-09 14:34:23.371,2026-08-09 14:34:43.371,plots\260809_LL_W_AI\event_0627.png
628,260809_LL_W_AI,annotation,,,2026-08-09 14:36:10.381,0.123,21.3,1268.4,723.5,1288.8,729.5,2026-08-09 14:36:00.381,2026-08-09 14:36:20.381,plots\260809_LL_W_AI\event_0628.png
629,260809_LL_W_AI,deletion,,,2026-08-09 14:36:18.036,0.087,0.0,1286.4,729.8,1286.4,729.8,2026-08-09 14:36:08.036,2026-08-09 14:36:28.036,plots\260809_LL_W_AI\event_0629.png
630,260809_LL_W_AI,deletion,,,2026-08-09 14:36:24.860,0.088,0.0,1121.6,627.1,1121.6,627.1,2026-08-09 14:36:14.860,2026-08-09 14:36:34.860,plots\260809_LL_W_AI\event_0630.png
631,260809_LL_W_AI,annotation,,,2026-08-09 14:37:27.019,0.457,67.5,1153.4,337.5,1198.7,387.6,2026-08-09 14:37:17.019,2026-08-09 14:37:37.019,plots\260809_LL_W_AI\event_0631.png
632,260809_LL_W_AI,annotation,,,2026-08-09 14:37:40.676,0.67,50.4,1224.8,307.2,1259.2,344.0,2026-08-09 14:37:30.676,2026-08-09 14:37:50.676,plots\260809_LL_W_AI\event_0632.png
633,260809_LL_W_AI,annotation,,,2026-08-09 14:39:08.636,0.136,4.5,124.4,129.9,127.3,133.4,2026-08-09 14:38:58.636,2026-08-09 14:39:18.636,plots\260809_LL_W_AI\event_0633.png
634,260809_LL_W_AI,annotation,,,2026-08-09 14:40:15.906,0.155,5.6,1431.3,450.7,1436.7,451.9,2026-08-09 14:40:05.906,2026-08-09 14:40:25.906,plots\260809_LL_W_AI\event_0634.png
635,260809_LL_W_AI,annotation,,,2026-08-09 14:40:35.498,0.431,70.4,855.9,378.8,913.8,418.9,2026-08-09 14:40:25.498,2026-08-09 14:40:45.498,plots\260809_LL_W_AI\event_0635.png
636,260809_LL_W_AI,annotation,,,2026-08-09 14:40:40.602,0.735,55.5,827.1,365.9,872.7,397.4,2026-08-09 14:40:30.602,2026-08-09 14:40:50.602,plots\260809_LL_W_AI\event_0636.png
637,260809_LL_W_AI,annotation,,,2026-08-09 14:41:24.481,0.101,4.4,1336.6,580.4,1332.2,580.8,2026-08-09 14:41:14.481,2026-08-09 14:41:34.481,plots\260809_LL_W_AI\event_0637.png
638,260809_LL_W_AI,annotation,,,2026-08-09 14:42:41.392,0.149,16.5,1238.8,571.1,1255.0,574.6,2026-08-09 14:42:31.392,2026-08-09 14:42:51.392,plots\260809_LL_W_AI\event_0638.png
639,260809_LL_W_AI,annotation,,,2026-08-09 14:42:42.765,1.708,21.5,1366.4,505.6,1349.9,491.7,2026-08-09 14:42:32.765,2026-08-09 14:42:52.765,plots\260809_LL_W_AI\event_0639.png
640,260809_LL_W_AI,annotation,,,2026-08-09 14:42:44.805,0.734,9.6,1328.0,548.6,1334.9,555.2,2026-08-09 14:42:34.805,2026-08-09 14:42:54.805,plots\260809_LL_W_AI\event_0640.png
641,260809_LL_W_AI,annotation,,,2026-08-09 14:43:23.057,0.609,39.3,1126.5,428.5,1155.5,455.0,2026-08-09 14:43:13.057,2026-08-09 14:43:33.057,plots\260809_LL_W_AI\event_0641.png
642,260809_LL_W_AI,annotation,,,2026-08-09 14:43:24.264,0.539,17.6,1139.5,438.1,1138.8,420.5,2026-08-09 14:43:14.264,2026-08-09 14:43:34.264,plots\260809_LL_W_AI\event_0642.png
643,260809_LL_W_AI,annotation,,,2026-08-09 14:43:26.573,1.202,60.7,1139.2,433.1,1180.4,477.7,2026-08-09 14:43:16.573,2026-08-09 14:43:36.573,plots\260809_LL_W_AI\event_0643.png
644,260809_LL_W_AI,annotation,,,2026-08-09 14:43:30.923,0.719,48.9,1128.5,398.7,1164.5,431.8,2026-08-09 14:43:20.923,2026-08-09 14:43:40.923,plots\260809_LL_W_AI\event_0644.png
645,260809_LL_W_AI,annotation,,,2026-08-09 14:43:55.102,0.865,46.2,777.6,416.9,815.6,443.2,2026-08-09 14:43:45.102,2026-08-09 14:44:05.102,plots\260809_LL_W_AI\event_0645.png
646,260809_LL_W_AI,annotation,,,2026-08-09 14:44:05.303,0.134,35.8,268.1,325.4,238.1,344.9,2026-08-09 14:43:55.303,2026-08-09 14:44:15.303,plots\260809_LL_W_AI\event_0646.png
647,260809_LL_W_AI,annotation,,,2026-08-09 14:44:09.281,0.132,0.8,1419.2,475.2,1418.5,475.7,2026-08-09 14:43:59.281,2026-08-09 14:44:19.281,plots\260809_LL_W_AI\event_0647.png
648,260809_LL_W_AI,annotation,,,2026-08-09 14:44:45.533,0.554,31.7,809.2,408.7,836.9,424.2,2026-08-09 14:44:35.533,2026-08-09 14:44:55.533,plots\260809_LL_W_AI\event_0648.png
649,260809_LL_W_AI,annotation,,,2026-08-09 14:44:46.298,0.518,22.0,832.1,420.8,830.6,398.9,2026-08-09 14:44:36.298,2026-08-09 14:44:56.298,plots\260809_LL_W_AI\event_0649.png
650,260809_LL_W_AI,annotation,,,2026-08-09 14:44:47.198,0.719,6.8,883.9,476.4,890.4,478.1,2026-08-09 14:44:37.198,2026-08-09 14:44:57.198,plots\260809_LL_W_AI\event_0650.png
651,260809_LL_W_AI,annotation,,,2026-08-09 14:44:49.035,0.562,53.2,805.6,408.3,850.2,437.4,2026-08-09 14:44:39.035,2026-08-09 14:44:59.035,plots\260809_LL_W_AI\event_0651.png
652,260809_LL_W_AI,annotation,,,2026-08-09 14:45:04.643,0.693,40.8,1216.5,445.9,1248.5,471.3,2026-08-09 14:44:54.643,2026-08-09 14:45:14.643,plots\260809_LL_W_AI\event_0652.png
653,260809_LL_W_AI,annotation,,,2026-08-09 14:45:26.515,0.934,92.6,949.1,680.2,1014.5,745.7,2026-08-09 14:45:16.515,2026-08-09 14:45:36.515,plots\260809_LL_W_AI\event_0653.png
654,260809_LL_W_AI,deletion,,,2026-08-09 14:45:52.269,0.096,0.2,1027.0,726.7,1026.8,726.7,2026-08-09 14:45:42.269,2026-08-09 14:46:02.269,plots\260809_LL_W_AI\event_0654.png
655,260809_LL_W_AI,annotation,,,2026-08-09 14:46:03.077,0.149,261.3,701.7,538.9,959.8,579.1,2026-08-09 14:45:53.077,2026-08-09 14:46:13.077,plots\260809_LL_W_AI\event_0655.png
656,260809_LL_W_AI,annotation,,,2026-08-09 14:46:03.871,0.285,138.4,914.5,540.0,780.4,505.9,2026-08-09 14:45:53.871,2026-08-09 14:46:13.871,plots\260809_LL_W_AI\event_0656.png
657,260809_LL_W_AI,annotation,,,2026-08-09 14:46:04.402,0.271,82.2,906.1,569.7,955.4,635.5,2026-08-09 14:45:54.402,2026-08-09 14:46:14.402,plots\260809_LL_W_AI\event_0657.png
658,260809_LL_W_AI,annotation,,,2026-08-09 14:46:04.890,0.614,76.3,1077.8,602.7,1135.8,553.1,2026-08-09 14:45:54.890,2026-08-09 14:46:14.890,plots\260809_LL_W_AI\event_0658.png
659,260809_LL_W_AI,annotation,,,2026-08-09 14:46:05.699,0.235,111.8,1151.0,615.9,1157.5,504.3,2026-08-09 14:45:55.699,2026-08-09 14:46:15.699,plots\260809_LL_W_AI\event_0659.png
660,260809_LL_W_AI,annotation,,,2026-08-09 14:46:06.265,0.218,128.1,1079.4,501.1,1115.6,623.9,2026-08-09 14:45:56.265,2026-08-09 14:46:16.265,plots\260809_LL_W_AI\event_0660.png
661,260809_LL_W_AI,annotation,,,2026-08-09 14:46:06.749,0.137,105.0,1110.8,577.5,1111.3,472.6,2026-08-09 14:45:56.749,2026-08-09 14:46:16.749,plots\260809_LL_W_AI\event_0661.png
662,260809_LL_W_AI,annotation,,,2026-08-09 14:46:12.266,0.201,106.0,853.6,451.2,900.1,355.9,2026-08-09 14:46:02.266,2026-08-09 14:46:22.266,plots\260809_LL_W_AI\event_0662.png
663,260809_LL_W_AI,annotation,,,2026-08-09 14:46:12.856,0.135,88.0,1005.0,502.3,1090.1,524.8,2026-08-09 14:46:02.856,2026-08-09 14:46:22.856,plots\260809_LL_W_AI\event_0663.png
664,260809_LL_W_AI,annotation,,,2026-08-09 14:46:13.222,0.152,134.1,806.1,535.5,940.0,529.0,2026-08-09 14:46:03.222,2026-08-09 14:46:23.222,plots\260809_LL_W_AI\event_0664.png
665,260809_LL_W_AI,annotation,,,2026-08-09 14:46:13.577,0.216,184.5,821.6,541.1,1006.1,539.4,2026-08-09 14:46:03.577,2026-08-09 14:46:23.577,plots\260809_LL_W_AI\event_0665.png
666,260809_LL_W_AI,annotation,,,2026-08-09 14:46:14.001,0.681,96.5,1019.4,538.3,973.9,453.1,2026-08-09 14:46:04.001,2026-08-09 14:46:24.001,plots\260809_LL_W_AI\event_0666.png
667,260809_LL_W_AI,annotation,,,2026-08-09 14:46:14.965,0.184,129.3,974.6,570.1,954.0,442.4,2026-08-09 14:46:04.965,2026-08-09 14:46:24.965,plots\260809_LL_W_AI\event_0667.png
668,260809_LL_W_AI,annotation,,,2026-08-09 14:46:15.367,0.215,192.8,954.5,446.9,985.1,637.3,2026-08-09 14:46:05.367,2026-08-09 14:46:25.367,plots\260809_LL_W_AI\event_0668.png
669,260809_LL_W_AI,annotation,,,2026-08-09 14:46:15.758,0.165,155.9,881.4,436.9,896.0,592.1,2026-08-09 14:46:05.758,2026-08-09 14:46:25.758,plots\260809_LL_W_AI\event_0669.png
670,260809_LL_W_AI,annotation,,,2026-08-09 14:46:16.073,0.165,181.5,872.7,452.3,881.4,633.6,2026-08-09 14:46:06.073,2026-08-09 14:46:26.073,plots\260809_LL_W_AI\event_0670.png
671,260809_LL_W_AI,annotation,,,2026-08-09 14:46:16.389,0.112,187.3,881.1,499.6,897.0,686.3,2026-08-09 14:46:06.389,2026-08-09 14:46:26.389,plots\260809_LL_W_AI\event_0671.png
672,260809_LL_W_AI,annotation,,,2026-08-09 14:46:16.636,0.149,147.2,865.0,505.9,905.2,647.5,2026-08-09 14:46:06.636,2026-08-09 14:46:26.636,plots\260809_LL_W_AI\event_0672.png
673,260809_LL_W_AI,annotation,,,2026-08-09 14:46:16.974,0.127,127.4,824.2,435.6,869.2,554.8,2026-08-09 14:46:06.974,2026-08-09 14:46:26.974,plots\260809_LL_W_AI\event_0673.png
674,260809_LL_W_AI,annotation,,,2026-08-09 14:46:17.448,0.155,110.2,917.9,520.1,958.9,622.3,2026-08-09 14:46:07.448,2026-08-09 14:46:27.448,plots\260809_LL_W_AI\event_0674.png
675,260809_LL_W_AI,annotation,,,2026-08-09 14:46:17.832,0.2,209.9,856.1,474.9,985.4,640.4,2026-08-09 14:46:07.832,2026-08-09 14:46:27.832,plots\260809_LL_W_AI\event_0675.png
676,260809_LL_W_AI,annotation,,,2026-08-09 14:46:18.406,0.202,189.3,774.7,525.2,960.4,488.5,2026-08-09 14:46:08.406,2026-08-09 14:46:28.406,plots\260809_LL_W_AI\event_0676.png
677,260809_LL_W_AI,annotation,,,2026-08-09 14:46:20.003,0.24,46.4,1072.4,539.8,1118.2,532.1,2026-08-09 14:46:10.003,2026-08-09 14:46:30.003,plots\260809_LL_W_AI\event_0677.png
678,260809_LL_W_AI,annotation,,,2026-08-09 14:46:20.852,2.481,36.3,1164.1,543.2,1127.8,543.7,2026-08-09 14:46:10.852,2026-08-09 14:46:30.852,plots\260809_LL_W_AI\event_0678.png
679,260809_LL_W_AI,annotation,,,2026-08-09 14:46:24.856,0.96,9.2,1184.4,602.2,1176.1,606.2,2026-08-09 14:46:14.856,2026-08-09 14:46:34.856,plots\260809_LL_W_AI\event_0679.png
680,260809_LL_W_AI,annotation,,,2026-08-09 14:46:49.096,1.037,53.3,834.5,321.1,875.3,355.3,2026-08-09 14:46:39.096,2026-08-09 14:46:59.096,plots\260809_LL_W_AI\event_0680.png
681,260809_LL_W_AI,annotation,,,2026-08-09 14:47:24.136,0.591,36.1,1025.1,537.6,989.0,537.3,2026-08-09 14:47:14.136,2026-08-09 14:47:34.136,plots\260809_LL_W_AI\event_0681.png
682,260809_LL_W_AI,annotation,,,2026-08-09 14:47:26.299,0.664,11.9,1111.5,566.2,1114.2,554.6,2026-08-09 14:47:16.299,2026-08-09 14:47:36.299,plots\260809_LL_W_AI\event_0682.png
683,260809_LL_W_AI,annotation,,,2026-08-09 14:47:27.369,0.823,2.5,1117.4,560.5,1119.0,562.5,2026-08-09 14:47:17.369,2026-08-09 14:47:37.369,plots\260809_LL_W_AI\event_0683.png
684,260809_LL_W_AI,annotation,,,2026-08-09 14:47:28.533,0.327,3.2,1121.0,565.6,1121.4,568.8,2026-08-09 14:47:18.533,2026-08-09 14:47:38.533,plots\260809_LL_W_AI\event_0684.png
685,260809_LL_W_AI,annotation,,,2026-08-09 14:47:31.133,0.855,9.6,1267.0,488.0,1264.6,497.3,2026-08-09 14:47:21.133,2026-08-09 14:47:41.133,plots\260809_LL_W_AI\event_0685.png
686,260809_LL_W_AI,annotation,,,2026-08-09 14:47:32.171,0.941,3.2,1312.2,501.7,1315.4,501.7,2026-08-09 14:47:22.171,2026-08-09 14:47:42.171,plots\260809_LL_W_AI\event_0686.png
687,260809_LL_W_AI,annotation,,,2026-08-09 14:47:33.412,0.834,5.0,1270.6,532.7,1275.5,531.6,2026-08-09 14:47:23.412,2026-08-09 14:47:43.412,plots\260809_LL_W_AI\event_0687.png
688,260809_LL_W_AI,annotation,,,2026-08-09 14:47:34.523,0.442,17.8,1246.8,548.4,1258.7,535.2,2026-08-09 14:47:24.523,2026-08-09 14:47:44.523,plots\260809_LL_W_AI\event_0688.png
689,260809_LL_W_AI,annotation,,,2026-08-09 14:47:35.192,0.21,22.3,1190.8,559.4,1213.0,557.1,2026-08-09 14:47:25.192,2026-08-09 14:47:45.192,plots\260809_LL_W_AI\event_0689.png
690,260809_LL_W_AI,deletion,,,2026-08-09 14:48:12.294,0.099,0.0,1036.1,756.9,1036.1,756.9,2026-08-09 14:48:02.294,2026-08-09 14:48:22.294,plots\260809_LL_W_AI\event_0690.png
691,260809_LL_W_AI,annotation,,,2026-08-09 14:48:27.677,0.714,70.3,1056.5,650.3,1107.9,698.2,2026-08-09 14:48:17.677,2026-08-09 14:48:37.677,plots\260809_LL_W_AI\event_0691.png
692,260809_LL_W_AI,annotation,,,2026-08-09 14:49:07.750,0.104,4.1,1267.7,660.0,1270.8,662.7,2026-08-09 14:48:57.750,2026-08-09 14:49:17.750,plots\260809_LL_W_AI\event_0692.png
693,260809_LL_W_AI,annotation,,,2026-08-09 14:49:16.136,1.144,21.8,1238.2,565.7,1260.0,565.0,2026-08-09 14:49:06.136,2026-08-09 14:49:26.136,plots\260809_LL_W_AI\event_0693.png
694,260809_LL_W_AI,annotation,,,2026-08-09 14:49:17.482,1.441,18.8,1291.3,598.6,1275.8,588.0,2026-08-09 14:49:07.482,2026-08-09 14:49:27.482,plots\260809_LL_W_AI\event_0694.png
695,260809_LL_W_AI,annotation,,,2026-08-09 14:49:21.066,0.611,72.0,1242.8,568.9,1303.4,607.8,2026-08-09 14:49:11.066,2026-08-09 14:49:31.066,plots\260809_LL_W_AI\event_0695.png
696,260809_LL_W_AI,annotation,,,2026-08-09 14:50:27.534,2.35,33.7,1290.0,629.3,1256.7,624.8,2026-08-09 14:50:17.534,2026-08-09 14:50:37.534,plots\260809_LL_W_AI\event_0696.png
697,260809_LL_W_AI,annotation,,,2026-08-09 14:50:30.174,0.803,15.1,1200.9,623.4,1215.6,620.1,2026-08-09 14:50:20.174,2026-08-09 14:50:40.174,plots\260809_LL_W_AI\event_0697.png
698,260809_LL_W_AI,annotation,,,2026-08-09 14:50:31.291,0.502,13.3,1210.1,626.5,1222.4,621.6,2026-08-09 14:50:21.291,2026-08-09 14:50:41.291,plots\260809_LL_W_AI\event_0698.png
699,260809_LL_W_AI,annotation,,,2026-08-09 14:50:45.361,1.274,24.8,983.9,736.2,1008.7,736.0,2026-08-09 14:50:35.361,2026-08-09 14:50:55.361,plots\260809_LL_W_AI\event_0699.png
700,260809_LL_W_AI,annotation,,,2026-08-09 14:50:47.809,0.585,111.4,995.8,733.2,1092.2,789.0,2026-08-09 14:50:37.809,2026-08-09 14:50:57.809,plots\260809_LL_W_AI\event_0700.png
701,260809_LL_W_AI,annotation,,,2026-08-09 14:51:09.353,0.134,0.5,119.4,121.1,119.8,121.3,2026-08-09 14:50:59.353,2026-08-09 14:51:19.353,plots\260809_LL_W_AI\event_0701.png
702,260809_LL_W_AI,annotation,,,2026-08-09 14:51:43.104,0.104,27.0,1188.4,461.4,1215.4,462.9,2026-08-09 14:51:33.104,2026-08-09 14:51:53.104,plots\260809_LL_W_AI\event_0702.png
703,260809_LL_W_AI,annotation,,,2026-08-09 14:51:44.304,1.282,18.5,1214.1,440.0,1201.2,426.8,2026-08-09 14:51:34.304,2026-08-09 14:51:54.304,plots\260809_LL_W_AI\event_0703.png
704,260809_LL_W_AI,annotation,,,2026-08-09 14:52:02.920,1.086,24.9,771.2,352.4,796.1,353.8,2026-08-09 14:51:52.920,2026-08-09 14:52:12.920,plots\260809_LL_W_AI\event_0704.png
705,260809_LL_W_AI,annotation,,,2026-08-09 14:52:05.303,0.923,69.4,781.8,355.0,837.0,397.1,2026-08-09 14:51:55.303,2026-08-09 14:52:15.303,plots\260809_LL_W_AI\event_0705.png
706,260809_LL_W_AI,annotation,,,2026-08-09 14:52:40.007,2.737,28.4,1393.9,455.4,1419.0,442.1,2026-08-09 14:52:30.007,2026-08-09 14:52:50.007,plots\260809_LL_W_AI\event_0706.png
707,260809_LL_W_AI,annotation,,,2026-08-09 14:53:47.749,1.564,6.5,1044.5,656.7,1038.3,655.0,2026-08-09 14:53:37.749,2026-08-09 14:53:57.749,plots\260809_LL_W_AI\event_0707.png
708,260809_LL_W_AI,annotation,,,2026-08-09 14:53:49.532,0.301,66.7,985.6,648.1,1045.4,618.4,2026-08-09 14:53:39.532,2026-08-09 14:53:59.532,plots\260809_LL_W_AI\event_0708.png
709,260809_LL_W_AI,annotation,,,2026-08-09 14:53:50.117,0.351,10.3,1000.0,626.2,1009.0,621.2,2026-08-09 14:53:40.117,2026-08-09 14:54:00.117,plots\260809_LL_W_AI\event_0709.png
710,260809_LL_W_AI,annotation,,,2026-08-09 14:53:52.878,0.118,1.3,1459.9,609.3,1461.3,609.3,2026-08-09 14:53:42.878,2026-08-09 14:54:02.878,plots\260809_LL_W_AI\event_0710.png
711,260809_LL_W_AI,annotation,,,2026-08-09 14:54:02.972,0.615,92.7,740.4,386.5,818.4,436.6,2026-08-09 14:53:52.972,2026-08-09 14:54:12.972,plots\260809_LL_W_AI\event_0711.png
712,260809_LL_W_AI,deletion,,,2026-08-09 14:54:29.787,0.088,0.0,1044.7,782.9,1044.7,782.9,2026-08-09 14:54:19.787,2026-08-09 14:54:39.787,plots\260809_LL_W_AI\event_0712.png
713,260809_LL_W_AI,annotation,,,2026-08-09 14:55:03.087,1.138,27.7,1109.8,633.0,1099.0,607.5,2026-08-09 14:54:53.087,2026-08-09 14:55:13.087,plots\260809_LL_W_AI\event_0713.png
714,260809_LL_W_AI,annotation,,,2026-08-09 14:55:04.457,0.286,33.7,1091.3,628.8,1124.3,635.2,2026-08-09 14:54:54.457,2026-08-09 14:55:14.457,plots\260809_LL_W_AI\event_0714.png
715,260809_LL_W_AI,annotation,,,2026-08-09 14:55:14.917,1.509,162.7,960.1,658.1,1074.8,773.6,2026-08-09 14:55:04.917,2026-08-09 14:55:24.917,plots\260809_LL_W_AI\event_0715.png
716,260809_LL_W_AI,annotation,,,2026-08-09 14:56:44.056,0.113,0.3,960.2,784.4,960.4,784.6,2026-08-09 14:56:34.056,2026-08-09 14:56:54.056,plots\260809_LL_W_AI\event_0716.png
717,260809_LL_W_AI,annotation,,,2026-08-09 14:57:12.775,0.75,70.7,1273.6,449.2,1323.4,499.4,2026-08-09 14:57:02.775,2026-08-09 14:57:22.775,plots\260809_LL_W_AI\event_0717.png
718,260809_LL_W_AI,annotation,,,2026-08-09 14:57:35.432,0.111,1.4,836.2,526.3,836.6,527.6,2026-08-09 14:57:25.432,2026-08-09 14:57:45.432,plots\260809_LL_W_AI\event_0718.png
719,260809_LL_W_AI,annotation,,,2026-08-09 15:27:44.495,0.249,213.6,911.7,524.2,1123.0,555.1,2026-08-09 15:27:34.495,2026-08-09 15:27:54.495,plots\260809_LL_W_AI\event_0719.png
720,260809_LL_W_AI,annotation,,,2026-08-09 15:27:45.029,0.232,273.7,924.9,547.6,1194.1,498.3,2026-08-09 15:27:35.029,2026-08-09 15:27:55.029,plots\260809_LL_W_AI\event_0720.png
721,260809_LL_W_AI,annotation,,,2026-08-09 15:27:46.612,0.187,129.9,1158.9,521.4,1029.1,527.2,2026-08-09 15:27:36.612,2026-08-09 15:27:56.612,plots\260809_LL_W_AI\event_0721.png
722,260809_LL_W_AI,annotation,,,2026-08-09 15:27:47.102,0.297,99.5,1099.9,520.8,1188.8,475.9,2026-08-09 15:27:37.102,2026-08-09 15:27:57.102,plots\260809_LL_W_AI\event_0722.png
723,260809_LL_W_AI,annotation,,,2026-08-09 15:27:47.616,0.189,97.1,1013.7,545.4,1109.0,527.1,2026-08-09 15:27:37.616,2026-08-09 15:27:57.616,plots\260809_LL_W_AI\event_0723.png
724,260809_LL_W_AI,annotation,,,2026-08-09 15:27:48.128,0.224,109.9,964.6,547.6,1021.6,641.6,2026-08-09 15:27:38.128,2026-08-09 15:27:58.128,plots\260809_LL_W_AI\event_0724.png
725,260809_LL_W_AI,annotation,,,2026-08-09 15:27:48.713,0.249,204.4,964.5,602.5,1156.1,531.3,2026-08-09 15:27:38.713,2026-08-09 15:27:58.713,plots\260809_LL_W_AI\event_0725.png
726,260809_LL_W_AI,annotation,,,2026-08-09 15:27:49.238,0.276,264.5,957.9,577.6,1212.2,650.2,2026-08-09 15:27:39.238,2026-08-09 15:27:59.238,plots\260809_LL_W_AI\event_0726.png
727,260809_LL_W_AI,annotation,,,2026-08-09 15:27:49.852,0.254,216.1,995.3,624.2,1202.7,563.3,2026-08-09 15:27:39.852,2026-08-09 15:27:59.852,plots\260809_LL_W_AI\event_0727.png
728,260809_LL_W_AI,annotation,,,2026-08-09 15:27:54.568,1.036,34.0,1193.6,505.9,1223.4,522.2,2026-08-09 15:27:44.568,2026-08-09 15:28:04.568,plots\260809_LL_W_AI\event_0728.png
729,260809_LL_W_AI,deletion,,,2026-08-09 15:29:45.726,0.098,0.0,974.8,714.7,974.8,714.7,2026-08-09 15:29:35.726,2026-08-09 15:29:55.726,plots\260809_LL_W_AI\event_0729.png
730,260809_LL_W_AI,annotation,,,2026-08-09 15:31:28.745,0.757,65.8,975.9,542.1,1023.3,587.8,2026-08-09 15:31:18.745,2026-08-09 15:31:38.745,plots\260809_LL_W_AI\event_0730.png
731,260809_LL_W_AI,annotation,,,2026-08-09 15:31:31.168,0.695,77.9,970.7,538.9,1025.0,594.8,2026-08-09 15:31:21.168,2026-08-09 15:31:41.168,plots\260809_LL_W_AI\event_0731.png
732,260809_LL_W_AI,annotation,,,2026-08-09 15:31:35.376,0.494,76.3,931.4,570.6,987.4,622.5,2026-08-09 15:31:25.376,2026-08-09 15:31:45.376,plots\260809_LL_W_AI\event_0732.png
733,260809_LL_W_AI,annotation,,,2026-08-09 15:31:39.780,0.184,1.2,128.0,121.9,126.9,122.1,2026-08-09 15:31:29.780,2026-08-09 15:31:49.780,plots\260809_LL_W_AI\event_0733.png
734,260809_LL_W_AI,annotation,,,2026-08-09 15:31:45.111,0.255,133.2,1053.2,549.3,1186.4,550.6,2026-08-09 15:31:35.111,2026-08-09 15:31:55.111,plots\260809_LL_W_AI\event_0734.png
735,260809_LL_W_AI,annotation,,,2026-08-09 15:31:45.651,0.292,305.2,827.5,560.2,1130.9,526.6,2026-08-09 15:31:35.651,2026-08-09 15:31:55.651,plots\260809_LL_W_AI\event_0735.png
736,260809_LL_W_AI,annotation,,,2026-08-09 15:31:55.311,0.643,62.7,1016.8,530.0,1057.4,577.8,2026-08-09 15:31:45.311,2026-08-09 15:32:05.311,plots\260809_LL_W_AI\event_0736.png
737,260809_LL_W_AI,annotation,,,2026-08-09 15:31:56.070,1.084,47.8,1058.6,571.1,1067.3,524.1,2026-08-09 15:31:46.070,2026-08-09 15:32:06.070,plots\260809_LL_W_AI\event_0737.png
738,260809_LL_W_AI,annotation,,,2026-08-09 15:31:59.254,2.07,10.4,1008.9,538.7,998.6,537.2,2026-08-09 15:31:49.254,2026-08-09 15:32:09.254,plots\260809_LL_W_AI\event_0738.png
739,260809_LL_W_AI,annotation,,,2026-08-09 15:32:01.950,1.655,78.5,1014.3,548.9,1073.2,600.8,2026-08-09 15:31:51.950,2026-08-09 15:32:11.950,plots\260809_LL_W_AI\event_0739.png
740,260809_LL_W_AI,annotation,,,2026-08-09 15:32:04.956,1.883,117.9,1037.7,604.4,1119.0,519.0,2026-08-09 15:31:54.956,2026-08-09 15:32:14.956,plots\260809_LL_W_AI\event_0740.png
741,260809_LL_W_AI,annotation,,,2026-08-09 15:32:07.467,2.123,15.5,1031.9,551.3,1018.6,543.4,2026-08-09 15:31:57.467,2026-08-09 15:32:17.467,plots\260809_LL_W_AI\event_0741.png
742,260809_LL_W_AI,annotation,,,2026-08-09 15:32:13.628,0.634,103.8,1058.4,579.2,1129.8,654.6,2026-08-09 15:32:03.628,2026-08-09 15:32:23.628,plots\260809_LL_W_AI\event_0742.png
743,260809_LL_W_AI,annotation,,,2026-08-09 15:32:15.920,1.058,16.7,1064.3,652.6,1048.0,648.7,2026-08-09 15:32:05.920,2026-08-09 15:32:25.920,plots\260809_LL_W_AI\event_0743.png
744,260809_LL_W_AI,annotation,,,2026-08-09 15:32:22.656,1.073,93.1,909.0,515.9,985.6,568.7,2026-08-09 15:32:12.656,2026-08-09 15:32:32.656,plots\260809_LL_W_AI\event_0744.png
745,260809_LL_W_AI,annotation,,,2026-08-09 15:32:26.397,0.505,72.2,1053.1,593.8,1105.2,643.8,2026-08-09 15:32:16.397,2026-08-09 15:32:36.397,plots\260809_LL_W_AI\event_0745.png
746,260809_LL_W_AI,annotation,,,2026-08-09 15:32:29.218,0.429,88.9,890.2,586.3,963.7,636.3,2026-08-09 15:32:19.218,2026-08-09 15:32:39.218,plots\260809_LL_W_AI\event_0746.png
747,260809_LL_W_AI,annotation,,,2026-08-09 15:32:37.235,0.998,50.3,874.0,535.1,914.7,564.6,2026-08-09 15:32:27.235,2026-08-09 15:32:47.235,plots\260809_LL_W_AI\event_0747.png
748,260809_LL_W_AI,annotation,,,2026-08-09 15:32:45.014,0.518,45.4,892.8,547.1,929.6,573.8,2026-08-09 15:32:35.014,2026-08-09 15:32:55.014,plots\260809_LL_W_AI\event_0748.png
749,260809_LL_W_AI,annotation,,,2026-08-09 15:32:51.554,0.974,50.2,904.0,542.2,942.8,574.1,2026-08-09 15:32:41.554,2026-08-09 15:33:01.554,plots\260809_LL_W_AI\event_0749.png
750,260809_LL_W_AI,annotation,,,2026-08-09 15:32:57.395,0.586,50.3,1094.0,533.9,1131.6,567.3,2026-08-09 15:32:47.395,2026-08-09 15:33:07.395,plots\260809_LL_W_AI\event_0750.png
751,260809_LL_W_AI,annotation,,,2026-08-09 15:33:01.088,0.645,48.8,915.1,530.6,956.0,557.2,2026-08-09 15:32:51.088,2026-08-09 15:33:11.088,plots\260809_LL_W_AI\event_0751.png
752,260809_LL_W_AI,annotation,,,2026-08-09 15:33:09.495,0.823,85.9,889.9,505.8,945.1,571.6,2026-08-09 15:32:59.495,2026-08-09 15:33:19.495,plots\260809_LL_W_AI\event_0752.png
753,260809_LL_W_AI,annotation,,,2026-08-09 15:33:52.649,1.904,134.4,944.1,511.8,1072.1,552.8,2026-08-09 15:33:42.649,2026-08-09 15:34:02.649,plots\260809_LL_W_AI\event_0753.png
754,260809_LL_W_AI,annotation,,,2026-08-09 15:34:01.715,0.818,57.5,1030.3,474.4,1074.0,511.8,2026-08-09 15:33:51.715,2026-08-09 15:34:11.715,plots\260809_LL_W_AI\event_0754.png
755,260809_LL_W_AI,annotation,,,2026-08-09 15:35:30.944,0.227,189.3,1058.9,539.4,1248.1,535.4,2026-08-09 15:35:20.944,2026-08-09 15:35:40.944,plots\260809_LL_W_AI\event_0755.png
756,260809_LL_W_AI,annotation,,,2026-08-09 15:35:31.445,0.236,170.8,1005.5,542.9,1168.8,492.5,2026-08-09 15:35:21.445,2026-08-09 15:35:41.445,plots\260809_LL_W_AI\event_0756.png
757,260809_LL_W_AI,annotation,,,2026-08-09 15:35:42.396,1.116,49.8,858.8,562.8,905.5,545.5,2026-08-09 15:35:32.396,2026-08-09 15:35:52.396,plots\260809_LL_W_AI\event_0757.png
758,260809_LL_W_AI,annotation,,,2026-08-09 15:35:43.769,0.486,14.4,983.0,603.8,982.9,618.2,2026-08-09 15:35:33.769,2026-08-09 15:35:53.769,plots\260809_LL_W_AI\event_0758.png
759,260809_LL_W_AI,annotation,,,2026-08-09 15:35:44.445,0.545,45.7,1051.5,614.7,1095.8,603.4,2026-08-09 15:35:34.445,2026-08-09 15:35:54.445,plots\260809_LL_W_AI\event_0759.png
760,260809_LL_W_AI,annotation,,,2026-08-09 15:35:45.256,1.085,40.9,1056.5,614.6,1017.7,601.6,2026-08-09 15:35:35.256,2026-08-09 15:35:55.256,plots\260809_LL_W_AI\event_0760.png
761,260809_LL_W_AI,annotation,,,2026-08-09 15:35:46.537,1.453,33.6,1093.6,627.8,1075.8,656.2,2026-08-09 15:35:36.537,2026-08-09 15:35:56.537,plots\260809_LL_W_AI\event_0761.png
762,260809_LL_W_AI,annotation,,,2026-08-09 15:35:48.523,0.592,6.9,1087.2,638.9,1089.7,645.3,2026-08-09 15:35:38.523,2026-08-09 15:35:58.523,plots\260809_LL_W_AI\event_0762.png
763,260809_LL_W_AI,annotation,,,2026-08-09 15:35:54.253,0.972,73.1,874.8,587.8,921.4,644.1,2026-08-09 15:35:44.253,2026-08-09 15:36:04.253,plots\260809_LL_W_AI\event_0763.png
764,260809_LL_W_AI,deletion,,,2026-08-09 15:36:21.592,0.096,0.0,1116.6,614.9,1116.6,614.9,2026-08-09 15:36:11.592,2026-08-09 15:36:31.592,plots\260809_LL_W_AI\event_0764.png
765,260809_LL_W_AI,annotation,,,2026-08-09 15:38:36.837,0.128,0.2,276.5,222.5,276.5,222.7,2026-08-09 15:38:26.837,2026-08-09 15:38:46.837,plots\260809_LL_W_AI\event_0765.png
766,260809_LL_W_AI,annotation,,,2026-08-09 15:38:38.984,0.211,134.1,1081.6,596.9,1214.1,616.9,2026-08-09 15:38:28.984,2026-08-09 15:38:48.984,plots\260809_LL_W_AI\event_0766.png
767,260809_LL_W_AI,annotation,,,2026-08-09 15:38:39.517,0.219,161.4,985.0,610.6,1142.8,576.9,2026-08-09 15:38:29.517,2026-08-09 15:38:49.517,plots\260809_LL_W_AI\event_0767.png
768,260809_LL_W_AI,annotation,,,2026-08-09 15:38:40.018,0.466,108.5,1010.2,592.8,1116.1,569.2,2026-08-09 15:38:30.018,2026-08-09 15:38:50.018,plots\260809_LL_W_AI\event_0768.png
769,260809_LL_W_AI,annotation,,,2026-08-09 15:38:59.908,0.104,2.3,827.0,766.7,828.8,768.1,2026-08-09 15:38:49.908,2026-08-09 15:39:09.908,plots\260809_LL_W_AI\event_0769.png
770,260809_LL_W_AI,deletion,,,2026-08-09 15:39:08.212,0.096,0.0,835.0,777.4,835.0,777.4,2026-08-09 15:38:58.212,2026-08-09 15:39:18.212,plots\260809_LL_W_AI\event_0770.png
771,260809_LL_W_AI,deletion,,,2026-08-09 15:40:05.411,0.089,0.0,865.0,572.2,865.0,572.2,2026-08-09 15:39:55.411,2026-08-09 15:40:15.411,plots\260809_LL_W_AI\event_0771.png
772,260809_LL_W_AI,annotation,,,2026-08-09 15:40:57.846,0.308,169.2,848.8,553.6,1016.3,577.6,2026-08-09 15:40:47.846,2026-08-09 15:41:07.846,plots\260809_LL_W_AI\event_0772.png
773,260809_LL_W_AI,annotation,,,2026-08-09 15:40:58.370,0.218,157.0,865.2,575.3,1020.0,548.8,2026-08-09 15:40:48.370,2026-08-09 15:41:08.370,plots\260809_LL_W_AI\event_0773.png
774,260809_LL_W_AI,annotation,,,2026-08-09 15:41:03.171,0.119,0.5,1218.4,583.2,1218.9,582.9,2026-08-09 15:40:53.171,2026-08-09 15:41:13.171,plots\260809_LL_W_AI\event_0774.png
775,260809_LL_W_AI,annotation,,,2026-08-09 15:41:09.460,1.06,20.6,1045.2,534.8,1063.9,526.1,2026-08-09 15:40:59.460,2026-08-09 15:41:19.460,plots\260809_LL_W_AI\event_0775.png
776,260809_LL_W_AI,annotation,,,2026-08-09 15:41:10.753,0.397,18.4,1148.5,544.7,1133.5,534.0,2026-08-09 15:41:00.753,2026-08-09 15:41:20.753,plots\260809_LL_W_AI\event_0776.png
777,260809_LL_W_AI,annotation,,,2026-08-09 15:41:12.827,0.776,49.6,1061.8,534.2,1095.3,570.9,2026-08-09 15:41:02.827,2026-08-09 15:41:22.827,plots\260809_LL_W_AI\event_0777.png
778,260809_LL_W_AI,annotation,,,2026-08-09 15:41:16.025,0.578,70.0,897.5,572.6,955.3,612.2,2026-08-09 15:41:06.025,2026-08-09 15:41:26.025,plots\260809_LL_W_AI\event_0778.png
779,260809_LL_W_AI,annotation,,,2026-08-09 15:41:21.373,0.698,51.5,1038.8,633.7,1088.0,618.4,2026-08-09 15:41:11.373,2026-08-09 15:41:31.373,plots\260809_LL_W_AI\event_0779.png
780,260809_LL_W_AI,deletion,,,2026-08-09 15:41:23.842,0.097,0.0,1084.5,626.3,1084.5,626.3,2026-08-09 15:41:13.842,2026-08-09 15:41:33.842,plots\260809_LL_W_AI\event_0780.png
781,260809_LL_W_AI,annotation,,,2026-08-09 15:42:43.904,0.111,1.0,129.7,116.7,128.7,117.2,2026-08-09 15:42:33.904,2026-08-09 15:42:53.904,plots\260809_LL_W_AI\event_0781.png
782,260809_LL_W_AI,annotation,,,2026-08-09 15:42:59.505,0.344,635.2,61.1,430.5,696.3,421.1,2026-08-09 15:42:49.505,2026-08-09 15:43:09.505,plots\260809_LL_W_AI\event_0782.png
783,260809_LL_W_AI,annotation,,,2026-08-09 15:43:01.529,0.285,198.3,753.0,553.0,949.6,526.8,2026-08-09 15:42:51.529,2026-08-09 15:43:11.529,plots\260809_LL_W_AI\event_0783.png
784,260809_LL_W_AI,annotation,,,2026-08-09 15:43:02.076,0.225,193.4,809.6,555.6,997.5,509.7,2026-08-09 15:42:52.076,2026-08-09 15:43:12.076,plots\260809_LL_W_AI\event_0784.png
785,260809_LL_W_AI,annotation,,,2026-08-09 15:43:13.965,1.505,28.4,1115.4,622.6,1143.5,618.8,2026-08-09 15:43:03.965,2026-08-09 15:43:23.965,plots\260809_LL_W_AI\event_0785.png
786,260809_LL_W_AI,annotation,,,2026-08-09 15:43:15.983,0.462,5.3,1079.0,597.9,1079.3,592.6,2026-08-09 15:43:05.983,2026-08-09 15:43:25.983,plots\260809_LL_W_AI\event_0786.png
787,260809_LL_W_AI,annotation,,,2026-08-09 15:43:18.010,0.94,115.4,1102.7,623.0,1189.2,699.4,2026-08-09 15:43:08.010,2026-08-09 15:43:28.010,plots\260809_LL_W_AI\event_0787.png
788,260809_LL_W_AI,annotation,,,2026-08-09 15:43:26.894,0.867,62.5,1085.0,601.8,1131.3,643.8,2026-08-09 15:43:16.894,2026-08-09 15:43:36.894,plots\260809_LL_W_AI\event_0788.png
789,260809_LL_W_AI,annotation,,,2026-08-09 15:43:36.771,1.687,74.5,955.2,552.0,1010.2,602.4,2026-08-09 15:43:26.771,2026-08-09 15:43:46.771,plots\260809_LL_W_AI\event_0789.png
790,260809_LL_W_AI,annotation,,,2026-08-09 15:43:59.061,0.945,36.0,951.3,588.1,978.4,611.8,2026-08-09 15:43:49.061,2026-08-09 15:44:09.061,plots\260809_LL_W_AI\event_0790.png
791,260809_LL_W_AI,annotation,,,2026-08-09 15:44:12.576,1.447,82.2,1120.8,553.6,1181.6,608.9,2026-08-09 15:44:02.576,2026-08-09 15:44:22.576,plots\260809_LL_W_AI\event_0791.png
792,260809_LL_W_AI,annotation,,,2026-08-09 15:44:22.193,0.899,62.8,1133.1,575.8,1179.9,617.6,2026-08-09 15:44:12.193,2026-08-09 15:44:32.193,plots\260809_LL_W_AI\event_0792.png
793,260809_LL_W_AI,annotation,,,2026-08-09 15:44:27.465,0.584,74.7,939.4,582.0,991.5,635.5,2026-08-09 15:44:17.465,2026-08-09 15:44:37.465,plots\260809_LL_W_AI\event_0793.png
794,260809_LL_W_AI,annotation,,,2026-08-09 15:44:44.753,0.704,64.6,927.7,563.7,981.5,599.5,2026-08-09 15:44:34.753,2026-08-09 15:44:54.753,plots\260809_LL_W_AI\event_0794.png
795,260809_LL_W_AI,annotation,,,2026-08-09 15:44:48.494,0.93,46.2,966.0,548.4,998.9,580.9,2026-08-09 15:44:38.494,2026-08-09 15:44:58.494,plots\260809_LL_W_AI\event_0795.png
796,260809_LL_W_AI,annotation,,,2026-08-09 15:44:56.813,0.63,53.6,1066.3,547.6,1102.1,587.5,2026-08-09 15:44:46.813,2026-08-09 15:45:06.813,plots\260809_LL_W_AI\event_0796.png
797,260809_LL_W_AI,annotation,,,2026-08-09 15:45:00.526,1.055,65.1,1045.8,529.5,1094.0,573.3,2026-08-09 15:44:50.526,2026-08-09 15:45:10.526,plots\260809_LL_W_AI\event_0797.png
798,260809_LL_W_AI,annotation,,,2026-08-09 15:45:08.504,0.96,47.9,1045.6,519.9,1079.3,554.0,2026-08-09 15:44:58.504,2026-08-09 15:45:18.504,plots\260809_LL_W_AI\event_0798.png
799,260809_LL_W_AI,annotation,,,2026-08-09 15:46:39.270,0.353,164.1,948.4,557.9,1111.2,537.2,2026-08-09 15:46:29.270,2026-08-09 15:46:49.270,plots\260809_LL_W_AI\event_0799.png
800,260809_LL_W_AI,annotation,,,2026-08-09 15:46:39.869,0.329,171.8,936.4,594.5,1103.6,554.6,2026-08-09 15:46:29.869,2026-08-09 15:46:49.869,plots\260809_LL_W_AI\event_0800.png
801,260809_LL_W_AI,annotation,,,2026-08-09 15:46:41.137,1.057,27.2,1187.8,590.6,1162.0,582.1,2026-08-09 15:46:31.137,2026-08-09 15:46:51.137,plots\260809_LL_W_AI\event_0801.png
802,260809_LL_W_AI,annotation,,,2026-08-09 15:46:42.587,1.286,6.9,1165.2,590.7,1167.8,597.1,2026-08-09 15:46:32.587,2026-08-09 15:46:52.587,plots\260809_LL_W_AI\event_0802.png
803,260809_LL_W_AI,annotation,,,2026-08-09 15:46:45.502,0.337,8.6,1174.3,613.2,1176.3,621.5,2026-08-09 15:46:35.502,2026-08-09 15:46:55.502,plots\260809_LL_W_AI\event_0803.png
804,260809_LL_W_AI,annotation,,,2026-08-09 15:48:14.361,0.111,0.6,123.9,119.0,123.4,119.5,2026-08-09 15:48:04.361,2026-08-09 15:48:24.361,plots\260809_LL_W_AI\event_0804.png
805,260809_LL_W_AI,annotation,,,2026-08-09 15:48:17.759,0.368,155.3,832.2,545.5,985.4,520.3,2026-08-09 15:48:07.759,2026-08-09 15:48:27.759,plots\260809_LL_W_AI\event_0805.png
806,260809_LL_W_AI,annotation,,,2026-08-09 15:48:18.343,0.21,171.5,1035.7,521.5,1206.0,500.7,2026-08-09 15:48:08.343,2026-08-09 15:48:28.343,plots\260809_LL_W_AI\event_0806.png
807,260809_LL_W_AI,annotation,,,2026-08-09 15:48:20.287,0.208,48.9,1088.3,529.5,1134.5,513.4,2026-08-09 15:48:10.287,2026-08-09 15:48:30.287,plots\260809_LL_W_AI\event_0807.png
808,260809_LL_W_AI,annotation,,,2026-08-09 15:48:48.945,1.094,6.1,1012.0,507.3,1010.7,501.4,2026-08-09 15:48:38.945,2026-08-09 15:48:58.945,plots\260809_LL_W_AI\event_0808.png
809,260809_LL_W_AI,annotation,,,2026-08-09 15:48:50.286,0.502,8.2,1032.8,525.3,1024.6,526.5,2026-08-09 15:48:40.286,2026-08-09 15:49:00.286,plots\260809_LL_W_AI\event_0809.png
810,260809_LL_W_AI,annotation,,,2026-08-09 15:48:52.442,1.226,30.3,1018.2,509.2,1040.5,529.7,2026-08-09 15:48:42.442,2026-08-09 15:49:02.442,plots\260809_LL_W_AI\event_0810.png
811,260809_LL_W_AI,annotation,,,2026-08-09 15:50:05.000,0.33,149.6,824.4,626.1,970.6,594.2,2026-08-09 15:49:55.000,2026-08-09 15:50:15.000,plots\260809_LL_W_AI\event_0811.png
812,260809_LL_W_AI,annotation,,,2026-08-09 15:50:05.558,0.207,232.0,878.2,602.5,1106.4,560.6,2026-08-09 15:49:55.558,2026-08-09 15:50:15.558,plots\260809_LL_W_AI\event_0812.png
813,260809_LL_W_AI,annotation,,,2026-08-09 15:50:06.759,0.342,47.5,1036.8,576.8,989.5,581.0,2026-08-09 15:49:56.759,2026-08-09 15:50:16.759,plots\260809_LL_W_AI\event_0813.png
814,260809_LL_W_AI,annotation,,,2026-08-09 15:50:07.276,0.26,59.5,1000.4,576.1,1057.4,558.9,2026-08-09 15:49:57.276,2026-08-09 15:50:17.276,plots\260809_LL_W_AI\event_0814.png
815,260809_LL_W_AI,annotation,,,2026-08-09 15:51:15.650,0.681,19.8,1128.4,615.9,1125.4,635.5,2026-08-09 15:51:05.650,2026-08-09 15:51:25.650,plots\260809_LL_W_AI\event_0815.png
816,260809_LL_W_AI,annotation,,,2026-08-09 15:51:16.679,0.395,20.4,1127.5,621.6,1144.5,610.4,2026-08-09 15:51:06.679,2026-08-09 15:51:26.679,plots\260809_LL_W_AI\event_0816.png
817,260809_LL_W_AI,annotation,,,2026-08-09 15:51:19.558,1.101,70.4,1117.4,609.7,1171.9,654.3,2026-08-09 15:51:09.558,2026-08-09 15:51:29.558,plots\260809_LL_W_AI\event_0817.png
818,260809_LL_W_AI,annotation,,,2026-08-09 15:51:22.605,0.613,56.4,1119.9,616.5,1165.2,650.2,2026-08-09 15:51:12.605,2026-08-09 15:51:32.605,plots\260809_LL_W_AI\event_0818.png
819,260809_LL_W_AI,annotation,,,2026-08-09 15:51:50.609,1.055,60.4,1028.3,500.7,1059.0,552.8,2026-08-09 15:51:40.609,2026-08-09 15:52:00.609,plots\260809_LL_W_AI\event_0819.png
820,260809_LL_W_AI,annotation,,,2026-08-09 15:52:41.172,0.113,0.2,123.4,123.3,123.4,123.1,2026-08-09 15:52:31.172,2026-08-09 15:52:51.172,plots\260809_LL_W_AI\event_0820.png
821,260809_LL_W_AI,annotation,,,2026-08-09 15:52:44.879,0.216,260.0,775.0,535.8,1034.4,519.9,2026-08-09 15:52:34.879,2026-08-09 15:52:54.879,plots\260809_LL_W_AI\event_0821.png
822,260809_LL_W_AI,annotation,,,2026-08-09 15:52:45.575,0.173,88.5,993.8,509.3,1080.2,490.1,2026-08-09 15:52:35.575,2026-08-09 15:52:55.575,plots\260809_LL_W_AI\event_0822.png
823,260809_LL_W_AI,annotation,,,2026-08-09 15:53:17.443,1.049,13.0,939.9,533.2,952.6,535.9,2026-08-09 15:53:07.443,2026-08-09 15:53:27.443,plots\260809_LL_W_AI\event_0823.png
824,260809_LL_W_AI,annotation,,,2026-08-09 15:53:18.778,0.675,12.9,979.6,551.5,968.6,544.6,2026-08-09 15:53:08.778,2026-08-09 15:53:28.778,plots\260809_LL_W_AI\event_0824.png
825,260809_LL_W_AI,annotation,,,2026-08-09 15:53:21.148,0.548,56.6,940.3,536.2,985.3,570.6,2026-08-09 15:53:11.148,2026-08-09 15:53:31.148,plots\260809_LL_W_AI\event_0825.png
826,260809_LL_W_AI,annotation,,,2026-08-09 15:54:26.585,0.278,146.5,893.3,468.4,1039.9,468.5,2026-08-09 15:54:16.585,2026-08-09 15:54:36.585,plots\260809_LL_W_AI\event_0826.png
827,260809_LL_W_AI,annotation,,,2026-08-09 15:54:27.350,0.151,223.7,1085.2,474.1,1308.9,470.2,2026-08-09 15:54:17.350,2026-08-09 15:54:37.350,plots\260809_LL_W_AI\event_0827.png
828,260809_LL_W_AI,annotation,,,2026-08-09 15:54:53.159,0.136,38.1,1113.4,529.9,1075.4,529.3,2026-08-09 15:54:43.159,2026-08-09 15:55:03.159,plots\260809_LL_W_AI\event_0828.png
829,260809_LL_W_AI,annotation,,,2026-08-09 15:54:53.625,0.276,87.7,1044.7,520.3,1128.1,492.9,2026-08-09 15:54:43.625,2026-08-09 15:55:03.625,plots\260809_LL_W_AI\event_0829.png
830,260809_LL_W_AI,annotation,,,2026-08-09 15:54:54.147,0.272,35.6,1065.9,517.0,1098.7,503.1,2026-08-09 15:54:44.147,2026-08-09 15:55:04.147,plots\260809_LL_W_AI\event_0830.png
831,260809_LL_W_AI,annotation,,,2026-08-09 15:55:05.040,0.185,54.3,1121.5,562.0,1068.0,571.4,2026-08-09 15:54:55.040,2026-08-09 15:55:15.040,plots\260809_LL_W_AI\event_0831.png
832,260809_LL_W_AI,annotation,,,2026-08-09 15:55:05.616,0.719,17.4,1105.4,582.7,1122.4,578.9,2026-08-09 15:54:55.616,2026-08-09 15:55:15.616,plots\260809_LL_W_AI\event_0832.png
833,260809_LL_W_AI,annotation,,,2026-08-09 15:55:07.319,0.165,32.7,1075.7,564.8,1107.7,557.8,2026-08-09 15:54:57.319,2026-08-09 15:55:17.319,plots\260809_LL_W_AI\event_0833.png
834,260809_LL_W_AI,deletion,,,2026-08-09 15:55:49.147,0.099,0.0,933.2,686.1,933.2,686.1,2026-08-09 15:55:39.147,2026-08-09 15:55:59.147,plots\260809_LL_W_AI\event_0834.png
835,260809_LL_W_AI,annotation,,,2026-08-09 15:56:19.513,0.106,0.5,119.3,122.3,119.5,122.8,2026-08-09 15:56:09.513,2026-08-09 15:56:29.513,plots\260809_LL_W_AI\event_0835.png
836,260809_LL_W_AI,annotation,,,2026-08-09 15:56:23.192,0.221,175.6,862.8,542.2,1037.4,523.9,2026-08-09 15:56:13.192,2026-08-09 15:56:33.192,plots\260809_LL_W_AI\event_0836.png
837,260809_LL_W_AI,annotation,,,2026-08-09 15:56:23.740,0.169,137.4,991.6,530.3,1127.2,508.1,2026-08-09 15:56:13.740,2026-08-09 15:56:33.740,plots\260809_LL_W_AI\event_0837.png
838,260809_LL_W_AI,deletion,,,2026-08-09 15:56:39.533,0.097,0.0,980.5,593.1,980.5,593.1,2026-08-09 15:56:29.533,2026-08-09 15:56:49.533,plots\260809_LL_W_AI\event_0838.png
839,260809_LL_W_AI,annotation,,,2026-08-09 15:56:44.916,0.698,76.2,930.7,600.4,996.2,639.2,2026-08-09 15:56:34.916,2026-08-09 15:56:54.916,plots\260809_LL_W_AI\event_0839.png
840,260809_LL_W_AI,annotation,,,2026-08-09 15:56:49.650,0.381,80.2,1093.7,651.2,1159.3,697.4,2026-08-09 15:56:39.650,2026-08-09 15:56:59.650,plots\260809_LL_W_AI\event_0840.png
841,260809_LL_W_AI,annotation,,,2026-08-09 15:57:13.140,0.913,52.1,884.7,592.2,925.8,624.2,2026-08-09 15:57:03.140,2026-08-09 15:57:23.140,plots\260809_LL_W_AI\event_0841.png
842,260809_LL_W_AI,annotation,,,2026-08-09 15:57:22.019,1.012,52.3,880.6,583.2,926.3,608.8,2026-08-09 15:57:12.019,2026-08-09 15:57:32.019,plots\260809_LL_W_AI\event_0842.png
843,260809_LL_W_AI,annotation,,,2026-08-09 15:57:55.438,1.162,95.8,861.7,517.6,949.3,556.3,2026-08-09 15:57:45.438,2026-08-09 15:58:05.438,plots\260809_LL_W_AI\event_0843.png
844,260809_LL_W_AI,annotation,,,2026-08-09 15:58:10.007,0.426,35.2,976.3,593.1,1004.9,613.5,2026-08-09 15:58:00.007,2026-08-09 15:58:20.007,plots\260809_LL_W_AI\event_0844.png
845,260809_LL_W_AI,annotation,,,2026-08-09 15:58:16.041,0.79,36.6,979.3,603.5,1010.3,622.9,2026-08-09 15:58:06.041,2026-08-09 15:58:26.041,plots\260809_LL_W_AI\event_0845.png
846,260809_LL_W_AI,annotation,,,2026-08-09 15:58:37.176,0.719,50.9,1086.4,674.2,1121.9,710.6,2026-08-09 15:58:27.176,2026-08-09 15:58:47.176,plots\260809_LL_W_AI\event_0846.png
847,260809_LL_W_AI,annotation,,,2026-08-09 15:58:45.711,0.165,192.8,805.4,604.7,997.2,584.7,2026-08-09 15:58:35.711,2026-08-09 15:58:55.711,plots\260809_LL_W_AI\event_0847.png
848,260809_LL_W_AI,annotation,,,2026-08-09 15:58:46.289,0.143,213.1,988.9,582.9,1199.0,547.0,2026-08-09 15:58:36.289,2026-08-09 15:58:56.289,plots\260809_LL_W_AI\event_0848.png
849,260809_LL_W_AI,deletion,,,2026-08-09 16:00:00.413,0.098,0.0,895.0,673.4,895.0,673.4,2026-08-09 15:59:50.413,2026-08-09 16:00:10.413,plots\260809_LL_W_AI\event_0849.png
850,260809_LL_W_AI,deletion,,,2026-08-09 16:00:00.413,0.099,0.0,895.0,673.4,895.0,673.4,2026-08-09 15:59:50.413,2026-08-09 16:00:10.413,plots\260809_LL_W_AI\event_0850.png
851,260809_LL_W_AI,annotation,,,2026-08-09 16:00:39.051,0.247,195.8,690.9,483.2,886.3,470.5,2026-08-09 16:00:29.051,2026-08-09 16:00:49.051,plots\260809_LL_W_AI\event_0851.png
852,260809_LL_W_AI,annotation,,,2026-08-09 16:00:39.568,0.143,194.4,673.1,493.9,866.9,479.6,2026-08-09 16:00:29.568,2026-08-09 16:00:49.568,plots\260809_LL_W_AI\event_0852.png
853,260809_LL_W_AI,annotation,,,2026-08-09 16:01:12.358,1.98,17.3,1085.0,506.1,1093.2,490.9,2026-08-09 16:01:02.358,2026-08-09 16:01:22.358,plots\260809_LL_W_AI\event_0853.png
854,260809_LL_W_AI,annotation,,,2026-08-09 16:01:14.684,0.66,13.3,1111.0,498.2,1117.3,509.9,2026-08-09 16:01:04.684,2026-08-09 16:01:24.684,plots\260809_LL_W_AI\event_0854.png
855,260809_LL_W_AI,annotation,,,2026-08-09 16:01:15.561,1.327,28.0,1126.7,508.6,1099.9,500.5,2026-08-09 16:01:05.561,2026-08-09 16:01:25.561,plots\260809_LL_W_AI\event_0855.png
856,260809_LL_W_AI,annotation,,,2026-08-09 16:01:19.379,0.442,58.6,1093.2,513.2,1141.5,546.4,2026-08-09 16:01:09.379,2026-08-09 16:01:29.379,plots\260809_LL_W_AI\event_0856.png
857,260809_LL_W_AI,annotation,,,2026-08-09 16:01:30.441,0.779,74.3,885.5,487.6,946.8,529.6,2026-08-09 16:01:20.441,2026-08-09 16:01:40.441,plots\260809_LL_W_AI\event_0857.png
858,260809_LL_W_AI,annotation,,,2026-08-09 16:01:44.850,0.735,40.1,972.1,523.3,999.7,552.4,2026-08-09 16:01:34.850,2026-08-09 16:01:54.850,plots\260809_LL_W_AI\event_0858.png
859,260809_LL_W_AI,deletion,,,2026-08-09 16:01:57.329,0.096,0.0,1067.8,556.5,1067.8,556.5,2026-08-09 16:01:47.329,2026-08-09 16:02:07.329,plots\260809_LL_W_AI\event_0859.png
860,260809_LL_W_AI,deletion,,,2026-08-09 16:02:13.303,0.098,0.0,1072.8,564.1,1072.8,564.1,2026-08-09 16:02:03.303,2026-08-09 16:02:23.303,plots\260809_LL_W_AI\event_0860.png
861,260809_LL_W_AI,deletion,,,2026-08-09 16:02:17.173,0.076,0.0,1070.1,557.5,1070.1,557.5,2026-08-09 16:02:07.173,2026-08-09 16:02:27.173,plots\260809_LL_W_AI\event_0861.png
862,260809_LL_W_AI,deletion,,,2026-08-09 16:02:17.173,0.074,0.0,1066.1,562.3,1066.1,562.3,2026-08-09 16:02:07.173,2026-08-09 16:02:27.173,plots\260809_LL_W_AI\event_0862.png
863,260809_LL_W_AI,annotation,,,2026-08-09 16:03:06.681,0.216,103.2,1003.3,544.5,1104.8,526.4,2026-08-09 16:02:56.681,2026-08-09 16:03:16.681,plots\260809_LL_W_AI\event_0863.png
864,260809_LL_W_AI,annotation,,,2026-08-09 16:03:07.467,0.182,231.2,909.7,539.3,1140.2,520.9,2026-08-09 16:02:57.467,2026-08-09 16:03:17.467,plots\260809_LL_W_AI\event_0864.png
865,260809_LL_W_AI,annotation,,,2026-08-09 16:03:22.507,0.21,70.3,1056.3,648.8,1121.1,621.6,2026-08-09 16:03:12.507,2026-08-09 16:03:32.507,plots\260809_LL_W_AI\event_0865.png
866,260809_LL_W_AI,annotation,,,2026-08-09 16:03:23.796,0.17,45.3,1147.9,630.2,1102.9,635.6,2026-08-09 16:03:13.796,2026-08-09 16:03:33.796,plots\260809_LL_W_AI\event_0866.png
867,260809_LL_W_AI,annotation,,,2026-08-09 16:03:24.440,0.473,8.0,1129.4,627.4,1134.1,621.0,2026-08-09 16:03:14.440,2026-08-09 16:03:34.440,plots\260809_LL_W_AI\event_0867.png
868,260809_LL_W_AI,annotation,,,2026-08-09 16:03:25.183,0.18,23.6,1090.9,639.4,1114.4,641.4,2026-08-09 16:03:15.183,2026-08-09 16:03:35.183,plots\260809_LL_W_AI\event_0868.png
869,260809_LL_W_AI,annotation,,,2026-08-09 16:04:37.259,0.188,175.1,878.1,472.7,1053.1,472.6,2026-08-09 16:04:27.259,2026-08-09 16:04:47.259,plots\260809_LL_W_AI\event_0869.png
870,260809_LL_W_AI,annotation,,,2026-08-09 16:04:37.752,0.143,146.4,882.5,506.5,1028.1,491.0,2026-08-09 16:04:27.752,2026-08-09 16:04:47.752,plots\260809_LL_W_AI\event_0870.png
871,260809_LL_W_AI,annotation,,,2026-08-09 16:05:13.719,0.576,33.1,913.7,524.0,941.0,542.7,2026-08-09 16:05:03.719,2026-08-09 16:05:23.719,plots\260809_LL_W_AI\event_0871.png
872,260809_LL_W_AI,annotation,,,2026-08-09 16:05:14.425,0.266,34.9,932.1,532.8,919.9,500.1,2026-08-09 16:05:04.425,2026-08-09 16:05:24.425,plots\260809_LL_W_AI\event_0872.png
873,260809_LL_W_AI,annotation,,,2026-08-09 16:05:14.976,0.249,25.5,976.4,511.0,994.3,492.9,2026-08-09 16:05:04.976,2026-08-09 16:05:24.976,plots\260809_LL_W_AI\event_0873.png
874,260809_LL_W_AI,annotation,,,2026-08-09 16:05:15.525,0.335,27.3,1085.9,533.9,1103.1,555.2,2026-08-09 16:05:05.525,2026-08-09 16:05:25.525,plots\260809_LL_W_AI\event_0874.png
875,260809_LL_W_AI,annotation,,,2026-08-09 16:05:16.050,0.606,16.7,1111.3,551.1,1127.5,546.8,2026-08-09 16:05:06.050,2026-08-09 16:05:26.050,plots\260809_LL_W_AI\event_0875.png
876,260809_LL_W_AI,annotation,,,2026-08-09 16:05:16.940,0.608,47.1,1077.8,559.2,1033.0,544.4,2026-08-09 16:05:06.940,2026-08-09 16:05:26.940,plots\260809_LL_W_AI\event_0876.png
877,260809_LL_W_AI,annotation,,,2026-08-09 16:05:17.835,0.192,39.9,1105.9,549.9,1137.0,574.9,2026-08-09 16:05:07.835,2026-08-09 16:05:27.835,plots\260809_LL_W_AI\event_0877.png
878,260809_LL_W_AI,annotation,,,2026-08-09 16:05:18.294,0.12,37.3,1028.3,575.6,1065.4,571.1,2026-08-09 16:05:08.294,2026-08-09 16:05:28.294,plots\260809_LL_W_AI\event_0878.png
879,260809_LL_W_AI,annotation,,,2026-08-09 16:05:22.973,0.304,30.3,1127.1,553.4,1097.1,557.6,2026-08-09 16:05:12.973,2026-08-09 16:05:32.973,plots\260809_LL_W_AI\event_0879.png
880,260809_LL_W_AI,deletion,,,2026-08-09 16:05:24.930,0.069,0.6,1127.7,559.3,1127.2,559.8,2026-08-09 16:05:14.930,2026-08-09 16:05:34.930,plots\260809_LL_W_AI\event_0880.png
881,260809_LL_W_AI,annotation,,,2026-08-09 16:05:29.009,0.674,41.5,905.6,528.4,938.4,553.9,2026-08-09 16:05:19.009,2026-08-09 16:05:39.009,plots\260809_LL_W_AI\event_0881.png
882,260809_LL_W_AI,annotation,,,2026-08-09 16:05:31.310,0.728,49.4,917.3,516.2,949.6,553.6,2026-08-09 16:05:21.310,2026-08-09 16:05:41.310,plots\260809_LL_W_AI\event_0882.png
883,260809_LL_W_AI,annotation,,,2026-08-09 16:05:42.575,0.902,50.6,945.6,481.7,984.9,513.6,2026-08-09 16:05:32.575,2026-08-09 16:05:52.575,plots\260809_LL_W_AI\event_0883.png
884,260809_LL_W_AI,annotation,,,2026-08-09 16:05:45.142,0.344,64.8,1020.2,472.3,1060.7,522.9,2026-08-09 16:05:35.142,2026-08-09 16:05:55.142,plots\260809_LL_W_AI\event_0884.png
885,260809_LL_W_AI,annotation,,,2026-08-09 16:06:43.793,0.135,110.4,699.2,493.7,809.5,490.5,2026-08-09 16:06:33.793,2026-08-09 16:06:53.793,plots\260809_LL_W_AI\event_0885.png
886,260809_LL_W_AI,annotation,,,2026-08-09 16:06:44.341,0.125,208.1,857.5,478.6,1065.4,468.7,2026-08-09 16:06:34.341,2026-08-09 16:06:54.341,plots\260809_LL_W_AI\event_0886.png
887,260809_LL_W_AI,annotation,,,2026-08-09 16:06:44.958,0.2,60.1,952.4,471.9,1007.9,448.7,2026-08-09 16:06:34.958,2026-08-09 16:06:54.958,plots\260809_LL_W_AI\event_0887.png
888,260809_LL_W_AI,annotation,,,2026-08-09 16:06:45.337,0.225,26.4,1014.4,428.7,1019.7,402.8,2026-08-09 16:06:35.337,2026-08-09 16:06:55.337,plots\260809_LL_W_AI\event_0888.png
889,260809_LL_W_AI,annotation,,,2026-08-09 16:06:45.869,0.36,17.2,1029.2,434.2,1032.6,451.1,2026-08-09 16:06:35.869,2026-08-09 16:06:55.869,plots\260809_LL_W_AI\event_0889.png
890,260809_LL_W_AI,annotation,,,2026-08-09 16:06:47.978,0.165,53.0,1112.6,476.2,1061.2,489.0,2026-08-09 16:06:37.978,2026-08-09 16:06:57.978,plots\260809_LL_W_AI\event_0890.png
891,260809_LL_W_AI,annotation,,,2026-08-09 16:06:48.487,0.411,33.5,1090.6,490.7,1113.2,465.9,2026-08-09 16:06:38.487,2026-08-09 16:06:58.487,plots\260809_LL_W_AI\event_0891.png
892,260809_LL_W_AI,annotation,,,2026-08-09 16:06:49.200,1.889,24.3,1087.8,486.5,1107.9,500.2,2026-08-09 16:06:39.200,2026-08-09 16:06:59.200,plots\260809_LL_W_AI\event_0892.png
893,260809_LL_W_AI,annotation,,,2026-08-09 16:07:48.983,0.974,30.8,947.8,517.3,978.3,521.9,2026-08-09 16:07:38.983,2026-08-09 16:07:58.983,plots\260809_LL_W_AI\event_0893.png
894,260809_LL_W_AI,annotation,,,2026-08-09 16:07:50.257,0.494,21.9,979.0,529.8,958.6,521.8,2026-08-09 16:07:40.257,2026-08-09 16:08:00.257,plots\260809_LL_W_AI\event_0894.png
895,260809_LL_W_AI,annotation,,,2026-08-09 16:07:52.169,0.78,52.9,951.5,516.2,990.9,551.5,2026-08-09 16:07:42.169,2026-08-09 16:08:02.169,plots\260809_LL_W_AI\event_0895.png
896,260809_LL_W_AI,annotation,,,2026-08-09 16:08:21.779,1.059,81.1,891.8,504.2,964.5,540.0,2026-08-09 16:08:11.779,2026-08-09 16:08:31.779,plots\260809_LL_W_AI\event_0896.png
897,260809_LL_W_AI,annotation,,,2026-08-09 16:08:41.575,0.5,63.7,1004.7,633.6,1058.3,668.0,2026-08-09 16:08:31.575,2026-08-09 16:08:51.575,plots\260809_LL_W_AI\event_0897.png
898,260809_LL_W_AI,annotation,,,2026-08-09 16:09:00.843,0.165,341.7,639.7,516.4,981.4,519.3,2026-08-09 16:08:50.843,2026-08-09 16:09:10.843,plots\260809_LL_W_AI\event_0898.png
899,260809_LL_W_AI,annotation,,,2026-08-09 16:09:01.433,0.509,58.9,960.6,507.5,1010.9,476.8,2026-08-09 16:08:51.433,2026-08-09 16:09:11.433,plots\260809_LL_W_AI\event_0899.png
900,260809_LL_W_AI,annotation,,,2026-08-09 16:09:09.901,0.87,18.5,903.1,539.4,919.4,548.0,2026-08-09 16:08:59.901,2026-08-09 16:09:19.901,plots\260809_LL_W_AI\event_0900.png
901,260809_LL_W_AI,annotation,,,2026-08-09 16:09:11.253,0.335,13.3,900.8,548.4,898.1,535.4,2026-08-09 16:09:01.253,2026-08-09 16:09:21.253,plots\260809_LL_W_AI\event_0901.png
902,260809_LL_W_AI,annotation,,,2026-08-09 16:09:13.111,0.806,71.6,900.8,542.2,946.8,597.1,2026-08-09 16:09:03.111,2026-08-09 16:09:23.111,plots\260809_LL_W_AI\event_0902.png
903,260809_LL_W_AI,annotation,,,2026-08-09 16:09:21.631,0.864,59.4,1054.0,557.0,1091.1,603.4,2026-08-09 16:09:11.631,2026-08-09 16:09:31.631,plots\260809_LL_W_AI\event_0903.png
904,260809_LL_W_AI,annotation,,,2026-08-09 16:09:52.292,0.854,62.3,1020.5,515.6,1074.3,547.0,2026-08-09 16:09:42.292,2026-08-09 16:10:02.292,plots\260809_LL_W_AI\event_0904.png
905,260809_LL_W_AI,annotation,,,2026-08-09 16:09:59.716,0.833,67.2,1006.5,511.0,1061.9,548.9,2026-08-09 16:09:49.716,2026-08-09 16:10:09.716,plots\260809_LL_W_AI\event_0905.png
906,260809_LL_W_AI,annotation,,,2026-08-09 16:10:01.159,0.335,52.2,953.3,520.5,996.5,549.7,2026-08-09 16:09:51.159,2026-08-09 16:10:11.159,plots\260809_LL_W_AI\event_0906.png
907,260809_LL_W_AI,annotation,,,2026-08-09 16:10:38.425,0.884,78.2,961.6,614.8,1031.4,650.0,2026-08-09 16:10:28.425,2026-08-09 16:10:48.425,plots\260809_LL_W_AI\event_0907.png
908,260809_LL_W_AI,annotation,,,2026-08-09 16:10:43.502,0.375,71.7,1023.1,643.2,1080.9,685.8,2026-08-09 16:10:33.502,2026-08-09 16:10:53.502,plots\260809_LL_W_AI\event_0908.png
909,260809_LL_W_AI,annotation,,,2026-08-09 16:10:47.603,0.595,58.7,950.0,644.1,1000.7,673.7,2026-08-09 16:10:37.603,2026-08-09 16:10:57.603,plots\260809_LL_W_AI\event_0909.png
910,260809_LL_W_AI,annotation,,,2026-08-09 16:11:15.751,0.165,187.8,593.1,546.0,780.4,558.1,2026-08-09 16:11:05.751,2026-08-09 16:11:25.751,plots\260809_LL_W_AI\event_0910.png
911,260809_LL_W_AI,annotation,,,2026-08-09 16:11:16.231,0.135,229.5,729.4,558.0,957.4,532.3,2026-08-09 16:11:06.231,2026-08-09 16:11:26.231,plots\260809_LL_W_AI\event_0911.png
912,260809_LL_W_AI,annotation,,,2026-08-09 16:11:41.566,0.143,1.9,1030.2,637.3,1031.6,638.6,2026-08-09 16:11:31.566,2026-08-09 16:11:51.566,plots\260809_LL_W_AI\event_0912.png
913,260809_LL_W_AI,annotation,,,2026-08-09 16:11:42.925,0.111,0.2,1036.1,638.6,1036.3,638.6,2026-08-09 16:11:32.925,2026-08-09 16:11:52.925,plots\260809_LL_W_AI\event_0913.png
914,260809_LL_W_AI,deletion,,,2026-08-09 16:11:52.428,0.09,0.0,1046.2,713.9,1046.2,713.9,2026-08-09 16:11:42.428,2026-08-09 16:12:02.428,plots\260809_LL_W_AI\event_0914.png
915,260809_LL_W_AI,annotation,,,2026-08-09 16:12:53.976,0.233,51.1,924.7,569.3,974.4,557.5,2026-08-09 16:12:43.976,2026-08-09 16:13:03.976,plots\260809_LL_W_AI\event_0915.png
916,260809_LL_W_AI,annotation,,,2026-08-09 16:12:54.528,0.142,212.6,942.3,537.6,1154.2,519.8,2026-08-09 16:12:44.528,2026-08-09 16:13:04.528,plots\260809_LL_W_AI\event_0916.png
917,260809_LL_W_AI,deletion,,,2026-08-09 16:14:11.313,0.096,0.0,1192.4,520.5,1192.4,520.5,2026-08-09 16:14:01.313,2026-08-09 16:14:21.313,plots\260809_LL_W_AI\event_0917.png
918,260809_LL_W_AI,annotation,,,2026-08-09 16:14:32.476,0.656,162.6,1030.7,548.6,1021.1,386.3,2026-08-09 16:14:22.476,2026-08-09 16:14:42.476,plots\260809_LL_W_AI\event_0918.png
919,260809_LL_W_AI,annotation,,,2026-08-09 16:21:45.430,0.104,0.2,1498.4,1050.0,1498.7,1050.0,2026-08-09 16:21:35.430,2026-08-09 16:21:55.430,plots\260809_LL_W_AI\event_0919.png
432,260809_YWH_W_AI,annotation,,,2026-08-09 09:11:53.669,0.413,137.7,999.6,533.1,1103.0,624.0,2026-08-09 09:11:43.669,2026-08-09 09:12:03.669,plots\260809_YWH_W_AI\event_0432.png
433,260809_YWH_W_AI,annotation,,,2026-08-09 09:11:57.037,0.106,0.2,1103.8,620.4,1103.8,620.7,2026-08-09 09:11:47.037,2026-08-09 09:12:07.037,plots\260809_YWH_W_AI\event_0433.png
434,260809_YWH_W_AI,annotation,,,2026-08-09 09:19:51.843,0.12,0.5,1126.6,624.3,1127.0,624.3,2026-08-09 09:19:41.843,2026-08-09 09:20:01.843,plots\260809_YWH_W_AI\event_0434.png
435,260809_YWH_W_AI,annotation,,,2026-08-09 09:20:02.384,0.207,0.3,1187.2,499.0,1186.9,499.2,2026-08-09 09:19:52.384,2026-08-09 09:20:12.384,plots\260809_YWH_W_AI\event_0435.png
436,260809_YWH_W_AI,annotation,,,2026-08-09 09:21:18.253,0.982,53.8,990.8,565.0,956.4,523.5,2026-08-09 09:21:08.253,2026-08-09 09:21:28.253,plots\260809_YWH_W_AI\event_0436.png
437,260809_YWH_W_AI,annotation,,,2026-08-09 09:23:05.585,0.105,0.2,972.0,534.6,971.8,534.6,2026-08-09 09:22:55.585,2026-08-09 09:23:15.585,plots\260809_YWH_W_AI\event_0437.png
438,260809_YWH_W_AI,annotation,,,2026-08-09 09:23:44.676,0.104,0.2,1008.4,634.7,1008.6,634.7,2026-08-09 09:23:34.676,2026-08-09 09:23:54.676,plots\260809_YWH_W_AI\event_0438.png
439,260809_YWH_W_AI,annotation,,,2026-08-09 09:25:26.368,0.106,0.6,955.1,783.2,955.6,783.7,2026-08-09 09:25:16.368,2026-08-09 09:25:36.368,plots\260809_YWH_W_AI\event_0439.png
440,260809_YWH_W_AI,annotation,,,2026-08-09 09:25:55.410,3.793,124.4,1120.0,743.8,1242.1,719.8,2026-08-09 09:25:45.410,2026-08-09 09:26:05.410,plots\260809_YWH_W_AI\event_0440.png
441,260809_YWH_W_AI,annotation,,,2026-08-09 09:26:44.976,0.105,0.2,865.7,624.9,865.9,624.9,2026-08-09 09:26:34.976,2026-08-09 09:26:54.976,plots\260809_YWH_W_AI\event_0441.png
442,260809_YWH_W_AI,annotation,,,2026-08-09 09:27:58.352,2.653,63.2,1060.6,663.0,1121.7,646.6,2026-08-09 09:27:48.352,2026-08-09 09:28:08.352,plots\260809_YWH_W_AI\event_0442.png
443,260809_YWH_W_AI,annotation,,,2026-08-09 09:28:03.443,2.589,34.8,1112.9,648.2,1081.5,663.2,2026-08-09 09:27:53.443,2026-08-09 09:28:13.443,plots\260809_YWH_W_AI\event_0443.png
444,260809_YWH_W_AI,annotation,,,2026-08-09 09:28:22.291,1.672,97.5,971.4,457.9,1050.7,401.0,2026-08-09 09:28:12.291,2026-08-09 09:28:32.291,plots\260809_YWH_W_AI\event_0444.png
445,260809_YWH_W_AI,annotation,,,2026-08-09 09:29:36.142,0.112,1.8,1026.2,557.8,1028.0,557.5,2026-08-09 09:29:26.142,2026-08-09 09:29:46.142,plots\260809_YWH_W_AI\event_0445.png
446,260809_YWH_W_AI,annotation,,,2026-08-09 09:30:42.165,6.39,74.2,1118.1,672.9,1050.4,642.6,2026-08-09 09:30:32.165,2026-08-09 09:30:52.165,plots\260809_YWH_W_AI\event_0446.png
447,260809_YWH_W_AI,annotation,,,2026-08-09 09:30:52.836,1.638,299.7,1127.7,651.9,1426.0,680.7,2026-08-09 09:30:42.836,2026-08-09 09:31:02.836,plots\260809_YWH_W_AI\event_0447.png
448,260809_YWH_W_AI,annotation,,,2026-08-09 09:30:54.894,4.342,59.3,1195.2,642.4,1230.7,689.9,2026-08-09 09:30:44.894,2026-08-09 09:31:04.894,plots\260809_YWH_W_AI\event_0448.png
449,260809_YWH_W_AI,annotation,,,2026-08-09 09:31:58.563,0.117,1.0,1276.4,745.9,1277.1,746.6,2026-08-09 09:31:48.563,2026-08-09 09:32:08.563,plots\260809_YWH_W_AI\event_0449.png
450,260809_YWH_W_AI,annotation,,,2026-08-09 09:32:11.993,4.965,122.0,1057.5,647.9,1171.4,603.9,2026-08-09 09:32:01.993,2026-08-09 09:32:21.993,plots\260809_YWH_W_AI\event_0450.png
451,260809_YWH_W_AI,annotation,,,2026-08-09 09:32:39.121,1.396,22.7,1079.3,542.0,1098.3,554.3,2026-08-09 09:32:29.121,2026-08-09 09:32:49.121,plots\260809_YWH_W_AI\event_0451.png
452,260809_YWH_W_AI,annotation,,,2026-08-09 09:32:40.919,2.178,41.2,1091.9,555.4,1050.8,558.5,2026-08-09 09:32:30.919,2026-08-09 09:32:50.919,plots\260809_YWH_W_AI\event_0452.png
453,260809_YWH_W_AI,annotation,,,2026-08-09 09:32:55.891,2.776,11.9,1078.4,643.4,1073.6,654.3,2026-08-09 09:32:45.891,2026-08-09 09:33:05.891,plots\260809_YWH_W_AI\event_0453.png
454,260809_YWH_W_AI,annotation,,,2026-08-09 09:33:02.252,3.247,133.9,860.7,582.8,966.7,664.6,2026-08-09 09:32:52.252,2026-08-09 09:33:12.252,plots\260809_YWH_W_AI\event_0454.png
455,260809_YWH_W_AI,annotation,,,2026-08-09 09:34:09.308,0.105,0.2,694.7,392.2,694.9,392.2,2026-08-09 09:33:59.308,2026-08-09 09:34:19.308,plots\260809_YWH_W_AI\event_0455.png
456,260809_YWH_W_AI,annotation,,,2026-08-09 09:34:56.357,0.105,0.3,806.1,413.8,806.3,414.0,2026-08-09 09:34:46.357,2026-08-09 09:35:06.357,plots\260809_YWH_W_AI\event_0456.png
457,260809_YWH_W_AI,annotation,,,2026-08-09 09:35:13.945,0.104,0.5,920.5,751.2,921.0,751.2,2026-08-09 09:35:03.945,2026-08-09 09:35:23.945,plots\260809_YWH_W_AI\event_0457.png
458,260809_YWH_W_AI,annotation,,,2026-08-09 09:35:18.152,0.105,0.2,919.9,732.3,920.2,732.3,2026-08-09 09:35:08.152,2026-08-09 09:35:28.152,plots\260809_YWH_W_AI\event_0458.png
459,260809_YWH_W_AI,annotation,,,2026-08-09 09:35:38.364,0.105,0.2,125.5,121.1,125.5,120.8,2026-08-09 09:35:28.364,2026-08-09 09:35:48.364,plots\260809_YWH_W_AI\event_0459.png
460,260809_YWH_W_AI,annotation,,,2026-08-09 09:37:25.788,1.83,32.4,1104.1,714.2,1134.2,702.2,2026-08-09 09:37:15.788,2026-08-09 09:37:35.788,plots\260809_YWH_W_AI\event_0460.png
461,260809_YWH_W_AI,annotation,,,2026-08-09 09:37:43.261,0.105,0.3,715.5,489.7,715.7,490.0,2026-08-09 09:37:33.261,2026-08-09 09:37:53.261,plots\260809_YWH_W_AI\event_0461.png
462,260809_YWH_W_AI,annotation,,,2026-08-09 09:38:48.527,0.113,0.5,670.3,526.7,670.8,526.7,2026-08-09 09:38:38.527,2026-08-09 09:38:58.527,plots\260809_YWH_W_AI\event_0462.png
463,260809_YWH_W_AI,annotation,,,2026-08-09 09:39:47.435,1.291,89.8,810.3,777.2,886.9,824.2,2026-08-09 09:39:37.435,2026-08-09 09:39:57.435,plots\260809_YWH_W_AI\event_0463.png
464,260809_YWH_W_AI,annotation,,,2026-08-09 09:49:36.033,0.115,2.1,686.5,164.9,687.9,166.5,2026-08-09 09:49:26.033,2026-08-09 09:49:46.033,plots\260809_YWH_W_AI\event_0464.png
465,260809_YWH_W_AI,annotation,,,2026-08-09 09:50:57.797,0.113,0.2,1094.8,749.0,1095.0,749.0,2026-08-09 09:50:47.797,2026-08-09 09:51:07.797,plots\260809_YWH_W_AI\event_0465.png
466,260809_YWH_W_AI,annotation,,,2026-08-09 09:51:08.659,2.009,43.8,1139.4,763.5,1178.1,743.0,2026-08-09 09:50:58.659,2026-08-09 09:51:18.659,plots\260809_YWH_W_AI\event_0466.png
467,260809_YWH_W_AI,annotation,,,2026-08-09 09:53:31.431,0.127,0.2,1085.5,788.1,1085.7,788.1,2026-08-09 09:53:21.431,2026-08-09 09:53:41.431,plots\260809_YWH_W_AI\event_0467.png
468,260809_YWH_W_AI,annotation,,,2026-08-09 09:54:38.886,0.101,0.3,746.9,243.3,747.1,243.5,2026-08-09 09:54:28.886,2026-08-09 09:54:48.886,plots\260809_YWH_W_AI\event_0468.png
469,260809_YWH_W_AI,annotation,,,2026-08-09 09:54:40.558,0.108,4.6,947.9,481.7,944.8,478.3,2026-08-09 09:54:30.558,2026-08-09 09:54:50.558,plots\260809_YWH_W_AI\event_0469.png
470,260809_YWH_W_AI,annotation,,,2026-08-09 09:59:36.533,0.106,0.3,676.1,321.9,676.3,322.1,2026-08-09 09:59:26.533,2026-08-09 09:59:46.533,plots\260809_YWH_W_AI\event_0470.png
471,260809_YWH_W_AI,annotation,,,2026-08-09 10:00:37.380,0.106,0.8,797.6,334.6,798.1,335.2,2026-08-09 10:00:27.380,2026-08-09 10:00:47.380,plots\260809_YWH_W_AI\event_0471.png
472,260809_YWH_W_AI,annotation,,,2026-08-09 10:03:50.611,0.105,0.5,863.1,396.2,863.1,396.6,2026-08-09 10:03:40.611,2026-08-09 10:04:00.611,plots\260809_YWH_W_AI\event_0472.png
473,260809_YWH_W_AI,annotation,,,2026-08-09 10:06:56.597,0.106,0.3,1324.4,938.4,1324.7,938.6,2026-08-09 10:06:46.597,2026-08-09 10:07:06.597,plots\260809_YWH_W_AI\event_0473.png
474,260809_YWH_W_AI,annotation,,,2026-08-09 10:07:49.172,2.312,215.6,980.5,737.2,1160.0,856.6,2026-08-09 10:07:39.172,2026-08-09 10:07:59.172,plots\260809_YWH_W_AI\event_0474.png
475,260809_YWH_W_AI,annotation,,,2026-08-09 10:13:37.317,0.1,1.5,792.9,508.3,793.6,509.7,2026-08-09 10:13:27.317,2026-08-09 10:13:47.317,plots\260809_YWH_W_AI\event_0475.png
476,260809_YWH_W_AI,annotation,,,2026-08-09 10:26:46.992,0.121,2.6,51.4,60.6,52.2,63.1,2026-08-09 10:26:36.992,2026-08-09 10:26:56.992,plots\260809_YWH_W_AI\event_0476.png
477,260809_YWH_W_AI,annotation,,,2026-08-09 10:26:49.391,0.129,0.2,1146.9,1043.9,1146.9,1044.1,2026-08-09 10:26:39.391,2026-08-09 10:26:59.391,plots\260809_YWH_W_AI\event_0477.png
478,260809_YWH_W_AI,annotation,,,2026-08-09 10:27:04.483,1.428,399.7,896.7,398.6,1295.7,373.8,2026-08-09 10:26:54.483,2026-08-09 10:27:14.483,plots\260809_YWH_W_AI\event_0478.png
479,260809_YWH_W_AI,annotation,,,2026-08-09 10:27:06.891,0.449,56.9,1003.9,575.7,1060.3,568.7,2026-08-09 10:26:56.891,2026-08-09 10:27:16.891,plots\260809_YWH_W_AI\event_0479.png
480,260809_YWH_W_AI,annotation,,,2026-08-09 10:28:59.397,1.044,7.4,951.1,533.7,958.5,533.8,2026-08-09 10:28:49.397,2026-08-09 10:29:09.397,plots\260809_YWH_W_AI\event_0480.png
481,260809_YWH_W_AI,annotation,,,2026-08-09 10:30:18.300,1.398,319.9,1033.9,624.4,1352.9,599.3,2026-08-09 10:30:08.300,2026-08-09 10:30:28.300,plots\260809_YWH_W_AI\event_0481.png
482,260809_YWH_W_AI,annotation,,,2026-08-09 10:30:20.182,1.687,140.6,1086.5,650.3,1214.6,592.4,2026-08-09 10:30:10.182,2026-08-09 10:30:30.182,plots\260809_YWH_W_AI\event_0482.png
483,260809_YWH_W_AI,annotation,,,2026-08-09 10:30:46.560,1.134,97.3,1033.3,588.5,1110.4,647.8,2026-08-09 10:30:36.560,2026-08-09 10:30:56.560,plots\260809_YWH_W_AI\event_0483.png
484,260809_YWH_W_AI,annotation,,,2026-08-09 10:33:48.856,1.577,363.5,875.3,417.3,1227.2,326.5,2026-08-09 10:33:38.856,2026-08-09 10:33:58.856,plots\260809_YWH_W_AI\event_0484.png
485,260809_YWH_W_AI,annotation,,,2026-08-09 10:33:50.733,1.679,102.6,1146.0,550.9,1246.8,531.3,2026-08-09 10:33:40.733,2026-08-09 10:34:00.733,plots\260809_YWH_W_AI\event_0485.png
486,260809_YWH_W_AI,annotation,,,2026-08-09 10:36:08.815,1.562,458.0,905.6,570.7,1338.2,420.3,2026-08-09 10:35:58.815,2026-08-09 10:36:18.815,plots\260809_YWH_W_AI\event_0486.png
487,260809_YWH_W_AI,annotation,,,2026-08-09 10:36:10.887,0.6,117.8,1199.4,571.3,1314.1,544.6,2026-08-09 10:36:00.887,2026-08-09 10:36:20.887,plots\260809_YWH_W_AI\event_0487.png
488,260809_YWH_W_AI,annotation,,,2026-08-09 10:37:37.589,1.124,419.4,899.8,540.1,1305.2,433.0,2026-08-09 10:37:27.589,2026-08-09 10:37:47.589,plots\260809_YWH_W_AI\event_0488.png
489,260809_YWH_W_AI,annotation,,,2026-08-09 10:37:39.225,0.733,84.2,1127.9,567.4,1212.0,567.0,2026-08-09 10:37:29.225,2026-08-09 10:37:49.225,plots\260809_YWH_W_AI\event_0489.png
490,260809_YWH_W_AI,annotation,,,2026-08-09 10:39:18.660,1.007,564.6,823.0,546.0,1378.3,444.2,2026-08-09 10:39:08.660,2026-08-09 10:39:28.660,plots\260809_YWH_W_AI\event_0490.png
491,260809_YWH_W_AI,annotation,,,2026-08-09 10:39:20.189,0.352,68.7,1189.8,600.1,1258.5,600.7,2026-08-09 10:39:10.189,2026-08-09 10:39:30.189,plots\260809_YWH_W_AI\event_0491.png
492,260809_YWH_W_AI,annotation,,,2026-08-09 10:39:21.053,1.177,22.0,1244.7,611.8,1223.3,607.1,2026-08-09 10:39:11.053,2026-08-09 10:39:31.053,plots\260809_YWH_W_AI\event_0492.png
493,260809_YWH_W_AI,annotation,,,2026-08-09 10:39:36.412,1.278,135.6,1083.6,620.6,1195.7,696.9,2026-08-09 10:39:26.412,2026-08-09 10:39:46.412,plots\260809_YWH_W_AI\event_0493.png
494,260809_YWH_W_AI,annotation,,,2026-08-09 10:39:45.925,0.569,101.9,1071.2,600.4,1157.3,655.1,2026-08-09 10:39:35.925,2026-08-09 10:39:55.925,plots\260809_YWH_W_AI\event_0494.png
495,260809_YWH_W_AI,annotation,,,2026-08-09 10:41:39.927,10.784,1193.8,211.9,144.1,1396.0,296.2,2026-08-09 10:41:29.927,2026-08-09 10:41:49.927,plots\260809_YWH_W_AI\event_0495.png
496,260809_YWH_W_AI,annotation,,,2026-08-09 10:41:56.069,0.806,444.8,850.6,504.5,1290.8,440.6,2026-08-09 10:41:46.069,2026-08-09 10:42:06.069,plots\260809_YWH_W_AI\event_0496.png
497,260809_YWH_W_AI,annotation,,,2026-08-09 10:42:19.303,1.783,1103.1,1395.6,143.9,293.6,194.1,2026-08-09 10:42:09.303,2026-08-09 10:42:29.303,plots\260809_YWH_W_AI\event_0497.png
498,260809_YWH_W_AI,annotation,,,2026-08-09 10:42:22.286,47.372,497.7,294.6,148.7,534.8,584.6,2026-08-09 10:42:12.286,2026-08-09 10:42:32.286,plots\260809_YWH_W_AI\event_0498.png
499,260809_YWH_W_AI,annotation,,,2026-08-09 10:43:21.728,0.621,359.8,908.1,486.8,1267.9,487.3,2026-08-09 10:43:11.728,2026-08-09 10:43:31.728,plots\260809_YWH_W_AI\event_0499.png
500,260809_YWH_W_AI,annotation,,,2026-08-09 10:43:22.828,0.578,208.6,1095.8,585.5,1304.3,586.0,2026-08-09 10:43:12.828,2026-08-09 10:43:32.828,plots\260809_YWH_W_AI\event_0500.png
501,260809_YWH_W_AI,annotation,,,2026-08-09 10:43:23.796,1.635,22.2,1280.2,600.9,1262.2,587.9,2026-08-09 10:43:13.796,2026-08-09 10:43:33.796,plots\260809_YWH_W_AI\event_0501.png
502,260809_YWH_W_AI,annotation,,,2026-08-09 10:44:00.878,22.687,352.2,1370.3,145.7,1691.2,290.9,2026-08-09 10:43:50.878,2026-08-09 10:44:10.878,plots\260809_YWH_W_AI\event_0502.png
503,260809_YWH_W_AI,annotation,,,2026-08-09 10:44:30.322,0.788,486.7,924.7,582.9,1408.7,532.1,2026-08-09 10:44:20.322,2026-08-09 10:44:40.322,plots\260809_YWH_W_AI\event_0503.png
504,260809_YWH_W_AI,annotation,,,2026-08-09 10:44:32.100,1.266,119.1,1033.1,576.9,1145.6,537.9,2026-08-09 10:44:22.100,2026-08-09 10:44:42.100,plots\260809_YWH_W_AI\event_0504.png
505,260809_YWH_W_AI,annotation,,,2026-08-09 10:44:53.450,11.929,199.5,1186.6,143.9,1002.9,221.7,2026-08-09 10:44:43.450,2026-08-09 10:45:03.450,plots\260809_YWH_W_AI\event_0505.png
506,260809_YWH_W_AI,annotation,,,2026-08-09 10:45:09.141,1.126,104.7,1099.0,605.0,1185.8,663.6,2026-08-09 10:44:59.141,2026-08-09 10:45:19.141,plots\260809_YWH_W_AI\event_0506.png
507,260809_YWH_W_AI,annotation,,,2026-08-09 10:45:14.895,25.259,453.1,998.6,139.1,1448.0,197.3,2026-08-09 10:45:04.895,2026-08-09 10:45:24.895,plots\260809_YWH_W_AI\event_0507.png
508,260809_YWH_W_AI,annotation,,,2026-08-09 10:45:44.932,5.648,17.8,1448.3,143.8,1465.0,150.0,2026-08-09 10:45:34.932,2026-08-09 10:45:54.932,plots\260809_YWH_W_AI\event_0508.png
509,260809_YWH_W_AI,annotation,,,2026-08-09 10:45:54.663,9.644,169.7,1479.8,139.3,1649.2,148.4,2026-08-09 10:45:44.663,2026-08-09 10:46:04.663,plots\260809_YWH_W_AI\event_0509.png
510,260809_YWH_W_AI,annotation,,,2026-08-09 10:46:17.934,7.26,667.8,1417.4,145.9,751.7,198.8,2026-08-09 10:46:07.934,2026-08-09 10:46:27.934,plots\260809_YWH_W_AI\event_0510.png
511,260809_YWH_W_AI,annotation,,,2026-08-09 10:46:34.155,0.806,506.9,909.8,541.3,1414.2,491.0,2026-08-09 10:46:24.155,2026-08-09 10:46:44.155,plots\260809_YWH_W_AI\event_0511.png
512,260809_YWH_W_AI,annotation,,,2026-08-09 10:46:35.461,1.035,104.5,1111.7,590.6,1207.3,548.5,2026-08-09 10:46:25.461,2026-08-09 10:46:45.461,plots\260809_YWH_W_AI\event_0512.png
513,260809_YWH_W_AI,annotation,,,2026-08-09 10:46:36.917,0.107,12.1,1160.0,503.5,1151.5,512.0,2026-08-09 10:46:26.917,2026-08-09 10:46:46.917,plots\260809_YWH_W_AI\event_0513.png
514,260809_YWH_W_AI,annotation,,,2026-08-09 10:46:40.178,23.437,362.4,1350.8,141.2,1713.2,143.7,2026-08-09 10:46:30.178,2026-08-09 10:46:50.178,plots\260809_YWH_W_AI\event_0514.png
515,260809_YWH_W_AI,annotation,,,2026-08-09 10:47:10.756,8.258,432.9,1352.8,144.8,921.6,183.4,2026-08-09 10:47:00.756,2026-08-09 10:47:20.756,plots\260809_YWH_W_AI\event_0515.png
516,260809_YWH_W_AI,annotation,,,2026-08-09 10:47:19.202,0.412,63.4,915.2,185.5,852.0,190.4,2026-08-09 10:47:09.202,2026-08-09 10:47:29.202,plots\260809_YWH_W_AI\event_0516.png
517,260809_YWH_W_AI,annotation,,,2026-08-09 10:47:20.461,0.66,111.6,1001.8,271.0,1112.8,282.6,2026-08-09 10:47:10.461,2026-08-09 10:47:30.461,plots\260809_YWH_W_AI\event_0517.png
518,260809_YWH_W_AI,annotation,,,2026-08-09 10:47:22.061,2.121,217.5,919.5,144.1,702.1,150.0,2026-08-09 10:47:12.061,2026-08-09 10:47:32.061,plots\260809_YWH_W_AI\event_0518.png
519,260809_YWH_W_AI,annotation,,,2026-08-09 10:47:25.674,3.623,478.1,702.3,147.9,225.0,175.4,2026-08-09 10:47:15.674,2026-08-09 10:47:35.674,plots\260809_YWH_W_AI\event_0519.png
520,260809_YWH_W_AI,annotation,,,2026-08-09 10:47:33.999,0.579,395.1,918.9,533.4,1314.0,535.4,2026-08-09 10:47:23.999,2026-08-09 10:47:43.999,plots\260809_YWH_W_AI\event_0520.png
521,260809_YWH_W_AI,annotation,,,2026-08-09 10:47:34.869,1.01,280.2,1005.3,581.1,1282.5,539.8,2026-08-09 10:47:24.869,2026-08-09 10:47:44.869,plots\260809_YWH_W_AI\event_0521.png
522,260809_YWH_W_AI,annotation,,,2026-08-09 10:47:36.207,1.348,38.0,1260.8,533.4,1222.8,532.3,2026-08-09 10:47:26.207,2026-08-09 10:47:46.207,plots\260809_YWH_W_AI\event_0522.png
523,260809_YWH_W_AI,annotation,,,2026-08-09 10:48:33.115,20.281,164.5,1570.7,143.0,1481.4,281.2,2026-08-09 10:48:23.115,2026-08-09 10:48:43.115,plots\260809_YWH_W_AI\event_0523.png
524,260809_YWH_W_AI,annotation,,,2026-08-09 10:48:55.099,4.964,4.6,1481.6,145.2,1479.5,141.1,2026-08-09 10:48:45.099,2026-08-09 10:49:05.099,plots\260809_YWH_W_AI\event_0524.png
525,260809_YWH_W_AI,annotation,,,2026-08-09 10:49:05.816,1.147,59.5,1062.1,570.2,1103.0,613.5,2026-08-09 10:48:55.816,2026-08-09 10:49:15.816,plots\260809_YWH_W_AI\event_0525.png
526,260809_YWH_W_AI,annotation,,,2026-08-09 10:49:09.452,8.427,7.4,1479.6,144.3,1472.2,143.4,2026-08-09 10:48:59.452,2026-08-09 10:49:19.452,plots\260809_YWH_W_AI\event_0526.png
527,260809_YWH_W_AI,annotation,,,2026-08-09 10:49:27.545,0.503,287.2,906.3,427.0,1192.4,402.1,2026-08-09 10:49:17.545,2026-08-09 10:49:37.545,plots\260809_YWH_W_AI\event_0527.png
528,260809_YWH_W_AI,annotation,,,2026-08-09 10:49:28.478,0.333,250.8,1048.7,565.8,1299.3,554.0,2026-08-09 10:49:18.478,2026-08-09 10:49:38.478,plots\260809_YWH_W_AI\event_0528.png
529,260809_YWH_W_AI,annotation,,,2026-08-09 10:49:29.195,1.131,14.9,1217.1,575.6,1208.7,563.3,2026-08-09 10:49:19.195,2026-08-09 10:49:39.195,plots\260809_YWH_W_AI\event_0529.png
530,260809_YWH_W_AI,annotation,,,2026-08-09 10:50:27.444,14.912,220.7,1488.9,143.3,1268.5,153.6,2026-08-09 10:50:17.444,2026-08-09 10:50:37.444,plots\260809_YWH_W_AI\event_0530.png
531,260809_YWH_W_AI,annotation,,,2026-08-09 10:50:45.371,0.67,91.2,969.5,601.1,1048.6,646.5,2026-08-09 10:50:35.371,2026-08-09 10:50:55.371,plots\260809_YWH_W_AI\event_0531.png
532,260809_YWH_W_AI,annotation,,,2026-08-09 10:50:49.077,25.538,283.6,1270.1,145.4,1553.1,163.9,2026-08-09 10:50:39.077,2026-08-09 10:50:59.077,plots\260809_YWH_W_AI\event_0532.png
533,260809_YWH_W_AI,annotation,,,2026-08-09 10:51:19.751,0.45,313.8,923.5,550.3,1236.6,529.0,2026-08-09 10:51:09.751,2026-08-09 10:51:29.751,plots\260809_YWH_W_AI\event_0533.png
534,260809_YWH_W_AI,annotation,,,2026-08-09 10:51:20.623,0.292,229.8,1074.4,623.2,1304.2,624.5,2026-08-09 10:51:10.623,2026-08-09 10:51:30.623,plots\260809_YWH_W_AI\event_0534.png
535,260809_YWH_W_AI,annotation,,,2026-08-09 10:51:21.140,0.225,112.1,1082.9,677.8,1192.4,653.9,2026-08-09 10:51:11.140,2026-08-09 10:51:31.140,plots\260809_YWH_W_AI\event_0535.png
536,260809_YWH_W_AI,annotation,,,2026-08-09 10:51:21.934,3.172,16.1,1185.9,652.3,1171.3,645.4,2026-08-09 10:51:11.934,2026-08-09 10:51:31.934,plots\260809_YWH_W_AI\event_0536.png
537,260809_YWH_W_AI,annotation,,,2026-08-09 10:51:32.307,3.66,61.8,982.5,372.2,923.1,389.1,2026-08-09 10:51:22.307,2026-08-09 10:51:42.307,plots\260809_YWH_W_AI\event_0537.png
538,260809_YWH_W_AI,annotation,,,2026-08-09 10:52:51.980,9.106,1311.9,117.0,140.7,1423.1,264.0,2026-08-09 10:52:41.980,2026-08-09 10:53:01.980,plots\260809_YWH_W_AI\event_0538.png
539,260809_YWH_W_AI,annotation,,,2026-08-09 10:53:05.308,1.5,222.7,1420.9,145.1,1643.4,135.1,2026-08-09 10:52:55.308,2026-08-09 10:53:15.308,plots\260809_YWH_W_AI\event_0539.png
540,260809_YWH_W_AI,annotation,,,2026-08-09 10:53:12.297,0.453,297.3,854.7,466.4,1150.5,436.9,2026-08-09 10:53:02.297,2026-08-09 10:53:22.297,plots\260809_YWH_W_AI\event_0540.png
541,260809_YWH_W_AI,annotation,,,2026-08-09 10:53:13.138,0.481,224.3,998.2,479.2,1222.4,470.8,2026-08-09 10:53:03.138,2026-08-09 10:53:23.138,plots\260809_YWH_W_AI\event_0541.png
542,260809_YWH_W_AI,annotation,,,2026-08-09 10:53:13.822,1.521,39.0,1206.0,494.4,1167.7,486.8,2026-08-09 10:53:03.822,2026-08-09 10:53:23.822,plots\260809_YWH_W_AI\event_0542.png
543,260809_YWH_W_AI,annotation,,,2026-08-09 10:54:17.016,15.648,1216.6,1405.4,142.6,201.7,319.4,2026-08-09 10:54:07.016,2026-08-09 10:54:27.016,plots\260809_YWH_W_AI\event_0543.png
544,260809_YWH_W_AI,annotation,,,2026-08-09 10:54:44.699,0.52,344.9,869.1,540.4,1213.2,517.5,2026-08-09 10:54:34.699,2026-08-09 10:54:54.699,plots\260809_YWH_W_AI\event_0544.png
545,260809_YWH_W_AI,annotation,,,2026-08-09 10:54:45.464,1.05,169.6,938.0,620.4,1093.1,551.7,2026-08-09 10:54:35.464,2026-08-09 10:54:55.464,plots\260809_YWH_W_AI\event_0545.png
546,260809_YWH_W_AI,annotation,,,2026-08-09 10:55:05.279,14.718,280.3,1306.4,143.5,1558.1,266.7,2026-08-09 10:54:55.279,2026-08-09 10:55:15.279,plots\260809_YWH_W_AI\event_0546.png
547,260809_YWH_W_AI,annotation,,,2026-08-09 10:55:25.320,0.464,389.8,857.4,527.3,1246.0,496.9,2026-08-09 10:55:15.320,2026-08-09 10:55:35.320,plots\260809_YWH_W_AI\event_0547.png
548,260809_YWH_W_AI,annotation,,,2026-08-09 10:55:26.132,1.414,61.5,1144.8,533.7,1195.6,499.1,2026-08-09 10:55:16.132,2026-08-09 10:55:36.132,plots\260809_YWH_W_AI\event_0548.png
549,260809_YWH_W_AI,annotation,,,2026-08-09 10:55:57.623,14.213,1231.1,1599.8,145.7,374.4,263.8,2026-08-09 10:55:47.623,2026-08-09 10:56:07.623,plots\260809_YWH_W_AI\event_0549.png
550,260809_YWH_W_AI,annotation,,,2026-08-09 10:56:20.842,1.628,180.5,965.6,590.7,1132.9,522.8,2026-08-09 10:56:10.842,2026-08-09 10:56:30.842,plots\260809_YWH_W_AI\event_0550.png
551,260809_YWH_W_AI,annotation,,,2026-08-09 10:56:31.705,9.31,6.5,797.7,144.4,791.2,144.7,2026-08-09 10:56:21.705,2026-08-09 10:56:41.705,plots\260809_YWH_W_AI\event_0551.png
552,260809_YWH_W_AI,annotation,,,2026-08-09 10:57:09.015,0.716,164.5,951.9,500.5,1108.9,549.9,2026-08-09 10:56:59.015,2026-08-09 10:57:19.015,plots\260809_YWH_W_AI\event_0552.png
553,260809_YWH_W_AI,annotation,,,2026-08-09 10:57:35.259,1.305,86.4,900.8,497.9,968.1,552.1,2026-08-09 10:57:25.259,2026-08-09 10:57:45.259,plots\260809_YWH_W_AI\event_0553.png
554,260809_YWH_W_AI,annotation,,,2026-08-09 10:57:50.955,5.997,153.3,1451.3,142.7,1327.1,232.5,2026-08-09 10:57:40.955,2026-08-09 10:58:00.955,plots\260809_YWH_W_AI\event_0554.png
555,260809_YWH_W_AI,annotation,,,2026-08-09 10:58:09.310,5.761,1269.8,118.9,143.0,1382.2,271.4,2026-08-09 10:57:59.310,2026-08-09 10:58:19.310,plots\260809_YWH_W_AI\event_0555.png
556,260809_YWH_W_AI,annotation,,,2026-08-09 10:58:20.322,0.502,367.9,911.1,504.8,1276.3,460.1,2026-08-09 10:58:10.322,2026-08-09 10:58:30.322,plots\260809_YWH_W_AI\event_0556.png
557,260809_YWH_W_AI,annotation,,,2026-08-09 10:58:21.163,0.224,176.2,1263.2,475.1,1438.7,459.2,2026-08-09 10:58:11.163,2026-08-09 10:58:31.163,plots\260809_YWH_W_AI\event_0557.png
558,260809_YWH_W_AI,annotation,,,2026-08-09 10:58:25.963,2.444,28.2,1231.9,559.3,1204.3,553.2,2026-08-09 10:58:15.963,2026-08-09 10:58:35.963,plots\260809_YWH_W_AI\event_0558.png
559,260809_YWH_W_AI,annotation,,,2026-08-09 10:58:41.931,16.774,985.0,1466.4,141.9,499.5,329.7,2026-08-09 10:58:31.931,2026-08-09 10:58:51.931,plots\260809_YWH_W_AI\event_0559.png
560,260809_YWH_W_AI,annotation,,,2026-08-09 10:59:04.002,0.44,238.2,984.1,612.4,1220.6,583.7,2026-08-09 10:58:54.002,2026-08-09 10:59:14.002,plots\260809_YWH_W_AI\event_0560.png
561,260809_YWH_W_AI,annotation,,,2026-08-09 10:59:04.722,0.35,233.6,1117.9,593.5,1350.2,570.1,2026-08-09 10:58:54.722,2026-08-09 10:59:14.722,plots\260809_YWH_W_AI\event_0561.png
562,260809_YWH_W_AI,annotation,,,2026-08-09 10:59:05.501,0.682,24.5,1264.5,615.6,1240.7,609.6,2026-08-09 10:58:55.501,2026-08-09 10:59:15.501,plots\260809_YWH_W_AI\event_0562.png
563,260809_YWH_W_AI,annotation,,,2026-08-09 10:59:15.102,0.109,0.2,1097.3,695.0,1097.5,695.0,2026-08-09 10:59:05.102,2026-08-09 10:59:25.102,plots\260809_YWH_W_AI\event_0563.png
564,260809_YWH_W_AI,annotation,,,2026-08-09 10:59:24.827,0.105,0.2,1002.2,684.6,1002.2,684.3,2026-08-09 10:59:14.827,2026-08-09 10:59:34.827,plots\260809_YWH_W_AI\event_0564.png
565,260809_YWH_W_AI,annotation,,,2026-08-09 10:59:36.900,14.656,1302.9,1547.6,144.9,246.3,209.1,2026-08-09 10:59:26.900,2026-08-09 10:59:46.900,plots\260809_YWH_W_AI\event_0565.png
566,260809_YWH_W_AI,annotation,,,2026-08-09 11:00:01.601,0.441,273.3,881.1,463.1,1154.3,460.7,2026-08-09 10:59:51.601,2026-08-09 11:00:11.601,plots\260809_YWH_W_AI\event_0566.png
567,260809_YWH_W_AI,annotation,,,2026-08-09 11:00:02.276,1.73,128.0,1023.3,511.2,1146.2,475.4,2026-08-09 10:59:52.276,2026-08-09 11:00:12.276,plots\260809_YWH_W_AI\event_0567.png
568,260809_YWH_W_AI,annotation,,,2026-08-09 11:00:11.431,31.854,302.9,1450.0,145.8,1232.9,357.0,2026-08-09 11:00:01.431,2026-08-09 11:00:21.431,plots\260809_YWH_W_AI\event_0568.png
569,260809_YWH_W_AI,annotation,,,2026-08-09 11:00:46.634,0.993,102.1,970.8,602.5,1043.3,674.4,2026-08-09 11:00:36.634,2026-08-09 11:00:56.634,plots\260809_YWH_W_AI\event_0569.png
570,260809_YWH_W_AI,annotation,,,2026-08-09 11:00:49.892,22.457,159.6,1244.6,142.9,1384.3,220.2,2026-08-09 11:00:39.892,2026-08-09 11:00:59.892,plots\260809_YWH_W_AI\event_0570.png
571,260809_YWH_W_AI,annotation,,,2026-08-09 11:01:30.925,10.42,1295.8,114.8,147.0,1395.1,347.3,2026-08-09 11:01:20.925,2026-08-09 11:01:40.925,plots\260809_YWH_W_AI\event_0571.png
572,260809_YWH_W_AI,annotation,,,2026-08-09 11:02:45.596,0.126,0.2,62.2,231.7,62.2,231.5,2026-08-09 11:02:35.596,2026-08-09 11:02:55.596,plots\260809_YWH_W_AI\event_0572.png
920,260810_CP_W_AI,annotation,,,2026-08-10 18:15:02.223,0.127,0.2,42.4,46.7,42.4,46.5,2026-08-10 18:14:52.223,2026-08-10 18:15:12.223,plots\260810_CP_W_AI\event_0920.png
921,260810_CP_W_AI,annotation,,,2026-08-10 18:16:06.822,0.193,1.0,445.3,470.8,444.9,469.8,2026-08-10 18:15:56.822,2026-08-10 18:16:16.822,plots\260810_CP_W_AI\event_0921.png
922,260810_CP_W_AI,annotation,,,2026-08-10 18:20:19.095,0.174,0.9,24.7,59.6,25.6,59.6,2026-08-10 18:20:09.095,2026-08-10 18:20:29.095,plots\260810_CP_W_AI\event_0922.png
923,260810_CP_W_AI,annotation,,,2026-08-10 18:20:21.615,0.112,0.5,121.8,121.8,121.4,121.8,2026-08-10 18:20:11.615,2026-08-10 18:20:31.615,plots\260810_CP_W_AI\event_0923.png
924,260810_CP_W_AI,annotation,,,2026-08-10 18:20:23.331,0.115,0.7,469.0,162.0,469.0,161.3,2026-08-10 18:20:13.331,2026-08-10 18:20:33.331,plots\260810_CP_W_AI\event_0924.png
925,260810_CP_W_AI,annotation,,,2026-08-10 18:22:32.576,0.207,2.3,127.7,121.2,125.4,121.4,2026-08-10 18:22:22.576,2026-08-10 18:22:42.576,plots\260810_CP_W_AI\event_0925.png
926,260810_CP_W_AI,annotation,,,2026-08-10 18:24:22.007,2.647,11.0,1315.5,575.9,1321.0,585.4,2026-08-10 18:24:12.007,2026-08-10 18:24:32.007,plots\260810_CP_W_AI\event_0926.png
927,260810_CP_W_AI,annotation,,,2026-08-10 18:26:19.840,0.79,38.4,703.0,536.7,730.1,563.9,2026-08-10 18:26:09.840,2026-08-10 18:26:29.840,plots\260810_CP_W_AI\event_0927.png
928,260810_CP_W_AI,annotation,,,2026-08-10 18:26:21.004,0.737,39.3,723.9,557.6,685.4,550.0,2026-08-10 18:26:11.004,2026-08-10 18:26:31.004,plots\260810_CP_W_AI\event_0928.png
929,260810_CP_W_AI,annotation,,,2026-08-10 18:26:43.055,3.598,99.3,1578.4,70.9,1634.2,153.0,2026-08-10 18:26:33.055,2026-08-10 18:26:53.055,plots\260810_CP_W_AI\event_0929.png
930,260810_CP_W_AI,annotation,,,2026-08-10 18:26:51.358,2.443,45.0,1012.9,450.5,1057.8,452.8,2026-08-10 18:26:41.358,2026-08-10 18:27:01.358,plots\260810_CP_W_AI\event_0930.png
931,260810_CP_W_AI,annotation,,,2026-08-10 18:27:08.465,5.04,9.9,1022.6,691.6,1016.7,683.6,2026-08-10 18:26:58.465,2026-08-10 18:27:18.465,plots\260810_CP_W_AI\event_0931.png
932,260810_CP_W_AI,annotation,,,2026-08-10 18:27:50.735,1.073,9.1,693.8,540.2,701.6,544.9,2026-08-10 18:27:40.735,2026-08-10 18:28:00.735,plots\260810_CP_W_AI\event_0932.png
933,260810_CP_W_AI,annotation,,,2026-08-10 18:27:55.632,0.15,0.2,265.8,54.0,265.8,53.8,2026-08-10 18:27:45.632,2026-08-10 18:28:05.632,plots\260810_CP_W_AI\event_0933.png
934,260810_CP_W_AI,annotation,,,2026-08-10 18:27:57.181,1.151,7.9,710.2,526.2,703.2,529.8,2026-08-10 18:27:47.181,2026-08-10 18:28:07.181,plots\260810_CP_W_AI\event_0934.png
935,260810_CP_W_AI,annotation,,,2026-08-10 18:28:32.297,1.54,55.1,477.6,488.9,465.8,435.0,2026-08-10 18:28:22.297,2026-08-10 18:28:42.297,plots\260810_CP_W_AI\event_0935.png
936,260810_CP_W_AI,annotation,,,2026-08-10 18:28:34.476,0.577,34.8,508.9,422.3,526.3,452.4,2026-08-10 18:28:24.476,2026-08-10 18:28:44.476,plots\260810_CP_W_AI\event_0936.png
937,260810_CP_W_AI,annotation,,,2026-08-10 18:28:35.422,0.597,31.8,550.6,459.9,573.3,482.1,2026-08-10 18:28:25.422,2026-08-10 18:28:45.422,plots\260810_CP_W_AI\event_0937.png
938,260810_CP_W_AI,annotation,,,2026-08-10 18:28:36.244,0.338,6.2,577.6,485.4,573.5,480.8,2026-08-10 18:28:26.244,2026-08-10 18:28:46.244,plots\260810_CP_W_AI\event_0938.png
939,260810_CP_W_AI,annotation,,,2026-08-10 18:28:42.793,1.402,50.4,709.7,534.3,743.7,571.5,2026-08-10 18:28:32.793,2026-08-10 18:28:52.793,plots\260810_CP_W_AI\event_0939.png
940,260810_CP_W_AI,annotation,,,2026-08-10 18:29:12.817,2.076,33.6,669.0,672.9,694.6,694.7,2026-08-10 18:29:02.817,2026-08-10 18:29:22.817,plots\260810_CP_W_AI\event_0940.png
941,260810_CP_W_AI,annotation,,,2026-08-10 18:30:46.455,1.38,24.4,1289.5,673.1,1305.1,691.9,2026-08-10 18:30:36.455,2026-08-10 18:30:56.455,plots\260810_CP_W_AI\event_0941.png
942,260810_CP_W_AI,annotation,,,2026-08-10 18:33:44.890,0.155,2.7,122.0,118.7,124.8,118.9,2026-08-10 18:33:34.890,2026-08-10 18:33:54.890,plots\260810_CP_W_AI\event_0942.png
943,260810_CP_W_AI,annotation,,,2026-08-10 18:36:16.127,1.38,24.3,1259.2,468.6,1277.1,485.1,2026-08-10 18:36:06.127,2026-08-10 18:36:26.127,plots\260810_CP_W_AI\event_0943.png
944,260810_CP_W_AI,annotation,,,2026-08-10 18:38:53.207,0.143,0.2,126.2,118.7,126.0,118.7,2026-08-10 18:38:43.207,2026-08-10 18:39:03.207,plots\260810_CP_W_AI\event_0944.png
945,260810_CP_W_AI,annotation,,,2026-08-10 18:39:53.233,1.874,99.6,867.6,582.0,938.0,652.5,2026-08-10 18:39:43.233,2026-08-10 18:40:03.233,plots\260810_CP_W_AI\event_0945.png
946,260810_CP_W_AI,annotation,,,2026-08-10 18:39:55.679,0.108,281.6,670.6,276.0,428.3,132.5,2026-08-10 18:39:45.679,2026-08-10 18:40:05.679,plots\260810_CP_W_AI\event_0946.png
947,260810_CP_W_AI,annotation,,,2026-08-10 18:45:51.186,0.134,0.3,778.9,475.8,779.1,476.1,2026-08-10 18:45:41.186,2026-08-10 18:46:01.186,plots\260810_CP_W_AI\event_0947.png
948,260810_CP_W_AI,annotation,,,2026-08-10 18:47:58.176,0.975,28.6,1220.9,407.3,1240.6,428.0,2026-08-10 18:47:48.176,2026-08-10 18:48:08.176,plots\260810_CP_W_AI\event_0948.png
949,260810_CP_W_AI,annotation,,,2026-08-10 18:48:12.591,0.128,0.2,906.0,53.0,906.0,53.2,2026-08-10 18:48:02.591,2026-08-10 18:48:22.591,plots\260810_CP_W_AI\event_0949.png
950,260810_CP_W_AI,annotation,,,2026-08-10 18:52:12.505,1.455,25.8,1238.8,720.6,1257.8,738.1,2026-08-10 18:52:02.505,2026-08-10 18:52:22.505,plots\260810_CP_W_AI\event_0950.png
951,260810_CP_W_AI,annotation,,,2026-08-10 18:52:25.337,1.605,28.5,836.7,793.9,857.2,813.7,2026-08-10 18:52:15.337,2026-08-10 18:52:35.337,plots\260810_CP_W_AI\event_0951.png
952,260810_CP_W_AI,annotation,,,2026-08-10 18:52:35.312,2.153,29.0,1210.6,762.7,1232.3,782.0,2026-08-10 18:52:25.312,2026-08-10 18:52:45.312,plots\260810_CP_W_AI\event_0952.png
953,260810_CP_W_AI,annotation,,,2026-08-10 18:52:55.345,1.387,25.8,828.1,787.6,846.8,805.4,2026-08-10 18:52:45.345,2026-08-10 18:53:05.345,plots\260810_CP_W_AI\event_0953.png
954,260810_CP_W_AI,annotation,,,2026-08-10 18:52:57.139,0.133,0.7,950.0,790.0,950.6,790.0,2026-08-10 18:52:47.139,2026-08-10 18:53:07.139,plots\260810_CP_W_AI\event_0954.png
955,260810_CP_W_AI,annotation,,,2026-08-10 18:55:10.867,0.155,1.5,1034.3,418.8,1035.7,418.1,2026-08-10 18:55:00.867,2026-08-10 18:55:20.867,plots\260810_CP_W_AI\event_0955.png
956,260810_CP_W_AI,annotation,,,2026-08-10 18:55:37.582,1.633,81.3,976.5,336.1,1037.6,389.8,2026-08-10 18:55:27.582,2026-08-10 18:55:47.582,plots\260810_CP_W_AI\event_0956.png
957,260810_CP_W_AI,annotation,,,2026-08-10 18:56:29.968,0.114,0.2,935.5,570.8,935.5,571.0,2026-08-10 18:56:19.968,2026-08-10 18:56:39.968,plots\260810_CP_W_AI\event_0957.png
958,260810_CP_W_AI,annotation,,,2026-08-10 18:56:41.468,5.188,297.4,862.5,566.7,1155.0,513.4,2026-08-10 18:56:31.468,2026-08-10 18:56:51.468,plots\260810_CP_W_AI\event_0958.png
959,260810_CP_W_AI,annotation,,,2026-08-10 18:56:47.243,0.485,10.5,1008.1,537.3,1018.5,536.0,2026-08-10 18:56:37.243,2026-08-10 18:56:57.243,plots\260810_CP_W_AI\event_0959.png
960,260810_CP_W_AI,annotation,,,2026-08-10 18:57:09.027,0.16,0.2,1223.5,658.6,1223.3,658.6,2026-08-10 18:56:59.027,2026-08-10 18:57:19.027,plots\260810_CP_W_AI\event_0960.png
961,260810_CP_W_AI,annotation,,,2026-08-10 18:57:34.740,3.201,103.0,1059.0,395.3,1155.0,357.8,2026-08-10 18:57:24.740,2026-08-10 18:57:44.740,plots\260810_CP_W_AI\event_0961.png
962,260810_CP_W_AI,annotation,,,2026-08-10 18:57:45.575,2.531,194.6,1031.5,355.8,1226.1,359.6,2026-08-10 18:57:35.575,2026-08-10 18:57:55.575,plots\260810_CP_W_AI\event_0962.png
963,260810_CP_W_AI,annotation,,,2026-08-10 18:57:48.456,0.855,47.4,1044.5,356.8,1091.8,360.1,2026-08-10 18:57:38.456,2026-08-10 18:57:58.456,plots\260810_CP_W_AI\event_0963.png
964,260810_CP_W_AI,annotation,,,2026-08-10 18:58:49.595,0.143,0.3,1152.8,856.7,1153.0,857.0,2026-08-10 18:58:39.595,2026-08-10 18:58:59.595,plots\260810_CP_W_AI\event_0964.png
965,260810_CP_W_AI,annotation,,,2026-08-10 19:01:14.957,0.136,611.8,202.2,161.3,740.2,452.6,2026-08-10 19:01:04.957,2026-08-10 19:01:24.957,plots\260810_CP_W_AI\event_0965.png
966,260810_CP_W_AI,annotation,,,2026-08-10 19:01:22.254,0.863,42.6,985.3,521.5,1027.7,517.4,2026-08-10 19:01:12.254,2026-08-10 19:01:32.254,plots\260810_CP_W_AI\event_0966.png
967,260810_CP_W_AI,annotation,,,2026-08-10 19:18:14.349,0.168,0.5,24.9,59.9,25.2,60.4,2026-08-10 19:18:04.349,2026-08-10 19:18:24.349,plots\260810_CP_W_AI\event_0967.png
968,260810_CP_W_AI,annotation,,,2026-08-10 19:18:16.124,0.113,0.2,1208.8,1046.3,1208.8,1046.1,2026-08-10 19:18:06.124,2026-08-10 19:18:26.124,plots\260810_CP_W_AI\event_0968.png
969,260810_CP_W_AI,annotation,,,2026-08-10 19:18:26.175,0.104,0.2,914.1,603.0,914.3,603.0,2026-08-10 19:18:16.175,2026-08-10 19:18:36.175,plots\260810_CP_W_AI\event_0969.png
970,260810_CP_W_AI,annotation,,,2026-08-10 19:21:21.435,0.115,0.3,843.9,452.0,844.1,451.7,2026-08-10 19:21:11.435,2026-08-10 19:21:31.435,plots\260810_CP_W_AI\event_0970.png
971,260810_CP_W_AI,annotation,,,2026-08-10 19:22:20.634,3.839,92.1,1092.1,557.3,1176.8,521.3,2026-08-10 19:22:10.634,2026-08-10 19:22:30.634,plots\260810_CP_W_AI\event_0971.png
972,260810_CP_W_AI,annotation,,,2026-08-10 19:23:21.818,0.127,1.3,701.6,656.8,702.5,657.7,2026-08-10 19:23:11.818,2026-08-10 19:23:31.818,plots\260810_CP_W_AI\event_0972.png
973,260810_CP_W_AI,annotation,,,2026-08-10 19:26:37.862,0.158,0.2,1156.6,770.0,1156.8,770.0,2026-08-10 19:26:27.862,2026-08-10 19:26:47.862,plots\260810_CP_W_AI\event_0973.png
974,260810_CP_W_AI,annotation,,,2026-08-10 19:26:40.908,0.134,0.5,914.6,81.6,914.8,81.1,2026-08-10 19:26:30.908,2026-08-10 19:26:50.908,plots\260810_CP_W_AI\event_0974.png
975,260810_CP_W_AI,annotation,,,2026-08-10 19:28:36.520,0.127,0.2,857.1,513.6,857.3,513.6,2026-08-10 19:28:26.520,2026-08-10 19:28:46.520,plots\260810_CP_W_AI\event_0975.png
976,260810_CP_W_AI,annotation,,,2026-08-10 19:28:42.721,0.11,0.7,960.4,53.0,961.1,53.0,2026-08-10 19:28:32.721,2026-08-10 19:28:52.721,plots\260810_CP_W_AI\event_0976.png
977,260810_CP_W_AI,annotation,,,2026-08-10 19:29:06.575,0.146,0.5,128.5,128.5,128.3,128.0,2026-08-10 19:28:56.575,2026-08-10 19:29:16.575,plots\260810_CP_W_AI\event_0977.png
978,260810_CP_W_AI,annotation,,,2026-08-10 19:31:06.700,0.112,0.2,118.2,125.2,118.2,125.0,2026-08-10 19:30:56.700,2026-08-10 19:31:16.700,plots\260810_CP_W_AI\event_0978.png
979,260810_CP_W_AI,annotation,,,2026-08-10 19:31:11.748,0.11,0.2,733.1,637.9,733.1,637.7,2026-08-10 19:31:01.748,2026-08-10 19:31:21.748,plots\260810_CP_W_AI\event_0979.png
980,260810_CP_W_AI,annotation,,,2026-08-10 19:31:43.862,0.12,0.2,948.4,810.0,948.6,810.0,2026-08-10 19:31:33.862,2026-08-10 19:31:53.862,plots\260810_CP_W_AI\event_0980.png
981,260810_CP_W_AI,annotation,,,2026-08-10 19:36:28.884,0.112,0.2,120.1,124.9,120.3,124.9,2026-08-10 19:36:18.884,2026-08-10 19:36:38.884,plots\260810_CP_W_AI\event_0981.png
982,260810_CP_W_AI,annotation,,,2026-08-10 19:37:30.513,0.141,1.2,817.9,900.4,817.7,899.3,2026-08-10 19:37:20.513,2026-08-10 19:37:40.513,plots\260810_CP_W_AI\event_0982.png
983,260810_CP_W_AI,annotation,,,2026-08-10 19:38:41.418,0.143,0.5,123.6,122.1,123.6,121.6,2026-08-10 19:38:31.418,2026-08-10 19:38:51.418,plots\260810_CP_W_AI\event_0983.png
984,260810_CP_W_AI,annotation,,,2026-08-10 19:41:36.158,0.123,0.5,65.2,213.2,65.6,213.5,2026-08-10 19:41:26.158,2026-08-10 19:41:46.158,plots\260810_CP_W_AI\event_0984.png
985,260810_CP_W_AI,annotation,,,2026-08-10 19:41:43.632,0.102,0.9,576.4,242.8,575.4,242.8,2026-08-10 19:41:33.632,2026-08-10 19:41:53.632,plots\260810_CP_W_AI\event_0985.png
986,260810_CP_W_AI,annotation,,,2026-08-10 19:42:10.772,0.112,0.3,946.0,58.3,946.2,58.5,2026-08-10 19:42:00.772,2026-08-10 19:42:20.772,plots\260810_CP_W_AI\event_0986.png
987,260810_CP_W_AI,annotation,,,2026-08-10 19:42:11.974,0.131,0.0,876.7,61.5,876.7,61.5,2026-08-10 19:42:01.974,2026-08-10 19:42:21.974,plots\260810_CP_W_AI\event_0987.png
988,260810_CP_W_AI,annotation,,,2026-08-10 19:42:30.859,1.365,91.5,1111.1,384.5,1201.4,399.2,2026-08-10 19:42:20.859,2026-08-10 19:42:40.859,plots\260810_CP_W_AI\event_0988.png
989,260810_CP_W_AI,annotation,,,2026-08-10 19:42:33.497,5.977,246.4,1444.7,588.8,1646.1,446.9,2026-08-10 19:42:23.497,2026-08-10 19:42:43.497,plots\260810_CP_W_AI\event_0989.png
990,260810_CP_W_AI,annotation,,,2026-08-10 19:42:44.274,0.143,0.5,1202.6,545.8,1202.8,546.2,2026-08-10 19:42:34.274,2026-08-10 19:42:54.274,plots\260810_CP_W_AI\event_0990.png
991,260810_CP_W_AI,annotation,,,2026-08-10 19:42:45.271,0.707,158.9,1194.0,526.8,1035.2,521.3,2026-08-10 19:42:35.271,2026-08-10 19:42:55.271,plots\260810_CP_W_AI\event_0991.png
992,260810_CP_W_AI,annotation,,,2026-08-10 19:42:47.221,0.143,0.2,338.0,73.5,338.3,73.5,2026-08-10 19:42:37.221,2026-08-10 19:42:57.221,plots\260810_CP_W_AI\event_0992.png
993,260810_CP_W_AI,annotation,,,2026-08-10 19:43:07.886,0.12,0.2,752.5,38.7,752.5,38.4,2026-08-10 19:42:57.886,2026-08-10 19:43:17.886,plots\260810_CP_W_AI\event_0993.png
994,260810_CP_W_AI,annotation,,,2026-08-10 20:15:53.885,0.12,0.5,118.7,686.2,119.2,686.0,2026-08-10 20:15:43.885,2026-08-10 20:16:03.885,plots\260810_CP_W_AI\event_0994.png
995,260810_CP_W_AI,annotation,,,2026-08-10 20:16:05.213,0.178,0.9,789.5,38.1,789.8,39.0,2026-08-10 20:15:55.213,2026-08-10 20:16:15.213,plots\260810_CP_W_AI\event_0995.png
996,260810_CP_W_AI,annotation,,,2026-08-10 20:16:05.632,0.186,0.2,793.0,44.7,793.2,44.7,2026-08-10 20:15:55.632,2026-08-10 20:16:15.632,plots\260810_CP_W_AI\event_0996.png
997,260810_CP_W_AI,annotation,,,2026-08-10 20:16:33.832,1.147,126.4,1048.2,670.9,1174.3,679.5,2026-08-10 20:16:23.832,2026-08-10 20:16:43.832,plots\260810_CP_W_AI\event_0997.png
998,260810_CP_W_AI,annotation,,,2026-08-10 20:19:34.040,2.291,251.5,854.6,317.7,974.3,538.9,2026-08-10 20:19:24.040,2026-08-10 20:19:44.040,plots\260810_CP_W_AI\event_0998.png
999,260810_CP_W_AI,annotation,,,2026-08-10 20:19:36.879,1.663,274.0,977.7,548.2,1223.3,426.7,2026-08-10 20:19:26.879,2026-08-10 20:19:46.879,plots\260810_CP_W_AI\event_0999.png
1000,260810_CP_W_AI,annotation,,,2026-08-10 20:20:14.297,1.129,39.3,1057.2,605.8,1084.9,633.8,2026-08-10 20:20:04.297,2026-08-10 20:20:24.297,plots\260810_CP_W_AI\event_1000.png
1001,260810_CP_W_AI,annotation,,,2026-08-10 20:21:13.064,1.413,38.2,1038.6,523.9,1067.9,548.6,2026-08-10 20:21:03.064,2026-08-10 20:21:23.064,plots\260810_CP_W_AI\event_1001.png
1002,260810_CP_W_AI,annotation,,,2026-08-10 20:22:19.071,1.207,42.9,949.9,518.6,983.4,545.3,2026-08-10 20:22:09.071,2026-08-10 20:22:29.071,plots\260810_CP_W_AI\event_1002.png
1003,260810_CP_W_AI,annotation,,,2026-08-10 20:22:21.652,1.026,35.5,1040.2,525.2,1069.5,545.2,2026-08-10 20:22:11.652,2026-08-10 20:22:31.652,plots\260810_CP_W_AI\event_1003.png
1004,260810_CP_W_AI,annotation,,,2026-08-10 20:23:20.864,1.387,34.2,1048.2,565.8,1074.4,587.8,2026-08-10 20:23:10.864,2026-08-10 20:23:30.864,plots\260810_CP_W_AI\event_1004.png
1005,260810_CP_W_AI,annotation,,,2026-08-10 20:23:43.792,1.238,32.3,1065.2,595.6,1085.4,620.8,2026-08-10 20:23:33.792,2026-08-10 20:23:53.792,plots\260810_CP_W_AI\event_1005.png
1006,260810_CP_W_AI,annotation,,,2026-08-10 20:23:48.644,0.594,220.0,44.2,427.5,261.8,459.8,2026-08-10 20:23:38.644,2026-08-10 20:23:58.644,plots\260810_CP_W_AI\event_1006.png
1007,260810_CP_W_AI,annotation,,,2026-08-10 20:24:11.092,1.8,401.2,714.5,311.7,1115.6,301.5,2026-08-10 20:24:01.092,2026-08-10 20:24:21.092,plots\260810_CP_W_AI\event_1007.png
1008,260810_CP_W_AI,annotation,,,2026-08-10 20:24:13.226,1.885,10.1,1096.3,315.9,1096.6,305.9,2026-08-10 20:24:03.226,2026-08-10 20:24:23.226,plots\260810_CP_W_AI\event_1008.png
1009,260810_CP_W_AI,annotation,,,2026-08-10 20:26:18.793,0.285,376.3,48.3,422.5,424.5,419.9,2026-08-10 20:26:08.793,2026-08-10 20:26:28.793,plots\260810_CP_W_AI\event_1009.png
1010,260810_CP_W_AI,annotation,,,2026-08-10 20:26:31.520,2.033,669.7,535.5,220.8,1203.3,272.4,2026-08-10 20:26:21.520,2026-08-10 20:26:41.520,plots\260810_CP_W_AI\event_1010.png
1011,260810_CP_W_AI,annotation,,,2026-08-10 20:26:34.071,2.1,102.6,1104.2,272.2,1204.8,252.2,2026-08-10 20:26:24.071,2026-08-10 20:26:44.071,plots\260810_CP_W_AI\event_1011.png
1012,260810_CP_W_AI,annotation,,,2026-08-10 20:27:34.461,0.187,0.2,917.8,613.3,918.0,613.3,2026-08-10 20:27:24.461,2026-08-10 20:27:44.461,plots\260810_CP_W_AI\event_1012.png
1013,260810_CP_W_AI,annotation,,,2026-08-10 20:27:47.668,0.436,328.3,39.3,428.1,364.9,470.4,2026-08-10 20:27:37.668,2026-08-10 20:27:57.668,plots\260810_CP_W_AI\event_1013.png
1014,260810_CP_W_AI,annotation,,,2026-08-10 20:27:59.752,1.198,273.1,692.1,244.5,965.1,243.3,2026-08-10 20:27:49.752,2026-08-10 20:28:09.752,plots\260810_CP_W_AI\event_1014.png
1015,260810_CP_W_AI,annotation,,,2026-08-10 20:28:01.798,1.006,109.4,869.8,281.7,979.0,275.9,2026-08-10 20:27:51.798,2026-08-10 20:28:11.798,plots\260810_CP_W_AI\event_1015.png
1016,260810_CP_W_AI,annotation,,,2026-08-10 20:29:39.582,0.414,353.6,60.7,438.5,389.2,569.2,2026-08-10 20:29:29.582,2026-08-10 20:29:49.582,plots\260810_CP_W_AI\event_1016.png
1017,260810_CP_W_AI,annotation,,,2026-08-10 20:30:13.882,0.449,240.4,54.3,302.9,291.5,342.0,2026-08-10 20:30:03.882,2026-08-10 20:30:23.882,plots\260810_CP_W_AI\event_1017.png
1018,260810_CP_W_AI,annotation,,,2026-08-10 20:30:15.891,2.273,149.5,700.5,372.3,842.3,325.0,2026-08-10 20:30:05.891,2026-08-10 20:30:25.891,plots\260810_CP_W_AI\event_1018.png
1019,260810_CP_W_AI,annotation,,,2026-08-10 20:30:50.308,0.519,215.6,46.4,438.7,257.7,481.5,2026-08-10 20:30:40.308,2026-08-10 20:31:00.308,plots\260810_CP_W_AI\event_1019.png
1020,260810_CP_W_AI,annotation,,,2026-08-10 20:30:52.724,1.733,476.6,417.1,514.1,893.2,493.0,2026-08-10 20:30:42.724,2026-08-10 20:31:02.724,plots\260810_CP_W_AI\event_1020.png
1021,260810_CP_W_AI,annotation,,,2026-08-10 20:31:02.384,1.463,221.3,1181.5,675.4,1402.7,684.6,2026-08-10 20:30:52.384,2026-08-10 20:31:12.384,plots\260810_CP_W_AI\event_1021.png
1022,260810_CP_W_AI,annotation,,,2026-08-10 20:31:15.368,2.55,101.9,1117.0,609.3,1180.9,688.7,2026-08-10 20:31:05.368,2026-08-10 20:31:25.368,plots\260810_CP_W_AI\event_1022.png
1023,260810_CP_W_AI,annotation,,,2026-08-10 20:31:23.184,0.395,341.5,58.2,782.7,399.7,775.4,2026-08-10 20:31:13.184,2026-08-10 20:31:33.184,plots\260810_CP_W_AI\event_1023.png
1024,260810_CP_W_AI,annotation,,,2026-08-10 20:31:32.709,0.42,273.3,42.9,442.2,314.6,471.9,2026-08-10 20:31:22.709,2026-08-10 20:31:42.709,plots\260810_CP_W_AI\event_1024.png
1025,260810_CP_W_AI,annotation,,,2026-08-10 20:31:44.970,1.899,9.5,1314.0,632.3,1314.4,641.8,2026-08-10 20:31:34.970,2026-08-10 20:31:54.970,plots\260810_CP_W_AI\event_1025.png
1026,260810_CP_W_AI,annotation,,,2026-08-10 20:32:01.178,4.747,197.1,1440.9,586.9,1463.2,782.8,2026-08-10 20:31:51.178,2026-08-10 20:32:11.178,plots\260810_CP_W_AI\event_1026.png
1027,260810_CP_W_AI,annotation,,,2026-08-10 20:32:08.543,1.778,9.6,1467.6,650.5,1458.8,646.7,2026-08-10 20:31:58.543,2026-08-10 20:32:18.543,plots\260810_CP_W_AI\event_1027.png
1028,260810_CP_W_AI,annotation,,,2026-08-10 20:33:01.082,1.334,97.3,1111.4,619.8,1178.2,690.6,2026-08-10 20:32:51.082,2026-08-10 20:33:11.082,plots\260810_CP_W_AI\event_1028.png
1029,260810_CP_W_AI,annotation,,,2026-08-10 20:35:18.932,0.825,396.3,38.3,756.4,434.3,741.1,2026-08-10 20:35:08.932,2026-08-10 20:35:28.932,plots\260810_CP_W_AI\event_1029.png
1030,260810_CP_W_AI,annotation,,,2026-08-10 20:35:51.128,0.451,267.4,67.4,448.4,333.4,474.5,2026-08-10 20:35:41.128,2026-08-10 20:36:01.128,plots\260810_CP_W_AI\event_1030.png
1031,260810_CP_W_AI,annotation,,,2026-08-10 20:36:23.915,0.682,40.8,968.8,526.6,1000.1,552.7,2026-08-10 20:36:13.915,2026-08-10 20:36:33.915,plots\260810_CP_W_AI\event_1031.png
1032,260810_CP_W_AI,annotation,,,2026-08-10 20:36:31.184,1.2,35.3,1038.5,534.2,1065.8,556.5,2026-08-10 20:36:21.184,2026-08-10 20:36:41.184,plots\260810_CP_W_AI\event_1032.png
1033,260810_CP_W_AI,annotation,,,2026-08-10 20:37:31.225,6.587,35.4,917.0,359.0,882.0,353.2,2026-08-10 20:37:21.225,2026-08-10 20:37:41.225,plots\260810_CP_W_AI\event_1033.png
1034,260810_CP_W_AI,annotation,,,2026-08-10 20:37:49.026,1.063,38.6,1066.0,556.8,1093.3,584.2,2026-08-10 20:37:39.026,2026-08-10 20:37:59.026,plots\260810_CP_W_AI\event_1034.png
1035,260810_CP_W_AI,annotation,,,2026-08-10 20:38:13.511,0.84,67.8,735.5,289.8,803.0,283.8,2026-08-10 20:38:03.511,2026-08-10 20:38:23.511,plots\260810_CP_W_AI\event_1035.png
1036,260810_CP_W_AI,annotation,,,2026-08-10 20:38:14.811,4.452,298.2,815.1,304.4,1113.2,312.9,2026-08-10 20:38:04.811,2026-08-10 20:38:24.811,plots\260810_CP_W_AI\event_1036.png
1037,260810_CP_W_AI,annotation,,,2026-08-10 20:39:29.187,5.407,57.1,1368.5,486.9,1425.3,493.1,2026-08-10 20:39:19.187,2026-08-10 20:39:39.187,plots\260810_CP_W_AI\event_1037.png
1038,260810_CP_W_AI,annotation,,,2026-08-10 20:39:39.843,4.193,42.3,1423.7,495.1,1381.7,500.6,2026-08-10 20:39:29.843,2026-08-10 20:39:49.843,plots\260810_CP_W_AI\event_1038.png
1039,260810_CP_W_AI,annotation,,,2026-08-10 20:42:15.294,1.624,422.1,789.2,633.9,1209.5,673.9,2026-08-10 20:42:05.294,2026-08-10 20:42:25.294,plots\260810_CP_W_AI\event_1039.png
1040,260810_CP_W_AI,annotation,,,2026-08-10 20:42:17.570,2.242,56.2,1090.8,658.8,1141.2,634.0,2026-08-10 20:42:07.570,2026-08-10 20:42:27.570,plots\260810_CP_W_AI\event_1040.png
1041,260810_CP_W_AI,annotation,,,2026-08-10 20:43:47.233,0.269,5.1,1481.1,486.7,1486.1,488.2,2026-08-10 20:43:37.233,2026-08-10 20:43:57.233,plots\260810_CP_W_AI\event_1041.png
1042,260810_CP_W_AI,annotation,,,2026-08-10 20:44:29.502,0.938,188.6,659.5,340.8,847.8,330.4,2026-08-10 20:44:19.502,2026-08-10 20:44:39.502,plots\260810_CP_W_AI\event_1042.png
1043,260810_CP_W_AI,annotation,,,2026-08-10 20:44:31.146,2.092,164.2,660.9,362.8,824.0,344.0,2026-08-10 20:44:21.146,2026-08-10 20:44:41.146,plots\260810_CP_W_AI\event_1043.png
1044,260810_CP_W_AI,annotation,,,2026-08-10 20:44:34.776,0.142,0.6,135.2,81.3,135.7,80.8,2026-08-10 20:44:24.776,2026-08-10 20:44:44.776,plots\260810_CP_W_AI\event_1044.png
1045,260810_CP_W_AI,annotation,,,2026-08-10 20:44:35.614,0.129,0.2,149.9,153.9,149.9,153.6,2026-08-10 20:44:25.614,2026-08-10 20:44:45.614,plots\260810_CP_W_AI\event_1045.png
1046,260810_CP_W_AI,annotation,,,2026-08-10 20:46:38.272,1.222,34.1,576.8,530.7,601.2,554.6,2026-08-10 20:46:28.272,2026-08-10 20:46:48.272,plots\260810_CP_W_AI\event_1046.png
1047,260810_CP_W_AI,annotation,,,2026-08-10 20:47:14.827,1.72,356.9,696.0,346.5,1052.5,363.9,2026-08-10 20:47:04.827,2026-08-10 20:47:24.827,plots\260810_CP_W_AI\event_1047.png
1048,260810_CP_W_AI,annotation,,,2026-08-10 20:47:17.062,2.963,94.3,1013.9,361.5,1104.2,334.4,2026-08-10 20:47:07.062,2026-08-10 20:47:27.062,plots\260810_CP_W_AI\event_1048.png
1049,260810_CP_W_AI,annotation,,,2026-08-10 20:47:21.698,0.111,1.5,132.7,70.4,133.6,69.2,2026-08-10 20:47:11.698,2026-08-10 20:47:31.698,plots\260810_CP_W_AI\event_1049.png
1050,260810_CP_W_AI,annotation,,,2026-08-10 20:47:26.437,0.12,0.7,1365.1,459.7,1365.8,459.7,2026-08-10 20:47:16.437,2026-08-10 20:47:36.437,plots\260810_CP_W_AI\event_1050.png
1051,260810_CP_W_AI,annotation,,,2026-08-10 20:49:05.160,1.546,583.4,531.3,357.7,1114.6,367.2,2026-08-10 20:48:55.160,2026-08-10 20:49:15.160,plots\260810_CP_W_AI\event_1051.png
1052,260810_CP_W_AI,annotation,,,2026-08-10 20:49:07.157,1.574,145.7,667.3,345.0,809.6,313.5,2026-08-10 20:48:57.157,2026-08-10 20:49:17.157,plots\260810_CP_W_AI\event_1052.png
1053,260810_CP_W_AI,annotation,,,2026-08-10 20:49:09.354,1.094,13.2,815.9,395.4,822.4,383.9,2026-08-10 20:48:59.354,2026-08-10 20:49:19.354,plots\260810_CP_W_AI\event_1053.png
1054,260810_CP_W_AI,annotation,,,2026-08-10 20:49:26.100,0.143,0.5,761.1,556.0,761.5,556.2,2026-08-10 20:49:16.100,2026-08-10 20:49:36.100,plots\260810_CP_W_AI\event_1054.png
1055,260810_CP_W_AI,annotation,,,2026-08-10 20:50:54.098,0.159,1.2,67.5,78.0,66.3,78.0,2026-08-10 20:50:44.098,2026-08-10 20:51:04.098,plots\260810_CP_W_AI\event_1055.png
1056,260810_CP_W_AI,annotation,,,2026-08-10 20:51:00.758,0.682,21.8,861.3,357.3,882.8,353.7,2026-08-10 20:50:50.758,2026-08-10 20:51:10.758,plots\260810_CP_W_AI\event_1056.png
1057,260810_CP_W_AI,annotation,,,2026-08-10 20:51:01.749,1.605,339.5,907.5,364.7,1240.8,429.3,2026-08-10 20:50:51.749,2026-08-10 20:51:11.749,plots\260810_CP_W_AI\event_1057.png
1058,260810_CP_W_AI,annotation,,,2026-08-10 20:51:10.802,0.113,2.2,717.5,462.3,719.5,461.6,2026-08-10 20:51:00.802,2026-08-10 20:51:20.802,plots\260810_CP_W_AI\event_1058.png
1059,260810_CP_W_AI,annotation,,,2026-08-10 20:51:13.474,3.357,205.0,606.6,462.5,799.8,393.7,2026-08-10 20:51:03.474,2026-08-10 20:51:23.474,plots\260810_CP_W_AI\event_1059.png
1060,260810_CP_W_AI,annotation,,,2026-08-10 20:52:15.151,0.143,1.8,1384.9,588.2,1385.5,586.6,2026-08-10 20:52:05.151,2026-08-10 20:52:25.151,plots\260810_CP_W_AI\event_1060.png
1061,260810_CP_W_AI,annotation,,,2026-08-10 20:52:21.461,0.166,0.7,860.0,535.4,860.6,535.2,2026-08-10 20:52:11.461,2026-08-10 20:52:31.461,plots\260810_CP_W_AI\event_1061.png
1062,260810_CP_W_AI,annotation,,,2026-08-10 20:52:56.526,1.62,162.3,588.3,777.4,715.9,877.8,2026-08-10 20:52:46.526,2026-08-10 20:53:06.526,plots\260810_CP_W_AI\event_1062.png
1063,260810_CP_W_AI,annotation,,,2026-08-10 20:53:12.930,0.765,61.3,655.0,647.1,706.2,680.8,2026-08-10 20:53:02.930,2026-08-10 20:53:22.930,plots\260810_CP_W_AI\event_1063.png
1064,260810_CP_W_AI,annotation,,,2026-08-10 20:53:29.572,1.424,18.3,691.5,649.7,702.0,634.8,2026-08-10 20:53:19.572,2026-08-10 20:53:39.572,plots\260810_CP_W_AI\event_1064.png
1065,260810_CP_W_AI,annotation,,,2026-08-10 20:54:05.069,1.493,519.6,644.2,366.7,1161.1,314.0,2026-08-10 20:53:55.069,2026-08-10 20:54:15.069,plots\260810_CP_W_AI\event_1065.png
1066,260810_CP_W_AI,annotation,,,2026-08-10 20:54:07.245,0.944,137.3,996.0,348.1,1132.6,362.8,2026-08-10 20:53:57.245,2026-08-10 20:54:17.245,plots\260810_CP_W_AI\event_1066.png
1067,260810_CP_W_AI,annotation,,,2026-08-10 20:54:40.606,0.149,0.7,761.6,448.0,761.8,447.3,2026-08-10 20:54:30.606,2026-08-10 20:54:50.606,plots\260810_CP_W_AI\event_1067.png
1068,260810_CP_W_AI,annotation,,,2026-08-10 20:54:41.123,8.347,73.6,758.8,448.0,816.6,402.4,2026-08-10 20:54:31.123,2026-08-10 20:54:51.123,plots\260810_CP_W_AI\event_1068.png
1069,260810_CP_W_AI,annotation,,,2026-08-10 20:55:25.111,0.156,2.0,761.2,510.1,763.0,509.1,2026-08-10 20:55:15.111,2026-08-10 20:55:35.111,plots\260810_CP_W_AI\event_1069.png
1070,260810_CP_W_AI,annotation,,,2026-08-10 20:55:35.385,0.144,0.7,842.8,503.2,843.5,503.0,2026-08-10 20:55:25.385,2026-08-10 20:55:45.385,plots\260810_CP_W_AI\event_1070.png
1071,260810_CP_W_AI,annotation,,,2026-08-10 20:56:12.840,1.501,87.2,218.5,129.8,290.1,179.6,2026-08-10 20:56:02.840,2026-08-10 20:56:22.840,plots\260810_CP_W_AI\event_1071.png
1072,260810_CP_W_AI,annotation,,,2026-08-10 20:56:15.227,0.67,32.2,383.6,133.0,415.6,136.7,2026-08-10 20:56:05.227,2026-08-10 20:56:25.227,plots\260810_CP_W_AI\event_1072.png
1073,260810_CP_W_AI,annotation,,,2026-08-10 20:56:18.061,0.622,318.4,191.6,329.3,509.8,340.8,2026-08-10 20:56:08.061,2026-08-10 20:56:28.061,plots\260810_CP_W_AI\event_1073.png
1074,260810_CP_W_AI,annotation,,,2026-08-10 20:56:37.148,0.145,1.6,854.2,400.6,855.6,401.5,2026-08-10 20:56:27.148,2026-08-10 20:56:47.148,plots\260810_CP_W_AI\event_1074.png
1075,260810_CP_W_AI,annotation,,,2026-08-10 20:57:38.820,0.911,158.6,643.7,386.4,800.4,362.7,2026-08-10 20:57:28.820,2026-08-10 20:57:48.820,plots\260810_CP_W_AI\event_1075.png
1076,260810_CP_W_AI,annotation,,,2026-08-10 20:57:40.337,1.11,319.0,807.9,358.1,1123.5,311.5,2026-08-10 20:57:30.337,2026-08-10 20:57:50.337,plots\260810_CP_W_AI\event_1076.png
1077,260810_CP_W_AI,annotation,,,2026-08-10 20:58:06.753,0.11,4.4,742.5,542.3,746.9,542.3,2026-08-10 20:57:56.753,2026-08-10 20:58:16.753,plots\260810_CP_W_AI\event_1077.png
1078,260810_CP_W_AI,annotation,,,2026-08-10 20:59:55.959,4.163,557.4,655.2,384.6,1200.0,266.9,2026-08-10 20:59:45.959,2026-08-10 21:00:05.959,plots\260810_CP_W_AI\event_1078.png
1079,260810_CP_W_AI,annotation,,,2026-08-10 21:00:42.115,1.448,178.0,643.9,451.8,821.9,448.8,2026-08-10 21:00:32.115,2026-08-10 21:00:52.115,plots\260810_CP_W_AI\event_1079.png
1080,260810_CP_W_AI,annotation,,,2026-08-10 21:02:38.805,1.557,443.2,516.6,469.0,959.4,488.6,2026-08-10 21:02:28.805,2026-08-10 21:02:48.805,plots\260810_CP_W_AI\event_1080.png
1081,260810_CP_W_AI,annotation,,,2026-08-10 21:02:45.274,1.988,20.6,670.6,398.2,676.3,378.5,2026-08-10 21:02:35.274,2026-08-10 21:02:55.274,plots\260810_CP_W_AI\event_1081.png
1082,260810_CP_W_AI,annotation,,,2026-08-10 21:03:06.643,0.165,6.0,974.8,585.0,980.6,583.6,2026-08-10 21:02:56.643,2026-08-10 21:03:16.643,plots\260810_CP_W_AI\event_1082.png
1083,260810_CP_W_AI,annotation,,,2026-08-10 21:04:01.206,0.803,46.5,492.1,491.5,530.4,517.9,2026-08-10 21:03:51.206,2026-08-10 21:04:11.206,plots\260810_CP_W_AI\event_1083.png
1084,260810_CP_W_AI,annotation,,,2026-08-10 21:04:33.629,0.127,0.2,126.7,126.9,126.7,126.7,2026-08-10 21:04:23.629,2026-08-10 21:04:43.629,plots\260810_CP_W_AI\event_1084.png
1085,260810_CP_W_AI,annotation,,,2026-08-10 21:04:38.346,1.029,418.7,782.3,427.5,1201.0,420.4,2026-08-10 21:04:28.346,2026-08-10 21:04:48.346,plots\260810_CP_W_AI\event_1085.png
1086,260810_CP_W_AI,annotation,,,2026-08-10 21:04:39.977,2.675,156.6,964.1,423.7,1117.7,393.5,2026-08-10 21:04:29.977,2026-08-10 21:04:49.977,plots\260810_CP_W_AI\event_1086.png
1087,260810_CP_W_AI,annotation,,,2026-08-10 21:05:01.427,1.956,47.7,1346.1,409.2,1392.3,397.4,2026-08-10 21:04:51.427,2026-08-10 21:05:11.427,plots\260810_CP_W_AI\event_1087.png
1088,260810_CP_W_AI,annotation,,,2026-08-10 21:05:32.573,1.102,55.0,473.6,498.3,516.4,532.9,2026-08-10 21:05:22.573,2026-08-10 21:05:42.573,plots\260810_CP_W_AI\event_1088.png
1089,260810_CP_W_AI,annotation,,,2026-08-10 21:05:45.475,1.062,533.7,672.5,328.7,1205.0,294.5,2026-08-10 21:05:35.475,2026-08-10 21:05:55.475,plots\260810_CP_W_AI\event_1089.png
1090,260810_CP_W_AI,annotation,,,2026-08-10 21:05:47.578,0.145,0.2,143.3,65.1,143.1,65.1,2026-08-10 21:05:37.578,2026-08-10 21:05:57.578,plots\260810_CP_W_AI\event_1090.png
1091,260810_CP_W_AI,annotation,,,2026-08-10 21:06:05.093,0.149,2.9,563.6,506.2,566.5,506.5,2026-08-10 21:05:55.093,2026-08-10 21:06:15.093,plots\260810_CP_W_AI\event_1091.png
1092,260810_CP_W_AI,annotation,,,2026-08-10 21:06:37.807,0.182,0.7,127.6,119.9,127.8,120.6,2026-08-10 21:06:27.807,2026-08-10 21:06:47.807,plots\260810_CP_W_AI\event_1092.png
1093,260810_CP_W_AI,annotation,,,2026-08-10 21:06:44.275,1.379,646.5,570.6,454.2,1217.0,443.2,2026-08-10 21:06:34.275,2026-08-10 21:06:54.275,plots\260810_CP_W_AI\event_1093.png
1094,260810_CP_W_AI,annotation,,,2026-08-10 21:06:46.149,1.748,33.1,1123.4,447.7,1143.4,421.3,2026-08-10 21:06:36.149,2026-08-10 21:06:56.149,plots\260810_CP_W_AI\event_1094.png
1095,260810_CP_W_AI,annotation,,,2026-08-10 21:06:49.669,0.135,0.2,113.5,83.1,113.8,83.1,2026-08-10 21:06:39.669,2026-08-10 21:06:59.669,plots\260810_CP_W_AI\event_1095.png
1096,260810_CP_W_AI,annotation,,,2026-08-10 21:07:44.086,0.119,0.9,660.9,522.7,661.8,522.7,2026-08-10 21:07:34.086,2026-08-10 21:07:54.086,plots\260810_CP_W_AI\event_1096.png
1097,260810_CP_W_AI,annotation,,,2026-08-10 21:08:09.094,0.139,0.2,121.0,130.6,121.0,130.4,2026-08-10 21:07:59.094,2026-08-10 21:08:19.094,plots\260810_CP_W_AI\event_1097.png
1098,260810_CP_W_AI,annotation,,,2026-08-10 21:08:15.109,1.253,620.3,643.8,496.0,1263.6,470.1,2026-08-10 21:08:05.109,2026-08-10 21:08:25.109,plots\260810_CP_W_AI\event_1098.png
1099,260810_CP_W_AI,annotation,,,2026-08-10 21:08:17.237,0.15,2.2,111.5,51.3,110.4,53.2,2026-08-10 21:08:07.237,2026-08-10 21:08:27.237,plots\260810_CP_W_AI\event_1099.png
1100,260810_CP_W_AI,annotation,,,2026-08-10 21:09:39.514,0.117,0.3,1405.1,684.4,1405.4,684.2,2026-08-10 21:09:29.514,2026-08-10 21:09:49.514,plots\260810_CP_W_AI\event_1100.png
1101,260810_CP_W_AI,annotation,,,2026-08-10 21:10:28.902,2.431,108.1,1334.9,433.6,1434.0,390.4,2026-08-10 21:10:18.902,2026-08-10 21:10:38.902,plots\260810_CP_W_AI\event_1101.png
1102,260810_CP_W_AI,annotation,,,2026-08-10 21:11:45.762,0.102,0.2,1384.0,451.9,1384.2,451.9,2026-08-10 21:11:35.762,2026-08-10 21:11:55.762,plots\260810_CP_W_AI\event_1102.png
1103,260810_CP_W_AI,annotation,,,2026-08-10 21:11:53.412,0.142,1.7,587.0,583.7,588.6,583.3,2026-08-10 21:11:43.412,2026-08-10 21:12:03.412,plots\260810_CP_W_AI\event_1103.png
1104,260811_QGP_W-AI,annotation,,,2026-08-11 09:52:49.851,0.48,109.7,1034.9,547.5,1123.6,612.0,2026-08-11 09:52:39.851,2026-08-11 09:52:59.851,plots\260811_QGP_W-AI\event_1104.png
1105,260811_QGP_W-AI,annotation,,,2026-08-11 09:53:15.359,0.117,2.7,699.6,359.9,699.6,362.6,2026-08-11 09:53:05.359,2026-08-11 09:53:25.359,plots\260811_QGP_W-AI\event_1105.png
1106,260811_QGP_W-AI,annotation,,,2026-08-11 09:57:17.791,0.105,4.0,771.9,178.3,769.3,181.3,2026-08-11 09:57:07.791,2026-08-11 09:57:27.791,plots\260811_QGP_W-AI\event_1106.png
