participant,event_type,event_ts,event_ts_float,window_start,window_end,duration_sec,distance_px,start_x,start_y,end_x,end_y,delete_key,event_id
260808_WYX_W_AI,annotation,2026-08-08 13:55:20.630,1786168520.63,2026-08-08 13:55:10.630,2026-08-08 13:55:30.630,0.113,0.5,41.7,49.6,41.3,49.6,,1
260808_WYX_W_AI,annotation,2026-08-08 13:55:29.875,1786168529.875,2026-08-08 13:55:19.875,2026-08-08 13:55:39.875,0.106,0.5,386.9,1048.0,387.4,1048.2,,2
260808_WYX_W_AI,annotation,2026-08-08 14:01:11.169,1786168871.169,2026-08-08 14:01:01.169,2026-08-08 14:01:21.169,0.111,0.5,33.1,59.6,32.6,59.6,,3
260808_WYX_W_AI,annotation,2026-08-08 14:01:12.914,1786168872.914,2026-08-08 14:01:02.914,2026-08-08 14:01:22.914,0.105,1.6,342.2,293.6,343.8,293.6,,4
260808_WYX_W_AI,annotation,2026-08-08 14:01:15.497,1786168875.497,2026-08-08 14:01:05.497,2026-08-08 14:01:25.497,0.116,0.6,87.8,208.6,88.3,209.1,,5
260808_WYX_W_AI,annotation,2026-08-08 14:01:19.958,1786168879.958,2026-08-08 14:01:09.958,2026-08-08 14:01:29.958,0.103,1.0,403.2,166.0,402.5,166.7,,6
260808_WYX_W_AI,annotation,2026-08-08 14:01:21.734,1786168881.734,2026-08-08 14:01:11.734,2026-08-08 14:01:31.734,0.148,0.2,406.5,163.9,406.5,163.7,,7
260808_WYX_W_AI,annotation,2026-08-08 14:01:38.054,1786168898.054,2026-08-08 14:01:28.054,2026-08-08 14:01:48.054,0.104,0.2,831.1,834.5,831.3,834.5,,8
260808_WYX_W_AI,annotation,2026-08-08 14:01:42.197,1786168902.197,2026-08-08 14:01:32.197,2026-08-08 14:01:52.197,0.181,0.2,855.1,777.7,854.9,777.7,,9
260808_WYX_W_AI,annotation,2026-08-08 14:01:51.188,1786168911.188,2026-08-08 14:01:41.188,2026-08-08 14:02:01.188,0.105,0.9,892.7,857.8,892.7,858.7,,10
260808_WYX_W_AI,annotation,2026-08-08 14:01:56.356,1786168916.356,2026-08-08 14:01:46.356,2026-08-08 14:02:06.356,0.12,1.1,906.7,866.2,906.7,867.3,,11
260808_WYX_W_AI,annotation,2026-08-08 14:02:33.241,1786168953.241,2026-08-08 14:02:23.241,2026-08-08 14:02:43.241,0.142,0.3,1165.6,637.6,1165.8,637.4,,12
260808_WYX_W_AI,annotation,2026-08-08 14:04:03.969,1786169043.969,2026-08-08 14:03:53.969,2026-08-08 14:04:13.969,1.071,16.7,675.0,687.3,664.1,699.9,,13
260808_WYX_W_AI,annotation,2026-08-08 14:04:05.624,1786169045.624,2026-08-08 14:03:55.624,2026-08-08 14:04:15.624,1.322,42.0,652.3,680.8,693.5,672.6,,14
260808_WYX_W_AI,annotation,2026-08-08 14:04:09.623,1786169049.623,2026-08-08 14:03:59.623,2026-08-08 14:04:19.623,0.128,2.1,750.3,683.3,749.4,681.5,,15
260808_WYX_W_AI,annotation,2026-08-08 14:04:09.872,1786169049.872,2026-08-08 14:03:59.872,2026-08-08 14:04:19.872,1.474,121.4,741.9,668.6,708.2,785.2,,16
260808_WYX_W_AI,annotation,2026-08-08 14:04:12.316,1786169052.316,2026-08-08 14:04:02.316,2026-08-08 14:04:22.316,1.906,23.7,678.0,690.6,663.7,709.4,,17
260808_WYX_W_AI,annotation,2026-08-08 14:04:34.854,1786169074.854,2026-08-08 14:04:24.854,2026-08-08 14:04:44.854,0.106,0.8,893.8,822.6,893.4,821.8,,18
260808_WYX_W_AI,annotation,2026-08-08 14:05:03.482,1786169103.482,2026-08-08 14:04:53.482,2026-08-08 14:05:13.482,1.606,40.9,649.4,667.5,678.8,696.0,,19
260808_WYX_W_AI,annotation,2026-08-08 14:05:05.929,1786169105.929,2026-08-08 14:04:55.929,2026-08-08 14:05:15.929,0.125,0.2,690.5,609.3,690.5,609.5,,20
260808_WYX_W_AI,annotation,2026-08-08 14:06:20.395,1786169180.395,2026-08-08 14:06:10.395,2026-08-08 14:06:30.395,0.104,0.5,823.3,536.7,823.5,537.1,,21
260808_WYX_W_AI,annotation,2026-08-08 14:06:53.199,1786169213.199,2026-08-08 14:06:43.199,2026-08-08 14:07:03.199,0.105,0.2,955.3,765.1,955.3,765.3,,22
260808_WYX_W_AI,annotation,2026-08-08 14:07:26.343,1786169246.343,2026-08-08 14:07:16.343,2026-08-08 14:07:36.343,0.104,0.7,1341.1,623.4,1340.4,623.6,,23
260808_WYX_W_AI,annotation,2026-08-08 14:07:36.111,1786169256.111,2026-08-08 14:07:26.111,2026-08-08 14:07:46.111,0.274,16.1,960.2,322.5,946.9,313.4,,24
260808_WYX_W_AI,annotation,2026-08-08 14:07:37.960,1786169257.96,2026-08-08 14:07:27.960,2026-08-08 14:07:47.960,0.161,0.2,125.4,127.5,125.4,127.3,,25
260808_WYX_W_AI,annotation,2026-08-08 14:09:20.443,1786169360.443,2026-08-08 14:09:10.443,2026-08-08 14:09:30.443,1.35,31.3,856.2,524.2,880.4,544.1,,26
260808_WYX_W_AI,annotation,2026-08-08 14:09:22.662,1786169362.662,2026-08-08 14:09:12.662,2026-08-08 14:09:32.662,0.639,18.0,882.0,522.7,869.4,535.5,,27
260808_WYX_W_AI,annotation,2026-08-08 14:09:23.826,1786169363.826,2026-08-08 14:09:13.826,2026-08-08 14:09:33.826,0.449,34.8,856.6,520.1,883.6,542.0,,28
260808_WYX_W_AI,annotation,2026-08-08 14:09:25.747,1786169365.747,2026-08-08 14:09:15.747,2026-08-08 14:09:35.747,1.288,41.1,883.7,514.7,857.1,546.0,,29
260808_WYX_W_AI,annotation,2026-08-08 14:09:34.941,1786169374.941,2026-08-08 14:09:24.941,2026-08-08 14:09:44.941,0.103,0.5,972.3,563.1,972.5,562.6,,30
260808_WYX_W_AI,annotation,2026-08-08 14:10:02.803,1786169402.803,2026-08-08 14:09:52.803,2026-08-08 14:10:12.803,0.122,1.6,858.4,732.4,858.4,734.0,,31
260808_WYX_W_AI,annotation,2026-08-08 14:10:36.133,1786169436.133,2026-08-08 14:10:26.133,2026-08-08 14:10:46.133,0.12,0.2,918.3,709.4,918.3,709.7,,32
260808_WYX_W_AI,annotation,2026-08-08 14:12:38.242,1786169558.242,2026-08-08 14:12:28.242,2026-08-08 14:12:48.242,0.128,0.7,984.8,68.2,984.4,67.7,,33
260808_WYX_W_AI,annotation,2026-08-08 14:12:59.432,1786169579.432,2026-08-08 14:12:49.432,2026-08-08 14:13:09.432,0.987,15.6,753.0,591.6,767.0,598.4,,34
260808_WYX_W_AI,annotation,2026-08-08 14:13:00.683,1786169580.683,2026-08-08 14:12:50.683,2026-08-08 14:13:10.683,0.344,20.1,753.4,587.3,742.8,570.2,,35
260808_WYX_W_AI,annotation,2026-08-08 14:13:01.656,1786169581.656,2026-08-08 14:12:51.656,2026-08-08 14:13:11.656,1.638,34.7,752.0,583.8,772.5,611.7,,36
260808_WYX_W_AI,annotation,2026-08-08 14:13:03.869,1786169583.869,2026-08-08 14:12:53.869,2026-08-08 14:13:13.869,1.016,23.9,774.9,612.2,793.1,627.7,,37
260808_WYX_W_AI,annotation,2026-08-08 14:14:11.379,1786169651.379,2026-08-08 14:14:01.379,2026-08-08 14:14:21.379,1.117,1.5,879.4,589.5,877.9,589.5,,38
260808_WYX_W_AI,annotation,2026-08-08 14:14:13.005,1786169653.005,2026-08-08 14:14:03.005,2026-08-08 14:14:23.005,1.465,61.7,879.5,590.5,939.9,603.4,,39
260808_WYX_W_AI,annotation,2026-08-08 14:14:15.028,1786169655.028,2026-08-08 14:14:05.028,2026-08-08 14:14:25.028,0.672,2.1,931.0,605.4,933.0,604.6,,40
260808_WYX_W_AI,annotation,2026-08-08 14:14:16.069,1786169656.069,2026-08-08 14:14:06.069,2026-08-08 14:14:26.069,1.505,71.5,927.8,604.6,874.8,652.6,,41
260808_WYX_W_AI,annotation,2026-08-08 14:16:48.021,1786169808.021,2026-08-08 14:16:38.021,2026-08-08 14:16:58.021,1.392,26.5,863.1,606.9,879.4,627.8,,42
260808_WYX_W_AI,annotation,2026-08-08 14:18:25.330,1786169905.33,2026-08-08 14:18:15.330,2026-08-08 14:18:35.330,0.105,0.2,123.3,123.7,123.5,123.7,,43
260808_WYX_W_AI,annotation,2026-08-08 14:21:36.847,1786170096.847,2026-08-08 14:21:26.847,2026-08-08 14:21:46.847,1.573,27.3,994.5,601.2,974.0,583.1,,44
260808_WYX_W_AI,annotation,2026-08-08 14:21:47.018,1786170107.018,2026-08-08 14:21:37.018,2026-08-08 14:21:57.018,3.5,35.3,930.9,521.5,965.3,529.5,,45
260808_WYX_W_AI,annotation,2026-08-08 14:21:50.923,1786170110.923,2026-08-08 14:21:40.923,2026-08-08 14:22:00.923,0.813,6.2,969.1,532.4,969.1,526.2,,46
260808_WYX_W_AI,annotation,2026-08-08 14:22:00.455,1786170120.455,2026-08-08 14:21:50.455,2026-08-08 14:22:10.455,0.121,2.5,358.7,470.6,360.7,471.9,,47
260808_WYX_W_AI,annotation,2026-08-08 14:23:41.025,1786170221.025,2026-08-08 14:23:31.025,2026-08-08 14:23:51.025,0.12,0.2,122.9,123.2,123.1,123.2,,48
260808_WYX_W_AI,annotation,2026-08-08 14:26:19.741,1786170379.741,2026-08-08 14:26:09.741,2026-08-08 14:26:29.741,0.115,0.2,270.3,528.1,270.1,528.1,,49
260808_WYX_W_AI,annotation,2026-08-08 14:28:11.553,1786170491.553,2026-08-08 14:28:01.553,2026-08-08 14:28:21.553,0.11,0.6,1258.9,668.0,1259.4,667.6,,50
260808_WYX_W_AI,annotation,2026-08-08 14:40:49.756,1786171249.756,2026-08-08 14:40:39.756,2026-08-08 14:40:59.756,0.77,30.5,813.6,430.1,840.5,444.5,,51
260808_WYX_W_AI,annotation,2026-08-08 14:40:51.801,1786171251.801,2026-08-08 14:40:41.801,2026-08-08 14:41:01.801,0.685,34.1,820.1,422.3,835.3,452.9,,52
260808_WYX_W_AI,annotation,2026-08-08 14:40:54.357,1786171254.357,2026-08-08 14:40:44.357,2026-08-08 14:41:04.357,0.624,26.7,809.5,428.0,831.6,443.1,,53
260808_WYX_W_AI,annotation,2026-08-08 14:40:55.446,1786171255.446,2026-08-08 14:40:45.446,2026-08-08 14:41:05.446,0.555,15.5,835.6,445.2,841.0,459.8,,54
260808_WYX_W_AI,annotation,2026-08-08 14:40:56.571,1786171256.571,2026-08-08 14:40:46.571,2026-08-08 14:41:06.571,1.379,10.4,830.7,444.3,824.4,436.0,,55
260808_WYX_W_AI,annotation,2026-08-08 14:40:58.290,1786171258.29,2026-08-08 14:40:48.290,2026-08-08 14:41:08.290,0.838,11.4,832.2,448.0,841.5,454.6,,56
260808_WYX_W_AI,annotation,2026-08-08 14:41:36.479,1786171296.479,2026-08-08 14:41:26.479,2026-08-08 14:41:46.479,1.067,72.5,736.2,429.2,785.1,482.8,,57
260808_WYX_W_AI,annotation,2026-08-08 14:42:22.357,1786171342.357,2026-08-08 14:42:12.357,2026-08-08 14:42:32.357,2.108,93.7,1114.0,417.7,1020.8,427.3,,58
260808_WYX_W_AI,annotation,2026-08-08 14:42:35.969,1786171355.969,2026-08-08 14:42:25.969,2026-08-08 14:42:45.969,1.832,39.7,887.3,381.0,897.0,342.6,,59
260808_WYX_W_AI,annotation,2026-08-08 14:42:40.312,1786171360.312,2026-08-08 14:42:30.312,2026-08-08 14:42:50.312,1.087,75.7,910.6,363.9,986.1,359.0,,60
260808_WYX_W_AI,annotation,2026-08-08 14:44:09.172,1786171449.172,2026-08-08 14:43:59.172,2026-08-08 14:44:19.172,0.114,0.2,254.0,201.2,254.2,201.2,,61
260808_WYX_W_AI,annotation,2026-08-08 14:44:37.364,1786171477.364,2026-08-08 14:44:27.364,2026-08-08 14:44:47.364,0.114,0.7,909.8,61.8,909.3,61.3,,62
260808_WYX_W_AI,annotation,2026-08-08 14:46:19.735,1786171579.735,2026-08-08 14:46:09.735,2026-08-08 14:46:29.735,0.117,1.0,126.1,127.7,125.1,127.4,,63
260808_WYX_W_AI,annotation,2026-08-08 14:46:40.336,1786171600.336,2026-08-08 14:46:30.336,2026-08-08 14:46:50.336,0.118,0.3,1041.2,762.6,1041.0,762.8,,64
260808_WYX_W_AI,annotation,2026-08-08 14:52:36.393,1786171956.393,2026-08-08 14:52:26.393,2026-08-08 14:52:46.393,0.112,0.2,121.0,121.8,121.2,121.8,,65
260808_WYX_W_AI,annotation,2026-08-08 14:54:40.071,1786172080.071,2026-08-08 14:54:30.071,2026-08-08 14:54:50.071,0.652,64.2,1287.6,314.3,1294.8,250.5,,66
260808_WYX_W_AI,annotation,2026-08-08 14:56:11.962,1786172171.962,2026-08-08 14:56:01.962,2026-08-08 14:56:21.962,0.112,0.8,983.6,77.6,984.3,77.1,,67
260808_WYX_W_AI,annotation,2026-08-08 14:56:18.367,1786172178.367,2026-08-08 14:56:08.367,2026-08-08 14:56:28.367,0.103,0.5,124.7,126.1,124.3,126.3,,68
260808_WYX_W_AI,annotation,2026-08-08 14:56:57.353,1786172217.353,2026-08-08 14:56:47.353,2026-08-08 14:57:07.353,0.11,0.6,872.7,491.8,873.1,491.4,,69
260808_WYX_W_AI,annotation,2026-08-08 14:58:07.385,1786172287.385,2026-08-08 14:57:57.385,2026-08-08 14:58:17.385,0.104,0.2,988.2,60.6,988.2,60.4,,70
260808_WYX_W_AI,annotation,2026-08-08 14:58:08.946,1786172288.946,2026-08-08 14:57:58.946,2026-08-08 14:58:18.946,0.109,1.6,873.3,476.5,874.8,476.6,,71
260808_WYX_W_AI,annotation,2026-08-08 15:00:15.903,1786172415.903,2026-08-08 15:00:05.903,2026-08-08 15:00:25.903,0.134,0.7,123.4,116.3,123.4,117.0,,72
260808_WYX_W_AI,annotation,2026-08-08 15:00:34.961,1786172434.961,2026-08-08 15:00:24.961,2026-08-08 15:00:44.961,0.104,0.9,1108.2,690.9,1108.4,691.8,,73
260808_WYX_W_AI,annotation,2026-08-08 15:00:58.753,1786172458.753,2026-08-08 15:00:48.753,2026-08-08 15:01:08.753,0.105,0.2,904.2,64.7,904.2,64.5,,74
260808_WYX_W_AI,annotation,2026-08-08 15:01:29.698,1786172489.698,2026-08-08 15:01:19.698,2026-08-08 15:01:39.698,0.109,0.3,127.9,128.4,127.7,128.2,,75
260808_WYX_W_AI,annotation,2026-08-08 15:01:30.873,1786172490.873,2026-08-08 15:01:20.873,2026-08-08 15:01:40.873,0.103,0.2,284.2,411.9,284.4,411.9,,76
260808_WYX_W_AI,annotation,2026-08-08 15:02:10.248,1786172530.248,2026-08-08 15:02:00.248,2026-08-08 15:02:20.248,0.773,5.2,1336.2,539.0,1335.7,533.9,,77
260808_WYX_W_AI,annotation,2026-08-08 15:02:14.870,1786172534.87,2026-08-08 15:02:04.870,2026-08-08 15:02:24.870,0.838,80.5,1247.9,559.3,1301.9,619.1,,78
260808_WYX_W_AI,annotation,2026-08-08 15:02:48.379,1786172568.379,2026-08-08 15:02:38.379,2026-08-08 15:02:58.379,0.103,0.2,978.8,57.0,979.1,57.0,,79
260808_WYX_W_AI,annotation,2026-08-08 15:04:09.453,1786172649.453,2026-08-08 15:03:59.453,2026-08-08 15:04:19.453,0.112,0.6,122.0,121.8,122.5,122.2,,80
260808_WYX_W_AI,annotation,2026-08-08 15:06:35.582,1786172795.582,2026-08-08 15:06:25.582,2026-08-08 15:06:45.582,1.982,92.0,1086.0,635.8,1134.1,714.2,,81
260808_WYX_W_AI,annotation,2026-08-08 15:07:48.843,1786172868.843,2026-08-08 15:07:38.843,2026-08-08 15:07:58.843,0.104,1.5,976.3,71.9,976.8,70.5,,82
260808_WYX_W_AI,annotation,2026-08-08 15:08:47.058,1786172927.058,2026-08-08 15:08:37.058,2026-08-08 15:08:57.058,0.113,0.2,901.7,333.7,901.9,333.7,,83
260808_WYX_W_AI,annotation,2026-08-08 15:10:53.563,1786173053.563,2026-08-08 15:10:43.563,2026-08-08 15:11:03.563,0.1,1.2,885.0,489.6,884.1,488.9,,84
260808_WYX_W_AI,annotation,2026-08-08 15:12:32.614,1786173152.614,2026-08-08 15:12:22.614,2026-08-08 15:12:42.614,0.113,0.2,261.8,206.3,261.8,206.5,,85
260808_WYX_W_AI,annotation,2026-08-08 15:17:51.122,1786173471.122,2026-08-08 15:17:41.122,2026-08-08 15:18:01.122,0.124,0.2,461.1,179.4,461.1,179.2,,86
260808_WYX_W_AI,annotation,2026-08-08 15:25:19.260,1786173919.26,2026-08-08 15:25:09.260,2026-08-08 15:25:29.260,0.124,0.2,1176.1,1053.9,1175.8,1053.9,,87
260808_WYX_W_AI,annotation,2026-08-08 15:26:25.218,1786173985.218,2026-08-08 15:26:15.218,2026-08-08 15:26:35.218,1.53,63.3,975.3,478.2,1032.1,450.3,,88
260808_WYX_W_AI,annotation,2026-08-08 15:26:28.952,1786173988.952,2026-08-08 15:26:18.952,2026-08-08 15:26:38.952,0.372,523.4,55.7,441.2,576.2,496.5,,89
260808_WYX_W_AI,annotation,2026-08-08 15:26:34.187,1786173994.187,2026-08-08 15:26:24.187,2026-08-08 15:26:44.187,0.235,604.9,47.4,318.6,635.1,462.0,,90
260808_WYX_W_AI,annotation,2026-08-08 15:26:38.546,1786173998.546,2026-08-08 15:26:28.546,2026-08-08 15:26:48.546,1.345,49.5,1129.6,601.2,1171.6,627.3,,91
260808_WYX_W_AI,annotation,2026-08-08 15:26:40.523,1786174000.523,2026-08-08 15:26:30.523,2026-08-08 15:26:50.523,0.572,44.4,1100.1,610.4,1144.4,612.5,,92
260808_WYX_W_AI,annotation,2026-08-08 15:26:41.474,1786174001.474,2026-08-08 15:26:31.474,2026-08-08 15:26:51.474,1.12,6.3,1111.6,607.1,1118.0,606.7,,93
260808_WYX_W_AI,annotation,2026-08-08 15:26:49.557,1786174009.557,2026-08-08 15:26:39.557,2026-08-08 15:26:59.557,1.141,11.4,984.4,559.7,995.2,563.2,,94
260808_WYX_W_AI,annotation,2026-08-08 15:26:54.475,1786174014.475,2026-08-08 15:26:44.475,2026-08-08 15:27:04.475,0.94,30.0,1207.7,514.1,1187.3,492.1,,95
260808_WYX_W_AI,annotation,2026-08-08 15:26:55.606,1786174015.606,2026-08-08 15:26:45.606,2026-08-08 15:27:05.606,2.027,29.5,1138.4,500.9,1167.8,504.0,,96
260808_WYX_W_AI,annotation,2026-08-08 15:28:21.144,1786174101.144,2026-08-08 15:28:11.144,2026-08-08 15:28:31.144,0.219,343.6,69.7,436.0,411.7,468.6,,97
260808_WYX_W_AI,annotation,2026-08-08 15:29:08.649,1786174148.649,2026-08-08 15:28:58.649,2026-08-08 15:29:18.649,0.31,563.8,93.6,317.2,639.3,458.9,,98
260808_WYX_W_AI,annotation,2026-08-08 15:29:16.438,1786174156.438,2026-08-08 15:29:06.438,2026-08-08 15:29:26.438,0.332,34.2,904.9,456.8,872.0,466.0,,99
260808_WYX_W_AI,annotation,2026-08-08 15:29:17.566,1786174157.566,2026-08-08 15:29:07.566,2026-08-08 15:29:27.566,0.341,119.6,872.2,456.1,991.8,451.1,,100
260808_WYX_W_AI,annotation,2026-08-08 15:29:36.844,1786174176.844,2026-08-08 15:29:26.844,2026-08-08 15:29:46.844,0.103,1.4,118.6,126.5,119.9,126.1,,101
260808_WYX_W_AI,annotation,2026-08-08 15:29:40.809,1786174180.809,2026-08-08 15:29:30.809,2026-08-08 15:29:50.809,0.771,150.8,1013.6,517.6,1156.0,567.2,,102
260808_WYX_W_AI,annotation,2026-08-08 15:29:41.875,1786174181.875,2026-08-08 15:29:31.875,2026-08-08 15:29:51.875,0.248,146.1,948.5,534.7,1094.4,542.7,,103
260808_WYX_W_AI,annotation,2026-08-08 15:29:42.476,1786174182.476,2026-08-08 15:29:32.476,2026-08-08 15:29:52.476,0.202,69.3,986.3,536.4,1026.7,480.1,,104
260808_WYX_W_AI,annotation,2026-08-08 15:29:43.105,1786174183.105,2026-08-08 15:29:33.105,2026-08-08 15:29:53.105,0.635,39.6,1007.0,502.8,1039.7,525.0,,105
260808_WYX_W_AI,annotation,2026-08-08 15:30:01.023,1786174201.023,2026-08-08 15:29:51.023,2026-08-08 15:30:11.023,1.051,20.3,1198.7,471.0,1178.4,471.9,,106
260808_WYX_W_AI,annotation,2026-08-08 15:31:53.770,1786174313.77,2026-08-08 15:31:43.770,2026-08-08 15:32:03.770,0.171,437.4,62.2,434.7,497.8,474.5,,107
260808_WYX_W_AI,annotation,2026-08-08 15:32:00.614,1786174320.614,2026-08-08 15:31:50.614,2026-08-08 15:32:10.614,0.378,559.0,33.1,308.9,566.1,477.6,,108
260808_WYX_W_AI,annotation,2026-08-08 15:32:41.588,1786174361.588,2026-08-08 15:32:31.588,2026-08-08 15:32:51.588,0.952,44.4,1060.5,598.4,1088.6,632.8,,109
260808_WYX_W_AI,annotation,2026-08-08 15:32:51.187,1786174371.187,2026-08-08 15:32:41.187,2026-08-08 15:33:01.187,0.894,69.7,1054.1,582.6,1102.4,632.9,,110
260808_WYX_W_AI,annotation,2026-08-08 15:33:00.886,1786174380.886,2026-08-08 15:32:50.886,2026-08-08 15:33:10.886,0.741,151.0,931.4,532.4,1050.5,625.1,,111
260808_WYX_W_AI,annotation,2026-08-08 15:33:01.928,1786174381.928,2026-08-08 15:32:51.928,2026-08-08 15:33:11.928,0.376,60.0,900.2,533.6,938.0,580.3,,112
260808_WYX_W_AI,annotation,2026-08-08 15:33:02.564,1786174382.564,2026-08-08 15:32:52.564,2026-08-08 15:33:12.564,0.646,65.4,841.2,484.4,791.5,441.9,,113
260808_WYX_W_AI,annotation,2026-08-08 15:33:03.548,1786174383.548,2026-08-08 15:32:53.548,2026-08-08 15:33:13.548,0.525,72.2,805.4,468.9,799.5,397.0,,114
260808_WYX_W_AI,annotation,2026-08-08 15:33:04.155,1786174384.155,2026-08-08 15:32:54.155,2026-08-08 15:33:14.155,0.25,79.3,799.2,397.0,724.4,423.3,,115
260808_WYX_W_AI,annotation,2026-08-08 15:33:04.669,1786174384.669,2026-08-08 15:32:54.669,2026-08-08 15:33:14.669,0.161,41.5,840.7,438.4,812.6,407.9,,116
260808_WYX_W_AI,annotation,2026-08-08 15:33:08.604,1786174388.604,2026-08-08 15:32:58.604,2026-08-08 15:33:18.604,0.216,11.7,1038.7,479.3,1027.8,483.3,,117
260808_WYX_W_AI,annotation,2026-08-08 15:33:09.272,1786174389.272,2026-08-08 15:32:59.272,2026-08-08 15:33:19.272,0.517,73.4,1075.5,385.8,1006.0,409.4,,118
260808_WYX_W_AI,annotation,2026-08-08 15:33:10.005,1786174390.005,2026-08-08 15:33:00.005,2026-08-08 15:33:20.005,0.308,17.1,1089.7,481.0,1106.7,478.5,,119
260808_WYX_W_AI,annotation,2026-08-08 15:33:10.576,1786174390.576,2026-08-08 15:33:00.576,2026-08-08 15:33:20.576,0.165,3.5,1132.9,475.4,1135.8,477.3,,120
260808_WYX_W_AI,annotation,2026-08-08 15:33:11.700,1786174391.7,2026-08-08 15:33:01.700,2026-08-08 15:33:21.700,0.101,1.2,784.1,54.2,784.6,53.0,,121
260808_WYX_W_AI,annotation,2026-08-08 15:33:12.421,1786174392.421,2026-08-08 15:33:02.421,2026-08-08 15:33:22.421,0.112,0.5,809.2,46.6,809.2,46.2,,122
260808_WYX_W_AI,annotation,2026-08-08 15:33:16.292,1786174396.292,2026-08-08 15:33:06.292,2026-08-08 15:33:26.292,0.105,0.6,799.7,49.1,800.2,48.6,,123
260808_WYX_W_AI,annotation,2026-08-08 15:33:20.736,1786174400.736,2026-08-08 15:33:10.736,2026-08-08 15:33:30.736,0.354,4.0,1194.4,383.8,1192.9,380.2,,124
260808_WYX_W_AI,annotation,2026-08-08 15:33:25.403,1786174405.403,2026-08-08 15:33:15.403,2026-08-08 15:33:35.403,0.107,0.2,281.9,206.6,282.1,206.6,,125
260808_WYX_W_AI,annotation,2026-08-08 15:33:27.819,1786174407.819,2026-08-08 15:33:17.819,2026-08-08 15:33:37.819,0.426,91.7,1066.6,497.6,975.2,490.4,,126
260808_WYX_W_AI,annotation,2026-08-08 15:33:29.126,1786174409.126,2026-08-08 15:33:19.126,2026-08-08 15:33:39.126,0.544,169.1,907.2,456.7,1005.5,594.3,,127
260808_WYX_W_AI,annotation,2026-08-08 15:33:29.871,1786174409.871,2026-08-08 15:33:19.871,2026-08-08 15:33:39.871,0.242,91.6,975.1,547.8,983.1,456.5,,128
260808_WYX_W_AI,annotation,2026-08-08 15:33:33.280,1786174413.28,2026-08-08 15:33:23.280,2026-08-08 15:33:43.280,0.432,96.0,998.3,468.6,902.7,478.2,,129
260808_WYX_W_AI,annotation,2026-08-08 15:33:33.945,1786174413.945,2026-08-08 15:33:23.945,2026-08-08 15:33:43.945,0.208,52.8,899.1,473.9,950.5,485.4,,130
260808_WYX_W_AI,annotation,2026-08-08 15:33:35.656,1786174415.656,2026-08-08 15:33:25.656,2026-08-08 15:33:45.656,0.142,0.3,909.4,461.1,909.7,460.9,,131
260808_WYX_W_AI,annotation,2026-08-08 15:33:36.319,1786174416.319,2026-08-08 15:33:26.319,2026-08-08 15:33:46.319,0.319,33.2,895.6,456.0,903.8,488.1,,132
260808_WYX_W_AI,annotation,2026-08-08 15:33:48.444,1786174428.444,2026-08-08 15:33:38.444,2026-08-08 15:33:58.444,2.654,15.2,1189.5,551.1,1204.1,546.9,,133
260808_WYX_W_AI,annotation,2026-08-08 15:33:53.236,1786174433.236,2026-08-08 15:33:43.236,2026-08-08 15:34:03.236,2.226,80.4,1165.9,541.8,1245.9,534.6,,134
260808_WYX_W_AI,annotation,2026-08-08 15:33:55.703,1786174435.703,2026-08-08 15:33:45.703,2026-08-08 15:34:05.703,0.486,35.7,1147.6,534.9,1180.0,520.0,,135
260808_WYX_W_AI,annotation,2026-08-08 15:34:03.570,1786174443.57,2026-08-08 15:33:53.570,2026-08-08 15:34:13.570,1.224,15.3,1180.4,528.0,1167.3,535.9,,136
260808_WYX_W_AI,annotation,2026-08-08 15:34:06.345,1786174446.345,2026-08-08 15:33:56.345,2026-08-08 15:34:16.345,1.643,22.3,1225.1,550.9,1202.8,551.4,,137
260808_WYX_W_AI,annotation,2026-08-08 15:34:32.919,1786174472.919,2026-08-08 15:34:22.919,2026-08-08 15:34:42.919,1.498,21.9,1078.6,428.2,1056.8,427.4,,138
260808_WYX_W_AI,annotation,2026-08-08 15:34:35.828,1786174475.828,2026-08-08 15:34:25.828,2026-08-08 15:34:45.828,0.517,4.7,1077.2,423.6,1073.8,420.3,,139
260808_WYX_W_AI,annotation,2026-08-08 15:34:36.775,1786174476.775,2026-08-08 15:34:26.775,2026-08-08 15:34:46.775,0.828,5.4,1139.3,445.7,1138.3,451.0,,140
260808_WYX_W_AI,annotation,2026-08-08 15:35:14.077,1786174514.077,2026-08-08 15:35:04.077,2026-08-08 15:35:24.077,2.07,13.2,1045.4,517.8,1032.6,514.9,,141
260808_WYX_W_AI,annotation,2026-08-08 15:35:25.442,1786174525.442,2026-08-08 15:35:15.442,2026-08-08 15:35:35.442,0.806,0.6,1010.6,486.6,1010.2,486.1,,142
260808_WYX_W_AI,annotation,2026-08-08 15:35:32.587,1786174532.587,2026-08-08 15:35:22.587,2026-08-08 15:35:42.587,0.779,21.4,1009.3,471.6,987.9,472.1,,143
260808_WYX_W_AI,annotation,2026-08-08 15:35:50.330,1786174550.33,2026-08-08 15:35:40.330,2026-08-08 15:36:00.330,0.1,0.5,1046.5,599.3,1046.5,598.8,,144
260808_WYX_W_AI,annotation,2026-08-08 15:36:04.884,1786174564.884,2026-08-08 15:35:54.884,2026-08-08 15:36:14.884,0.944,42.3,1210.5,563.7,1248.3,582.8,,145
260808_WYX_W_AI,annotation,2026-08-08 15:36:06.074,1786174566.074,2026-08-08 15:35:56.074,2026-08-08 15:36:16.074,0.427,8.2,1208.5,576.1,1201.5,580.4,,146
260808_WYX_W_AI,annotation,2026-08-08 15:36:06.991,1786174566.991,2026-08-08 15:35:56.991,2026-08-08 15:36:16.991,0.358,4.6,1190.0,572.7,1190.0,568.1,,147
260808_WYX_W_AI,annotation,2026-08-08 15:36:08.144,1786174568.144,2026-08-08 15:35:58.144,2026-08-08 15:36:18.144,0.569,21.2,1189.6,573.1,1168.6,569.9,,148
260808_WYX_W_AI,annotation,2026-08-08 15:36:10.584,1786174570.584,2026-08-08 15:36:00.584,2026-08-08 15:36:20.584,2.893,49.5,1181.4,554.1,1206.0,511.2,,149
260808_WYX_W_AI,annotation,2026-08-08 15:36:15.917,1786174575.917,2026-08-08 15:36:05.917,2026-08-08 15:36:25.917,0.967,36.9,1170.1,537.8,1206.3,545.0,,150
260808_WYX_W_AI,annotation,2026-08-08 15:36:21.390,1786174581.39,2026-08-08 15:36:11.390,2026-08-08 15:36:31.390,0.196,598.0,43.0,428.5,637.0,496.8,,151
260808_WYX_W_AI,annotation,2026-08-08 15:36:32.086,1786174592.086,2026-08-08 15:36:22.086,2026-08-08 15:36:42.086,0.264,1008.7,62.9,323.4,1048.8,536.8,,152
260808_WYX_W_AI,annotation,2026-08-08 15:36:46.784,1786174606.784,2026-08-08 15:36:36.784,2026-08-08 15:36:56.784,0.104,0.2,274.8,218.0,274.8,218.3,,153
260808_WYX_W_AI,annotation,2026-08-08 15:36:55.123,1786174615.123,2026-08-08 15:36:45.123,2026-08-08 15:37:05.123,0.699,34.9,933.5,628.5,898.6,629.6,,154
260808_WYX_W_AI,annotation,2026-08-08 15:36:56.503,1786174616.503,2026-08-08 15:36:46.503,2026-08-08 15:37:06.503,0.947,160.9,822.2,603.1,977.9,643.5,,155
260808_WYX_W_AI,annotation,2026-08-08 15:36:57.638,1786174617.638,2026-08-08 15:36:47.638,2026-08-08 15:37:07.638,0.284,158.8,835.7,652.6,993.3,633.1,,156
260808_WYX_W_AI,annotation,2026-08-08 15:36:58.200,1786174618.2,2026-08-08 15:36:48.200,2026-08-08 15:37:08.200,1.041,45.9,869.8,641.0,909.8,618.5,,157
260808_WYX_W_AI,annotation,2026-08-08 15:39:12.711,1786174752.711,2026-08-08 15:39:02.711,2026-08-08 15:39:22.711,0.188,562.2,44.4,434.2,603.2,495.9,,158
260808_WYX_W_AI,annotation,2026-08-08 15:39:19.895,1786174759.895,2026-08-08 15:39:09.895,2026-08-08 15:39:29.895,0.111,0.2,122.6,122.6,122.8,122.6,,159
260808_WYX_W_AI,annotation,2026-08-08 15:39:31.298,1786174771.298,2026-08-08 15:39:21.298,2026-08-08 15:39:41.298,1.229,76.5,1105.7,465.3,1171.0,505.1,,160
260808_WYX_W_AI,annotation,2026-08-08 15:39:32.766,1786174772.766,2026-08-08 15:39:22.766,2026-08-08 15:39:42.766,1.393,77.1,1085.4,466.0,1145.9,418.1,,161
260808_WYX_W_AI,annotation,2026-08-08 15:39:34.371,1786174774.371,2026-08-08 15:39:24.371,2026-08-08 15:39:44.371,0.937,54.5,1078.1,434.6,1132.0,442.7,,162
260808_WYX_W_AI,annotation,2026-08-08 15:39:38.098,1786174778.098,2026-08-08 15:39:28.098,2026-08-08 15:39:48.098,2.114,34.7,1116.4,428.7,1142.2,405.5,,163
260808_WYX_W_AI,annotation,2026-08-08 15:39:40.429,1786174780.429,2026-08-08 15:39:30.429,2026-08-08 15:39:50.429,1.255,40.7,1047.2,408.9,1085.6,422.5,,164
260808_WYX_W_AI,annotation,2026-08-08 15:40:26.780,1786174826.78,2026-08-08 15:40:16.780,2026-08-08 15:40:36.780,0.159,215.1,28.8,423.8,239.2,469.0,,165
260808_WYX_W_AI,annotation,2026-08-08 15:40:49.454,1786174849.454,2026-08-08 15:40:39.454,2026-08-08 15:40:59.454,0.32,499.6,56.5,442.6,553.5,391.4,,166
260808_WYX_W_AI,annotation,2026-08-08 15:40:52.031,1786174852.031,2026-08-08 15:40:42.031,2026-08-08 15:41:02.031,0.354,636.3,28.5,428.9,662.1,486.9,,167
260808_WYX_W_AI,annotation,2026-08-08 15:40:53.838,1786174853.838,2026-08-08 15:40:43.838,2026-08-08 15:41:03.838,0.204,341.1,59.1,329.4,392.4,401.7,,168
260808_WYX_W_AI,annotation,2026-08-08 15:41:04.039,1786174864.039,2026-08-08 15:40:54.039,2026-08-08 15:41:14.039,0.408,230.2,58.3,549.9,287.1,525.2,,169
260808_WYX_W_AI,annotation,2026-08-08 15:41:15.265,1786174875.265,2026-08-08 15:41:05.265,2026-08-08 15:41:25.265,0.585,22.5,874.6,394.9,853.1,401.7,,170
260808_WYX_W_AI,annotation,2026-08-08 15:41:16.274,1786174876.274,2026-08-08 15:41:06.274,2026-08-08 15:41:26.274,2.507,101.3,926.5,455.4,1027.7,450.2,,171
260808_WYX_W_AI,annotation,2026-08-08 15:41:19.025,1786174879.025,2026-08-08 15:41:09.025,2026-08-08 15:41:29.025,0.726,81.2,935.0,465.8,1014.1,447.7,,172
260808_WYX_W_AI,annotation,2026-08-08 15:41:49.723,1786174909.723,2026-08-08 15:41:39.723,2026-08-08 15:41:59.723,2.06,9.1,975.4,498.1,974.8,489.0,,173
260808_WYX_W_AI,annotation,2026-08-08 15:42:02.964,1786174922.964,2026-08-08 15:41:52.964,2026-08-08 15:42:12.964,0.783,55.9,1124.0,482.2,1145.3,430.5,,174
260808_WYX_W_AI,annotation,2026-08-08 15:42:03.966,1786174923.966,2026-08-08 15:41:53.966,2026-08-08 15:42:13.966,0.733,27.6,1126.6,460.3,1153.9,464.9,,175
260808_WYX_W_AI,annotation,2026-08-08 15:42:07.901,1786174927.901,2026-08-08 15:41:57.901,2026-08-08 15:42:17.901,1.949,21.0,958.4,502.7,965.3,522.5,,176
260808_WYX_W_AI,annotation,2026-08-08 15:42:27.409,1786174947.409,2026-08-08 15:42:17.409,2026-08-08 15:42:37.409,1.116,7.7,996.9,525.7,1004.4,527.7,,177
260808_WYX_W_AI,annotation,2026-08-08 15:42:35.201,1786174955.201,2026-08-08 15:42:25.201,2026-08-08 15:42:45.201,1.292,40.4,927.7,559.4,966.6,548.4,,178
260808_WYX_W_AI,annotation,2026-08-08 15:42:46.930,1786174966.93,2026-08-08 15:42:36.930,2026-08-08 15:42:56.930,0.106,0.0,1008.5,682.4,1008.5,682.4,,179
260808_WYX_W_AI,annotation,2026-08-08 15:44:06.594,1786175046.594,2026-08-08 15:43:56.594,2026-08-08 15:44:16.594,0.166,318.1,58.9,894.0,367.8,817.9,,180
260808_WYX_W_AI,annotation,2026-08-08 15:44:09.628,1786175049.628,2026-08-08 15:43:59.628,2026-08-08 15:44:19.628,0.239,390.2,66.1,777.1,448.1,697.7,,181
260808_WYX_W_AI,annotation,2026-08-08 15:44:15.988,1786175055.988,2026-08-08 15:44:05.988,2026-08-08 15:44:25.988,0.207,579.8,63.4,556.7,641.2,605.4,,182
260808_WYX_W_AI,annotation,2026-08-08 15:44:39.294,1786175079.294,2026-08-08 15:44:29.294,2026-08-08 15:44:49.294,0.352,8.4,1008.4,482.1,1003.0,488.5,,183
260808_WYX_W_AI,annotation,2026-08-08 15:44:39.862,1786175079.862,2026-08-08 15:44:29.862,2026-08-08 15:44:49.862,1.318,72.3,1007.8,485.5,1080.0,484.2,,184
260808_WYX_W_AI,annotation,2026-08-08 15:44:41.463,1786175081.463,2026-08-08 15:44:31.463,2026-08-08 15:44:51.463,1.716,68.8,982.8,486.9,1046.7,461.2,,185
260808_WYX_W_AI,annotation,2026-08-08 15:44:43.415,1786175083.415,2026-08-08 15:44:33.415,2026-08-08 15:44:53.415,0.952,107.0,945.7,473.2,1050.4,451.1,,186
260808_WYX_W_AI,annotation,2026-08-08 15:45:29.680,1786175129.68,2026-08-08 15:45:19.680,2026-08-08 15:45:39.680,0.197,459.9,53.8,415.3,513.7,409.3,,187
260808_WYX_W_AI,annotation,2026-08-08 15:45:36.237,1786175136.237,2026-08-08 15:45:26.237,2026-08-08 15:45:46.237,0.427,441.1,73.1,311.2,499.3,424.6,,188
260808_WYX_W_AI,annotation,2026-08-08 15:45:59.201,1786175159.201,2026-08-08 15:45:49.201,2026-08-08 15:46:09.201,1.098,77.5,988.2,396.2,1064.8,407.9,,189
260808_WYX_W_AI,annotation,2026-08-08 15:46:00.550,1786175160.55,2026-08-08 15:45:50.550,2026-08-08 15:46:10.550,0.689,66.8,941.6,412.4,1004.2,388.9,,190
260808_WYX_W_AI,annotation,2026-08-08 15:46:01.548,1786175161.548,2026-08-08 15:45:51.548,2026-08-08 15:46:11.548,0.648,69.6,944.6,407.8,1013.2,395.8,,191
260808_WYX_W_AI,annotation,2026-08-08 15:46:06.107,1786175166.107,2026-08-08 15:45:56.107,2026-08-08 15:46:16.107,0.412,12.3,949.4,411.7,961.2,408.0,,192
260808_WYX_W_AI,annotation,2026-08-08 15:46:32.388,1786175192.388,2026-08-08 15:46:22.388,2026-08-08 15:46:42.388,2.183,14.8,1102.3,449.3,1095.0,436.5,,193
260808_WYX_W_AI,annotation,2026-08-08 15:46:34.940,1786175194.94,2026-08-08 15:46:24.940,2026-08-08 15:46:44.940,0.464,6.5,1085.1,443.1,1086.4,449.4,,194
260808_WYX_W_AI,annotation,2026-08-08 15:46:41.261,1786175201.261,2026-08-08 15:46:31.261,2026-08-08 15:46:51.261,2.498,1.2,1032.9,431.1,1031.7,430.9,,195
260808_WYX_W_AI,annotation,2026-08-08 15:47:17.454,1786175237.454,2026-08-08 15:47:07.454,2026-08-08 15:47:27.454,0.134,0.2,1039.1,522.9,1039.1,522.7,,196
260808_WYX_W_AI,annotation,2026-08-08 15:47:38.814,1786175258.814,2026-08-08 15:47:28.814,2026-08-08 15:47:48.814,0.145,200.4,61.9,430.9,262.3,427.5,,197
260808_WYX_W_AI,annotation,2026-08-08 15:48:10.569,1786175290.569,2026-08-08 15:48:00.569,2026-08-08 15:48:20.569,0.792,90.5,1041.0,470.2,1116.0,520.9,,198
260808_WYX_W_AI,annotation,2026-08-08 15:48:11.588,1786175291.588,2026-08-08 15:48:01.588,2026-08-08 15:48:21.588,0.519,114.4,978.4,488.6,1091.7,504.8,,199
260808_WYX_W_AI,annotation,2026-08-08 15:48:12.317,1786175292.317,2026-08-08 15:48:02.317,2026-08-08 15:48:22.317,0.351,58.7,981.9,499.8,1040.2,506.8,,200
260808_WYX_W_AI,annotation,2026-08-08 15:48:13.247,1786175293.247,2026-08-08 15:48:03.247,2026-08-08 15:48:23.247,0.863,21.1,1029.0,501.5,1008.2,505.1,,201
260808_WYX_W_AI,annotation,2026-08-08 15:48:18.594,1786175298.594,2026-08-08 15:48:08.594,2026-08-08 15:48:28.594,1.259,31.9,1125.9,602.7,1141.2,574.7,,202
260808_WYX_W_AI,annotation,2026-08-08 15:48:20.132,1786175300.132,2026-08-08 15:48:10.132,2026-08-08 15:48:30.132,0.449,13.3,1120.0,590.0,1132.4,585.3,,203
260808_WYX_W_AI,annotation,2026-08-08 15:49:44.004,1786175384.004,2026-08-08 15:49:34.004,2026-08-08 15:49:54.004,0.157,270.4,51.9,422.4,321.9,438.0,,204
260808_WYX_W_AI,annotation,2026-08-08 15:49:49.852,1786175389.852,2026-08-08 15:49:39.852,2026-08-08 15:49:59.852,0.316,596.2,44.1,316.7,614.5,490.2,,205
260808_WYX_W_AI,annotation,2026-08-08 15:50:08.363,1786175408.363,2026-08-08 15:49:58.363,2026-08-08 15:50:18.363,0.543,58.2,1179.7,480.0,1122.3,490.0,,206
260808_WYX_W_AI,annotation,2026-08-08 15:50:09.187,1786175409.187,2026-08-08 15:49:59.187,2026-08-08 15:50:19.187,0.572,128.0,1030.0,473.2,1148.7,521.0,,207
260808_WYX_W_AI,annotation,2026-08-08 15:50:10.096,1786175410.096,2026-08-08 15:50:00.096,2026-08-08 15:50:20.096,0.317,86.2,1058.6,483.0,979.3,516.8,,208
260808_WYX_W_AI,annotation,2026-08-08 15:50:10.665,1786175410.665,2026-08-08 15:50:00.665,2026-08-08 15:50:20.665,0.244,74.1,1019.4,508.8,1003.6,436.4,,209
260808_WYX_W_AI,annotation,2026-08-08 15:50:11.141,1786175411.141,2026-08-08 15:50:01.141,2026-08-08 15:50:21.141,0.552,117.3,1039.1,490.1,1129.4,565.1,,210
260808_WYX_W_AI,annotation,2026-08-08 15:50:12.192,1786175412.192,2026-08-08 15:50:02.192,2026-08-08 15:50:22.192,0.611,89.1,1181.1,504.6,1096.7,533.1,,211
260808_WYX_W_AI,annotation,2026-08-08 15:50:12.998,1786175412.998,2026-08-08 15:50:02.998,2026-08-08 15:50:22.998,0.329,121.5,1087.4,570.8,1129.4,456.8,,212
260808_WYX_W_AI,annotation,2026-08-08 15:50:13.569,1786175413.569,2026-08-08 15:50:03.569,2026-08-08 15:50:23.569,0.158,132.8,1172.3,615.1,1183.9,482.8,,213
260808_WYX_W_AI,annotation,2026-08-08 15:50:13.928,1786175413.928,2026-08-08 15:50:03.928,2026-08-08 15:50:23.928,0.121,167.8,1102.2,601.7,1181.3,453.7,,214
260808_WYX_W_AI,annotation,2026-08-08 15:50:14.400,1786175414.4,2026-08-08 15:50:04.400,2026-08-08 15:50:24.400,0.182,233.9,1262.3,560.9,1035.8,502.2,,215
260808_WYX_W_AI,annotation,2026-08-08 15:50:14.843,1786175414.843,2026-08-08 15:50:04.843,2026-08-08 15:50:24.843,0.277,183.1,1182.1,550.3,1076.5,699.9,,216
260808_WYX_W_AI,annotation,2026-08-08 15:50:15.331,1786175415.331,2026-08-08 15:50:05.331,2026-08-08 15:50:25.331,0.228,143.3,1071.9,609.5,1102.3,469.5,,217
260808_WYX_W_AI,annotation,2026-08-08 15:50:15.767,1786175415.767,2026-08-08 15:50:05.767,2026-08-08 15:50:25.767,0.164,194.7,1060.9,647.0,1132.1,465.8,,218
260808_WYX_W_AI,annotation,2026-08-08 15:50:16.133,1786175416.133,2026-08-08 15:50:06.133,2026-08-08 15:50:26.133,0.136,178.1,1083.1,614.3,1170.0,459.0,,219
260808_WYX_W_AI,annotation,2026-08-08 15:50:16.403,1786175416.403,2026-08-08 15:50:06.403,2026-08-08 15:50:26.403,0.139,167.6,1075.9,639.4,1138.8,484.1,,220
260808_WYX_W_AI,annotation,2026-08-08 15:50:16.810,1786175416.81,2026-08-08 15:50:06.810,2026-08-08 15:50:26.810,0.125,88.7,1119.1,581.9,1165.1,506.1,,221
260808_WYX_W_AI,annotation,2026-08-08 15:50:16.991,1786175416.991,2026-08-08 15:50:06.991,2026-08-08 15:50:26.991,0.169,213.4,1195.4,507.6,989.3,562.9,,222
260808_WYX_W_AI,annotation,2026-08-08 15:50:19.576,1786175419.576,2026-08-08 15:50:09.576,2026-08-08 15:50:29.576,0.218,150.4,1198.8,542.9,1201.9,693.3,,223
260808_WYX_W_AI,annotation,2026-08-08 15:50:20.041,1786175420.041,2026-08-08 15:50:10.041,2026-08-08 15:50:30.041,0.309,146.3,1195.3,573.7,1220.9,429.6,,224
260808_WYX_W_AI,annotation,2026-08-08 15:50:20.675,1786175420.675,2026-08-08 15:50:10.675,2026-08-08 15:50:30.675,0.153,174.2,1189.9,611.9,1218.3,440.0,,225
260808_WYX_W_AI,annotation,2026-08-08 15:50:21.046,1786175421.046,2026-08-08 15:50:11.046,2026-08-08 15:50:31.046,0.129,163.1,1186.3,653.5,1217.0,493.3,,226
260808_WYX_W_AI,annotation,2026-08-08 15:50:22.673,1786175422.673,2026-08-08 15:50:12.673,2026-08-08 15:50:32.673,0.119,0.2,785.9,48.3,785.9,48.1,,227
260808_WYX_W_AI,annotation,2026-08-08 15:50:24.842,1786175424.842,2026-08-08 15:50:14.842,2026-08-08 15:50:34.842,2.069,14.3,1261.7,510.4,1254.8,497.8,,228
260808_WYX_W_AI,annotation,2026-08-08 15:50:27.175,1786175427.175,2026-08-08 15:50:17.175,2026-08-08 15:50:37.175,0.297,8.1,1225.3,512.6,1231.2,507.0,,229
260808_WYX_W_AI,annotation,2026-08-08 15:50:29.662,1786175429.662,2026-08-08 15:50:19.662,2026-08-08 15:50:39.662,1.03,19.6,1198.3,519.0,1216.9,525.0,,230
260808_WYX_W_AI,annotation,2026-08-08 15:50:30.875,1786175430.875,2026-08-08 15:50:20.875,2026-08-08 15:50:40.875,0.8,23.3,1168.6,515.6,1184.5,498.6,,231
260808_WYX_W_AI,annotation,2026-08-08 15:50:31.875,1786175431.875,2026-08-08 15:50:21.875,2026-08-08 15:50:41.875,0.285,41.6,1147.8,521.4,1186.3,505.7,,232
260808_WYX_W_AI,annotation,2026-08-08 15:50:32.408,1786175432.408,2026-08-08 15:50:22.408,2026-08-08 15:50:42.408,0.359,8.9,1148.3,524.6,1157.2,524.9,,233
260808_WYX_W_AI,annotation,2026-08-08 15:51:04.216,1786175464.216,2026-08-08 15:50:54.216,2026-08-08 15:51:14.216,0.242,526.0,68.7,444.1,585.8,540.4,,234
260808_WYX_W_AI,annotation,2026-08-08 15:51:08.258,1786175468.258,2026-08-08 15:50:58.258,2026-08-08 15:51:18.258,0.361,604.7,55.6,330.3,646.3,459.7,,235
260808_WYX_W_AI,annotation,2026-08-08 15:51:21.685,1786175481.685,2026-08-08 15:51:11.685,2026-08-08 15:51:31.685,0.79,61.5,937.1,533.5,981.0,576.6,,236
260808_WYX_W_AI,annotation,2026-08-08 15:51:31.246,1786175491.246,2026-08-08 15:51:21.246,2026-08-08 15:51:41.246,0.103,0.9,453.3,452.1,453.5,453.0,,237
260808_WYX_W_AI,annotation,2026-08-08 15:51:40.457,1786175500.457,2026-08-08 15:51:30.457,2026-08-08 15:51:50.457,1.051,112.1,1154.2,378.3,1211.8,474.4,,238
260808_WYX_W_AI,annotation,2026-08-08 15:51:41.699,1786175501.699,2026-08-08 15:51:31.699,2026-08-08 15:51:51.699,0.609,108.3,1134.5,405.6,1231.7,357.8,,239
260808_WYX_W_AI,annotation,2026-08-08 15:51:42.525,1786175502.525,2026-08-08 15:51:32.525,2026-08-08 15:51:52.525,0.173,95.0,1176.6,422.8,1224.7,340.9,,240
260808_WYX_W_AI,annotation,2026-08-08 15:51:42.916,1786175502.916,2026-08-08 15:51:32.916,2026-08-08 15:51:52.916,0.262,102.4,1182.1,380.8,1249.6,457.8,,241
260808_WYX_W_AI,annotation,2026-08-08 15:51:43.343,1786175503.343,2026-08-08 15:51:33.343,2026-08-08 15:51:53.343,0.346,20.5,1204.7,447.5,1214.1,429.2,,242
260808_WYX_W_AI,annotation,2026-08-08 15:51:52.705,1786175512.705,2026-08-08 15:51:42.705,2026-08-08 15:52:02.705,0.11,0.3,1100.7,582.7,1100.9,582.9,,243
260808_WYX_W_AI,annotation,2026-08-08 15:52:41.324,1786175561.324,2026-08-08 15:52:31.324,2026-08-08 15:52:51.324,0.871,83.4,1134.1,574.2,1212.2,544.9,,244
260808_WYX_W_AI,annotation,2026-08-08 15:52:42.452,1786175562.452,2026-08-08 15:52:32.452,2026-08-08 15:52:52.452,0.372,97.8,1129.9,567.8,1227.7,569.5,,245
260808_WYX_W_AI,annotation,2026-08-08 15:52:52.390,1786175572.39,2026-08-08 15:52:42.390,2026-08-08 15:53:02.390,1.309,50.2,1042.4,572.9,1091.7,563.2,,246
260808_WYX_W_AI,annotation,2026-08-08 15:53:39.256,1786175619.256,2026-08-08 15:53:29.256,2026-08-08 15:53:49.256,0.767,40.6,1072.2,554.3,1031.9,548.8,,247
260808_WYX_W_AI,annotation,2026-08-08 15:53:42.217,1786175622.217,2026-08-08 15:53:32.217,2026-08-08 15:53:52.217,0.104,0.5,791.0,131.7,791.0,132.1,,248
260808_WYX_W_AI,annotation,2026-08-08 15:53:45.794,1786175625.794,2026-08-08 15:53:35.794,2026-08-08 15:53:55.794,0.997,10.5,1084.8,532.1,1074.4,530.6,,249
260808_WYX_W_AI,annotation,2026-08-08 15:53:48.473,1786175628.473,2026-08-08 15:53:38.473,2026-08-08 15:53:58.473,0.967,48.6,1157.7,527.9,1206.2,525.4,,250
260808_WYX_W_AI,annotation,2026-08-08 15:53:49.706,1786175629.706,2026-08-08 15:53:39.706,2026-08-08 15:53:59.706,0.685,37.8,1155.9,534.3,1189.3,516.5,,251
260808_WYX_W_AI,annotation,2026-08-08 15:54:01.289,1786175641.289,2026-08-08 15:53:51.289,2026-08-08 15:54:11.289,0.233,148.4,67.4,420.5,215.4,430.9,,252
260808_WYX_W_AI,annotation,2026-08-08 15:54:21.031,1786175661.031,2026-08-08 15:54:11.031,2026-08-08 15:54:31.031,1.56,91.1,843.2,504.3,932.3,522.9,,253
260808_WYX_W_AI,annotation,2026-08-08 15:54:22.807,1786175662.807,2026-08-08 15:54:12.807,2026-08-08 15:54:32.807,0.494,25.7,909.3,525.6,934.9,527.3,,254
260808_WYX_W_AI,annotation,2026-08-08 15:54:23.526,1786175663.526,2026-08-08 15:54:13.526,2026-08-08 15:54:33.526,0.278,96.2,815.9,531.6,912.1,532.6,,255
260808_WYX_W_AI,annotation,2026-08-08 15:54:23.999,1786175663.999,2026-08-08 15:54:13.999,2026-08-08 15:54:33.999,1.027,15.4,858.9,532.7,850.1,520.1,,256
260808_WYX_W_AI,annotation,2026-08-08 15:54:25.423,1786175665.423,2026-08-08 15:54:15.423,2026-08-08 15:54:35.423,0.386,11.7,838.9,531.4,843.6,520.6,,257
260808_WYX_W_AI,annotation,2026-08-08 15:55:06.973,1786175706.973,2026-08-08 15:54:56.973,2026-08-08 15:55:16.973,0.7,159.1,1033.5,481.4,1184.8,432.0,,258
260808_WYX_W_AI,annotation,2026-08-08 15:56:12.979,1786175772.979,2026-08-08 15:56:02.979,2026-08-08 15:56:22.979,2.597,48.4,997.7,434.7,1044.1,421.2,,259
260808_WYX_W_AI,annotation,2026-08-08 15:56:39.147,1786175799.147,2026-08-08 15:56:29.147,2026-08-08 15:56:49.147,1.959,61.7,927.6,489.7,988.2,478.4,,260
260808_WYX_W_AI,annotation,2026-08-08 15:56:46.759,1786175806.759,2026-08-08 15:56:36.759,2026-08-08 15:56:56.759,0.12,0.6,365.9,481.8,365.5,482.2,,261
260808_WYX_W_AI,annotation,2026-08-08 15:56:49.462,1786175809.462,2026-08-08 15:56:39.462,2026-08-08 15:56:59.462,0.154,0.3,427.1,345.1,426.9,344.9,,262
260808_WYX_W_AI,annotation,2026-08-08 15:56:57.306,1786175817.306,2026-08-08 15:56:47.306,2026-08-08 15:57:07.306,1.581,83.6,1045.2,609.9,1113.6,561.9,,263
260808_WYX_W_AI,annotation,2026-08-08 15:56:59.154,1786175819.154,2026-08-08 15:56:49.154,2026-08-08 15:57:09.154,0.504,87.7,1034.1,560.0,1121.5,567.3,,264
260808_WYX_W_AI,annotation,2026-08-08 15:56:59.869,1786175819.869,2026-08-08 15:56:49.869,2026-08-08 15:57:09.869,1.463,44.1,1008.6,549.1,1048.9,531.3,,265
260808_WYX_W_AI,annotation,2026-08-08 15:57:15.896,1786175835.896,2026-08-08 15:57:05.896,2026-08-08 15:57:25.896,0.384,14.9,1018.8,370.2,1004.0,370.0,,266
260808_WYX_W_AI,annotation,2026-08-08 15:57:16.842,1786175836.842,2026-08-08 15:57:06.842,2026-08-08 15:57:26.842,0.683,18.5,1075.4,391.2,1092.0,382.9,,267
260808_WYX_W_AI,annotation,2026-08-08 15:57:17.736,1786175837.736,2026-08-08 15:57:07.736,2026-08-08 15:57:27.736,0.712,63.0,1053.5,413.3,1106.9,379.8,,268
260808_WYX_W_AI,annotation,2026-08-08 15:57:58.504,1786175878.504,2026-08-08 15:57:48.504,2026-08-08 15:58:08.504,0.167,288.0,62.8,428.0,350.8,428.3,,269
260808_WYX_W_AI,annotation,2026-08-08 15:58:10.878,1786175890.878,2026-08-08 15:58:00.878,2026-08-08 15:58:20.878,0.744,70.3,1081.1,490.9,1149.7,506.7,,270
260808_WYX_W_AI,annotation,2026-08-08 15:58:11.848,1786175891.848,2026-08-08 15:58:01.848,2026-08-08 15:58:21.848,0.173,98.8,1051.3,517.9,1142.4,479.8,,271
260808_WYX_W_AI,annotation,2026-08-08 15:58:12.229,1786175892.229,2026-08-08 15:58:02.229,2026-08-08 15:58:22.229,0.299,65.8,1071.8,511.5,1123.6,471.0,,272
260808_WYX_W_AI,annotation,2026-08-08 15:58:12.679,1786175892.679,2026-08-08 15:58:02.679,2026-08-08 15:58:22.679,0.375,12.5,1123.6,472.3,1115.0,481.4,,273
260808_WYX_W_AI,annotation,2026-08-08 15:58:20.329,1786175900.329,2026-08-08 15:58:10.329,2026-08-08 15:58:30.329,0.925,49.6,1023.4,465.6,1072.8,460.6,,274
260808_WYX_W_AI,annotation,2026-08-08 15:58:21.703,1786175901.703,2026-08-08 15:58:11.703,2026-08-08 15:58:31.703,0.177,3.0,1034.9,466.6,1031.9,466.3,,275
260808_WYX_W_AI,annotation,2026-08-08 15:59:12.013,1786175952.013,2026-08-08 15:59:02.013,2026-08-08 15:59:22.013,0.922,48.1,1083.1,512.6,1040.6,535.1,,276
260808_WYX_W_AI,annotation,2026-08-08 15:59:13.992,1786175953.992,2026-08-08 15:59:03.992,2026-08-08 15:59:23.992,1.47,18.9,1042.0,529.2,1055.9,516.4,,277
260808_WYX_W_AI,annotation,2026-08-08 15:59:16.616,1786175956.616,2026-08-08 15:59:06.616,2026-08-08 15:59:26.616,0.87,32.6,939.3,509.4,966.8,527.0,,278
260808_WYX_W_AI,annotation,2026-08-08 15:59:29.667,1786175969.667,2026-08-08 15:59:19.667,2026-08-08 15:59:39.667,1.199,39.2,939.0,507.1,967.4,534.1,,279
260808_WYX_W_AI,annotation,2026-08-08 16:00:03.223,1786176003.223,2026-08-08 15:59:53.223,2026-08-08 16:00:13.223,0.141,109.7,71.0,445.4,180.8,445.4,,280
260808_WYX_W_AI,annotation,2026-08-08 16:00:20.615,1786176020.615,2026-08-08 16:00:10.615,2026-08-08 16:00:30.615,0.609,25.2,1105.8,581.4,1117.8,603.6,,281
260808_WYX_W_AI,annotation,2026-08-08 16:00:21.447,1786176021.447,2026-08-08 16:00:11.447,2026-08-08 16:00:31.447,0.21,98.8,1090.1,578.7,1132.9,667.7,,282
260808_WYX_W_AI,annotation,2026-08-08 16:00:21.845,1786176021.845,2026-08-08 16:00:11.845,2026-08-08 16:00:31.845,0.263,106.4,1105.4,617.4,1201.5,571.7,,283
260808_WYX_W_AI,annotation,2026-08-08 16:00:22.334,1786176022.334,2026-08-08 16:00:12.334,2026-08-08 16:00:32.334,0.223,55.9,1134.4,589.5,1187.9,573.2,,284
260808_WYX_W_AI,annotation,2026-08-08 16:00:22.941,1786176022.941,2026-08-08 16:00:12.941,2026-08-08 16:00:32.941,0.27,48.1,1028.3,593.4,1076.0,587.1,,285
260808_WYX_W_AI,annotation,2026-08-08 16:01:30.782,1786176090.782,2026-08-08 16:01:20.782,2026-08-08 16:01:40.782,0.575,160.2,1594.3,455.8,1438.3,492.5,,286
260808_WYX_W_AI,annotation,2026-08-08 16:01:42.673,1786176102.673,2026-08-08 16:01:32.673,2026-08-08 16:01:52.673,0.606,179.1,1524.3,455.1,1650.9,328.5,,287
260808_WYX_W_AI,annotation,2026-08-08 16:01:45.109,1786176105.109,2026-08-08 16:01:35.109,2026-08-08 16:01:55.109,0.664,828.5,1606.8,365.0,785.7,475.4,,288
260808_WYX_W_AI,annotation,2026-08-08 16:01:47.681,1786176107.681,2026-08-08 16:01:37.681,2026-08-08 16:01:57.681,0.993,49.3,1031.6,476.9,1035.8,427.8,,289
260808_WYX_W_AI,annotation,2026-08-08 16:02:10.429,1786176130.429,2026-08-08 16:02:00.429,2026-08-08 16:02:20.429,0.164,225.4,59.3,432.9,283.2,458.7,,290
260808_WYX_W_AI,annotation,2026-08-08 16:02:21.246,1786176141.246,2026-08-08 16:02:11.246,2026-08-08 16:02:31.246,0.711,192.5,871.4,510.7,1057.7,559.0,,291
260808_WYX_W_AI,annotation,2026-08-08 16:02:22.174,1786176142.174,2026-08-08 16:02:12.174,2026-08-08 16:02:32.174,0.637,154.2,876.6,527.7,1022.3,477.4,,292
260808_WYX_W_AI,annotation,2026-08-08 16:02:52.857,1786176172.857,2026-08-08 16:02:42.857,2026-08-08 16:03:02.857,0.248,493.1,51.2,440.7,534.1,539.8,,293
260808_WYX_W_AI,annotation,2026-08-08 16:03:02.757,1786176182.757,2026-08-08 16:02:52.757,2026-08-08 16:03:12.757,0.7,146.2,914.7,538.1,1060.7,547.0,,294
260808_WYX_W_AI,annotation,2026-08-08 16:03:03.701,1786176183.701,2026-08-08 16:02:53.701,2026-08-08 16:03:13.701,0.373,105.3,984.8,580.4,1085.6,549.9,,295
260808_WYX_W_AI,annotation,2026-08-08 16:03:39.641,1786176219.641,2026-08-08 16:03:29.641,2026-08-08 16:03:49.641,0.209,313.4,70.9,438.5,382.8,468.7,,296
260808_WYX_W_AI,annotation,2026-08-08 16:03:49.780,1786176229.78,2026-08-08 16:03:39.780,2026-08-08 16:03:59.780,0.209,608.3,63.7,312.6,653.9,459.6,,297
260808_WYX_W_AI,annotation,2026-08-08 16:04:18.860,1786176258.86,2026-08-08 16:04:08.860,2026-08-08 16:04:28.860,0.935,87.6,846.5,372.4,933.3,384.5,,298
260808_WYX_W_AI,annotation,2026-08-08 16:04:20.013,1786176260.013,2026-08-08 16:04:10.013,2026-08-08 16:04:30.013,0.397,60.3,840.1,398.2,891.8,367.0,,299
260808_WYX_W_AI,annotation,2026-08-08 16:04:20.605,1786176260.605,2026-08-08 16:04:10.605,2026-08-08 16:04:30.605,0.337,12.3,852.2,394.6,859.4,384.6,,300
260808_WYX_W_AI,annotation,2026-08-08 16:04:44.575,1786176284.575,2026-08-08 16:04:34.575,2026-08-08 16:04:54.575,1.132,10.1,1037.0,560.2,1028.0,564.7,,301
260808_WYX_W_AI,annotation,2026-08-08 16:04:58.465,1786176298.465,2026-08-08 16:04:48.465,2026-08-08 16:05:08.465,1.132,72.0,988.4,496.1,1059.0,482.1,,302
260808_WYX_W_AI,annotation,2026-08-08 16:05:24.380,1786176324.38,2026-08-08 16:05:14.380,2026-08-08 16:05:34.380,1.114,73.4,923.2,467.6,996.5,464.0,,303
260808_WYX_W_AI,annotation,2026-08-08 16:05:25.743,1786176325.743,2026-08-08 16:05:15.743,2026-08-08 16:05:35.743,0.381,39.5,873.1,464.3,912.5,467.5,,304
260808_WYX_W_AI,annotation,2026-08-08 16:05:35.627,1786176335.627,2026-08-08 16:05:25.627,2026-08-08 16:05:45.627,0.879,5.0,1008.6,515.9,1007.6,511.0,,305
260808_WYX_W_AI,annotation,2026-08-08 16:05:36.881,1786176336.881,2026-08-08 16:05:26.881,2026-08-08 16:05:46.881,0.397,8.1,974.0,509.9,967.2,505.5,,306
260808_WYX_W_AI,annotation,2026-08-08 16:05:51.454,1786176351.454,2026-08-08 16:05:41.454,2026-08-08 16:06:01.454,0.966,28.1,944.1,445.6,918.0,455.9,,307
260808_WYX_W_AI,annotation,2026-08-08 16:06:03.055,1786176363.055,2026-08-08 16:05:53.055,2026-08-08 16:06:13.055,0.293,408.4,27.0,435.5,433.2,477.0,,308
260808_WYX_W_AI,annotation,2026-08-08 16:06:11.495,1786176371.495,2026-08-08 16:06:01.495,2026-08-08 16:06:21.495,0.526,328.8,56.9,423.6,383.2,463.4,,309
260808_WYX_W_AI,annotation,2026-08-08 16:06:12.972,1786176372.972,2026-08-08 16:06:02.972,2026-08-08 16:06:22.972,0.261,611.8,62.9,330.2,654.6,486.0,,310
260808_WYX_W_AI,annotation,2026-08-08 16:06:59.050,1786176419.05,2026-08-08 16:06:49.050,2026-08-08 16:07:09.050,0.975,28.3,942.5,617.8,960.4,639.6,,311
260808_WYX_W_AI,annotation,2026-08-08 16:07:20.200,1786176440.2,2026-08-08 16:07:10.200,2026-08-08 16:07:30.200,1.449,74.0,916.6,596.5,960.0,656.4,,312
260808_BBY_W_AI,annotation,2026-08-08 18:26:36.002,1786184796.002,2026-08-08 18:26:26.002,2026-08-08 18:26:46.002,0.118,0.5,39.4,43.0,39.0,43.0,,313
260808_BBY_W_AI,annotation,2026-08-08 18:26:38.801,1786184798.801,2026-08-08 18:26:28.801,2026-08-08 18:26:48.801,0.125,0.8,523.2,175.5,523.9,175.9,,314
260808_BBY_W_AI,annotation,2026-08-08 18:26:40.200,1786184800.2,2026-08-08 18:26:30.200,2026-08-08 18:26:50.200,0.105,0.2,1333.9,183.4,1334.1,183.4,,315
260808_BBY_W_AI,annotation,2026-08-08 18:30:40.680,1786185040.68,2026-08-08 18:30:30.680,2026-08-08 18:30:50.680,0.111,0.5,91.6,208.7,91.2,208.7,,316
260808_BBY_W_AI,annotation,2026-08-08 18:31:01.305,1786185061.305,2026-08-08 18:30:51.305,2026-08-08 18:31:11.305,2.347,97.9,839.9,718.3,909.4,787.3,,317
260808_BBY_W_AI,annotation,2026-08-08 18:31:26.669,1786185086.669,2026-08-08 18:31:16.669,2026-08-08 18:31:36.669,1.394,83.0,871.4,721.6,930.3,780.1,,318
260808_BBY_W_AI,annotation,2026-08-08 18:33:21.318,1786185201.318,2026-08-08 18:33:11.318,2026-08-08 18:33:31.318,0.105,1.3,125.0,124.8,125.7,125.9,,319
260808_BBY_W_AI,annotation,2026-08-08 18:33:38.996,1786185218.996,2026-08-08 18:33:28.996,2026-08-08 18:33:48.996,1.118,113.4,714.8,670.1,793.4,751.8,,320
260808_BBY_W_AI,annotation,2026-08-08 18:33:46.391,1786185226.391,2026-08-08 18:33:36.391,2026-08-08 18:33:56.391,1.049,105.3,715.8,659.2,791.0,732.9,,321
260808_BBY_W_AI,annotation,2026-08-08 18:34:06.559,1786185246.559,2026-08-08 18:33:56.559,2026-08-08 18:34:16.559,2.316,116.4,867.8,584.9,968.3,643.7,,322
260808_BBY_W_AI,annotation,2026-08-08 18:34:17.223,1786185257.223,2026-08-08 18:34:07.223,2026-08-08 18:34:27.223,1.162,55.2,866.2,685.7,906.7,723.2,,323
260808_BBY_W_AI,annotation,2026-08-08 18:34:31.227,1786185271.227,2026-08-08 18:34:21.227,2026-08-08 18:34:41.227,1.37,74.7,851.2,690.1,910.5,735.5,,324
260808_BBY_W_AI,annotation,2026-08-08 18:34:39.319,1786185279.319,2026-08-08 18:34:29.319,2026-08-08 18:34:49.319,1.536,65.8,846.9,687.0,905.5,716.8,,325
260808_BBY_W_AI,annotation,2026-08-08 18:35:50.328,1786185350.328,2026-08-08 18:35:40.328,2026-08-08 18:36:00.328,1.153,87.3,1159.8,395.1,1205.4,469.6,,326
260808_BBY_W_AI,annotation,2026-08-08 18:36:02.145,1786185362.145,2026-08-08 18:35:52.145,2026-08-08 18:36:12.145,0.108,0.2,124.1,124.6,124.3,124.6,,327
260808_BBY_W_AI,annotation,2026-08-08 18:36:23.905,1786185383.905,2026-08-08 18:36:13.905,2026-08-08 18:36:33.905,0.876,116.3,1231.9,393.5,1293.2,492.2,,328
260808_BBY_W_AI,annotation,2026-08-08 18:36:32.063,1786185392.063,2026-08-08 18:36:22.063,2026-08-08 18:36:42.063,1.05,122.9,1228.5,377.6,1295.3,480.8,,329
260808_BBY_W_AI,annotation,2026-08-08 18:36:39.294,1786185399.294,2026-08-08 18:36:29.294,2026-08-08 18:36:49.294,0.113,0.6,403.2,394.4,403.6,394.8,,330
260808_BBY_W_AI,annotation,2026-08-08 18:37:09.998,1786185429.998,2026-08-08 18:36:59.998,2026-08-08 18:37:19.998,1.456,36.1,1224.9,743.4,1248.9,770.4,,331
260808_BBY_W_AI,annotation,2026-08-08 18:37:47.372,1786185467.372,2026-08-08 18:37:37.372,2026-08-08 18:37:57.372,1.678,174.2,1198.4,606.8,1319.6,732.0,,332
260808_BBY_W_AI,annotation,2026-08-08 18:38:04.492,1786185484.492,2026-08-08 18:37:54.492,2026-08-08 18:38:14.492,1.299,150.8,791.1,535.9,904.1,635.8,,333
260808_BBY_W_AI,annotation,2026-08-08 18:39:16.633,1786185556.633,2026-08-08 18:39:06.633,2026-08-08 18:39:26.633,1.14,34.4,769.0,646.6,793.2,671.1,,334
260808_BBY_W_AI,annotation,2026-08-08 18:40:51.649,1786185651.649,2026-08-08 18:40:41.649,2026-08-08 18:41:01.649,0.107,0.3,123.1,231.3,123.4,231.5,,335
260808_BBY_W_AI,annotation,2026-08-08 18:42:51.264,1786185771.264,2026-08-08 18:42:41.264,2026-08-08 18:43:01.264,0.116,0.2,1121.3,754.5,1121.1,754.5,,336
260808_BBY_W_AI,annotation,2026-08-08 18:46:42.481,1786186002.481,2026-08-08 18:46:32.481,2026-08-08 18:46:52.481,0.968,143.0,1169.6,416.5,1278.6,509.1,,337
260808_BBY_W_AI,annotation,2026-08-08 18:48:37.515,1786186117.515,2026-08-08 18:48:27.515,2026-08-08 18:48:47.515,0.817,77.8,767.5,408.8,825.9,460.3,,338
260808_BBY_W_AI,annotation,2026-08-08 18:53:24.074,1786186404.074,2026-08-08 18:53:14.074,2026-08-08 18:53:34.074,0.105,0.3,125.6,118.7,125.8,119.0,,339
260808_BBY_W_AI,annotation,2026-08-08 18:55:17.050,1786186517.05,2026-08-08 18:55:07.050,2026-08-08 18:55:27.050,1.469,197.7,1015.2,579.6,1179.7,469.9,,340
260808_BBY_W_AI,annotation,2026-08-08 18:55:18.735,1786186518.735,2026-08-08 18:55:08.735,2026-08-08 18:55:28.735,0.314,64.8,1080.8,519.9,1145.3,512.9,,341
260808_BBY_W_AI,annotation,2026-08-08 18:56:28.874,1786186588.874,2026-08-08 18:56:18.874,2026-08-08 18:56:38.874,3.656,172.1,1068.6,480.9,987.2,329.3,,342
260808_BBY_W_AI,annotation,2026-08-08 18:56:32.759,1786186592.759,2026-08-08 18:56:22.759,2026-08-08 18:56:42.759,1.072,80.1,1156.2,466.2,1223.6,509.6,,343
260808_BBY_W_AI,annotation,2026-08-08 18:56:35.065,1786186595.065,2026-08-08 18:56:25.065,2026-08-08 18:56:45.065,0.702,191.0,1094.8,538.7,907.6,576.8,,344
260808_BBY_W_AI,annotation,2026-08-08 18:56:35.902,1786186595.902,2026-08-08 18:56:25.902,2026-08-08 18:56:45.902,0.81,209.3,928.7,564.2,1052.0,395.1,,345
260808_BBY_W_AI,annotation,2026-08-08 18:56:36.915,1786186596.915,2026-08-08 18:56:26.915,2026-08-08 18:56:46.915,0.334,221.4,973.1,564.6,1121.3,400.1,,346
260808_BBY_W_AI,annotation,2026-08-08 18:56:37.388,1786186597.388,2026-08-08 18:56:27.388,2026-08-08 18:56:47.388,0.21,196.3,1082.5,468.9,957.3,620.1,,347
260808_BBY_W_AI,annotation,2026-08-08 18:56:38.248,1786186598.248,2026-08-08 18:56:28.248,2026-08-08 18:56:48.248,1.701,312.3,1002.4,580.2,761.2,778.6,,348
260808_BBY_W_AI,annotation,2026-08-08 18:56:40.283,1786186600.283,2026-08-08 18:56:30.283,2026-08-08 18:56:50.283,1.316,311.2,786.6,751.6,485.9,831.7,,349
260808_BBY_W_AI,annotation,2026-08-08 18:56:41.799,1786186601.799,2026-08-08 18:56:31.799,2026-08-08 18:56:51.799,0.399,443.6,1007.8,670.9,576.1,772.7,,350
260808_BBY_W_AI,annotation,2026-08-08 18:56:42.407,1786186602.407,2026-08-08 18:56:32.407,2026-08-08 18:56:52.407,0.375,437.2,1029.2,640.6,621.5,798.6,,351
260808_BBY_W_AI,annotation,2026-08-08 18:56:42.992,1786186602.992,2026-08-08 18:56:32.992,2026-08-08 18:56:52.992,0.39,411.2,994.1,629.3,615.1,789.0,,352
260808_BBY_W_AI,annotation,2026-08-08 18:56:43.710,1786186603.71,2026-08-08 18:56:33.710,2026-08-08 18:56:53.710,0.305,162.1,931.5,684.6,1087.1,638.8,,353
260808_BBY_W_AI,annotation,2026-08-08 18:56:51.835,1786186611.835,2026-08-08 18:56:41.835,2026-08-08 18:57:01.835,0.8,268.5,1045.9,496.8,1294.1,394.4,,354
260808_BBY_W_AI,annotation,2026-08-08 18:56:52.848,1786186612.848,2026-08-08 18:56:42.848,2026-08-08 18:57:02.848,0.259,699.0,944.4,585.0,1612.9,380.7,,355
260808_BBY_W_AI,annotation,2026-08-08 18:56:53.431,1786186613.431,2026-08-08 18:56:43.431,2026-08-08 18:57:03.431,0.179,569.2,1003.4,612.2,1552.6,463.0,,356
260808_BBY_W_AI,annotation,2026-08-08 18:56:53.924,1786186613.924,2026-08-08 18:56:43.924,2026-08-08 18:57:03.924,1.417,7.1,1193.6,556.1,1197.0,549.9,,357
260808_BBY_W_AI,annotation,2026-08-08 18:58:47.706,1786186727.706,2026-08-08 18:58:37.706,2026-08-08 18:58:57.706,0.924,102.1,1029.9,448.3,1036.9,346.5,,358
260808_BBY_W_AI,annotation,2026-08-08 18:58:48.863,1786186728.863,2026-08-08 18:58:38.863,2026-08-08 18:58:58.863,0.384,164.1,926.0,425.0,1089.0,406.0,,359
260808_BBY_W_AI,annotation,2026-08-08 18:58:49.484,1786186729.484,2026-08-08 18:58:39.484,2026-08-08 18:58:59.484,0.317,91.5,961.5,436.0,1050.7,415.7,,360
260808_BBY_W_AI,annotation,2026-08-08 18:58:50.032,1786186730.032,2026-08-08 18:58:40.032,2026-08-08 18:59:00.032,0.238,47.3,987.8,441.5,1034.4,433.5,,361
260808_BBY_W_AI,annotation,2026-08-08 18:59:46.137,1786186786.137,2026-08-08 18:59:36.137,2026-08-08 18:59:56.137,0.183,120.9,932.2,542.8,1045.2,500.0,,362
260808_BBY_W_AI,annotation,2026-08-08 18:59:46.838,1786186786.838,2026-08-08 18:59:36.838,2026-08-08 18:59:56.838,0.109,126.4,1071.1,505.6,1196.6,491.2,,363
260808_BBY_W_AI,annotation,2026-08-08 18:59:47.194,1786186787.194,2026-08-08 18:59:37.194,2026-08-08 18:59:57.194,0.178,99.4,1092.6,523.1,1191.7,514.4,,364
260808_BBY_W_AI,annotation,2026-08-08 19:00:15.506,1786186815.506,2026-08-08 19:00:05.506,2026-08-08 19:00:25.506,0.198,257.7,900.8,640.5,1141.6,548.9,,365
260808_BBY_W_AI,annotation,2026-08-08 19:00:15.993,1786186815.993,2026-08-08 19:00:05.993,2026-08-08 19:00:25.993,0.143,297.9,968.5,624.6,1265.0,595.8,,366
260808_BBY_W_AI,annotation,2026-08-08 19:00:16.586,1786186816.586,2026-08-08 19:00:06.586,2026-08-08 19:00:26.586,2.962,20.3,1153.7,614.8,1133.8,610.9,,367
260808_BBY_W_AI,annotation,2026-08-08 19:01:15.519,1786186875.519,2026-08-08 19:01:05.519,2026-08-08 19:01:25.519,0.292,69.0,1245.2,547.8,1181.8,574.8,,368
260808_BBY_W_AI,annotation,2026-08-08 19:01:16.175,1786186876.175,2026-08-08 19:01:06.175,2026-08-08 19:01:26.175,0.419,79.7,1191.8,565.3,1263.9,531.4,,369
260808_BBY_W_AI,annotation,2026-08-08 19:01:16.862,1786186876.862,2026-08-08 19:01:06.862,2026-08-08 19:01:26.862,0.166,260.2,1093.2,622.1,1347.5,567.0,,370
260808_BBY_W_AI,annotation,2026-08-08 19:01:17.254,1786186877.254,2026-08-08 19:01:07.254,2026-08-08 19:01:27.254,0.182,256.1,1109.3,615.9,1359.2,559.9,,371
260808_BBY_W_AI,annotation,2026-08-08 19:01:17.727,1786186877.727,2026-08-08 19:01:07.727,2026-08-08 19:01:27.727,0.243,136.6,1118.5,608.6,1253.3,586.5,,372
260808_BBY_W_AI,annotation,2026-08-08 19:01:18.431,1786186878.431,2026-08-08 19:01:08.431,2026-08-08 19:01:28.431,0.569,6.4,1154.0,603.7,1148.1,606.1,,373
260808_BBY_W_AI,annotation,2026-08-08 19:03:24.024,1786187004.024,2026-08-08 19:03:14.024,2026-08-08 19:03:34.024,0.374,164.7,1052.1,603.9,1206.0,545.5,,374
260808_BBY_W_AI,annotation,2026-08-08 19:03:25.077,1786187005.077,2026-08-08 19:03:15.077,2026-08-08 19:03:35.077,0.148,110.1,1055.6,608.4,1165.6,603.8,,375
260808_BBY_W_AI,annotation,2026-08-08 19:03:25.480,1786187005.48,2026-08-08 19:03:15.480,2026-08-08 19:03:35.480,0.254,29.7,1097.6,615.9,1126.9,610.8,,376
260808_BBY_W_AI,annotation,2026-08-08 19:03:55.696,1786187035.696,2026-08-08 19:03:45.696,2026-08-08 19:04:05.696,0.173,191.9,976.4,532.8,1166.7,508.5,,377
260808_BBY_W_AI,annotation,2026-08-08 19:03:56.409,1786187036.409,2026-08-08 19:03:46.409,2026-08-08 19:04:06.409,0.129,84.6,1167.0,519.9,1250.8,507.9,,378
260808_BBY_W_AI,annotation,2026-08-08 19:03:56.802,1786187036.802,2026-08-08 19:03:46.802,2026-08-08 19:04:06.802,0.155,63.1,1172.9,527.8,1235.8,522.7,,379
260808_BBY_W_AI,annotation,2026-08-08 19:04:37.533,1786187077.533,2026-08-08 19:04:27.533,2026-08-08 19:04:47.533,0.907,100.6,1140.5,582.5,1234.4,546.5,,380
260808_BBY_W_AI,annotation,2026-08-08 19:04:38.687,1786187078.687,2026-08-08 19:04:28.687,2026-08-08 19:04:48.687,0.187,223.5,1015.8,613.4,1237.6,585.8,,381
260808_BBY_W_AI,annotation,2026-08-08 19:04:39.212,1786187079.212,2026-08-08 19:04:29.212,2026-08-08 19:04:49.212,0.322,24.7,1107.1,601.2,1127.6,587.5,,382
260808_BBY_W_AI,annotation,2026-08-08 19:04:39.745,1786187079.745,2026-08-08 19:04:29.745,2026-08-08 19:04:49.745,0.291,69.1,1083.3,606.3,1152.4,606.2,,383
260808_BBY_W_AI,annotation,2026-08-08 19:04:40.246,1786187080.246,2026-08-08 19:04:30.246,2026-08-08 19:04:50.246,0.569,11.1,1134.5,606.2,1129.8,596.1,,384
260808_BBY_W_AI,annotation,2026-08-08 19:06:41.735,1786187201.735,2026-08-08 19:06:31.735,2026-08-08 19:06:51.735,1.27,22.5,959.7,511.3,976.6,526.1,,385
260808_BBY_W_AI,annotation,2026-08-08 19:07:07.103,1786187227.103,2026-08-08 19:06:57.103,2026-08-08 19:07:17.103,0.6,63.4,1266.0,517.3,1316.5,479.1,,386
260808_BBY_W_AI,annotation,2026-08-08 19:07:08.020,1786187228.02,2026-08-08 19:06:58.020,2026-08-08 19:07:18.020,0.17,160.4,1142.4,576.1,1301.6,557.3,,387
260808_BBY_W_AI,annotation,2026-08-08 19:07:08.507,1786187228.507,2026-08-08 19:06:58.507,2026-08-08 19:07:18.507,0.201,127.8,1171.3,577.9,1295.7,548.4,,388
260808_BBY_W_AI,annotation,2026-08-08 19:07:09.077,1786187229.077,2026-08-08 19:06:59.077,2026-08-08 19:07:19.077,0.111,24.5,1212.8,563.5,1236.9,559.1,,389
260808_BBY_W_AI,annotation,2026-08-08 19:07:51.300,1786187271.3,2026-08-08 19:07:41.300,2026-08-08 19:08:01.300,0.143,136.9,1224.4,570.2,1360.2,552.9,,390
260808_BBY_W_AI,annotation,2026-08-08 19:07:51.711,1786187271.711,2026-08-08 19:07:41.711,2026-08-08 19:08:01.711,0.196,184.9,1152.0,607.3,1333.9,573.5,,391
260808_BBY_W_AI,annotation,2026-08-08 19:07:52.177,1786187272.177,2026-08-08 19:07:42.177,2026-08-08 19:08:02.177,0.142,48.2,1196.0,618.9,1243.7,611.4,,392
260808_BBY_W_AI,annotation,2026-08-08 19:08:58.236,1786187338.236,2026-08-08 19:08:48.236,2026-08-08 19:09:08.236,0.157,135.3,1088.8,585.6,1224.0,580.0,,393
260808_BBY_W_AI,annotation,2026-08-08 19:08:58.641,1786187338.641,2026-08-08 19:08:48.641,2026-08-08 19:09:08.641,0.135,128.0,1108.3,625.1,1234.1,601.9,,394
260808_BBY_W_AI,annotation,2026-08-08 19:08:59.070,1786187339.07,2026-08-08 19:08:49.070,2026-08-08 19:09:09.070,0.148,47.9,1143.0,620.0,1190.8,617.9,,395
260808_BBY_W_AI,annotation,2026-08-08 19:08:59.892,1786187339.892,2026-08-08 19:08:49.892,2026-08-08 19:09:09.892,0.795,13.4,1189.0,618.2,1186.4,605.0,,396
260808_BBY_W_AI,annotation,2026-08-08 19:11:06.724,1786187466.724,2026-08-08 19:10:56.724,2026-08-08 19:11:16.724,0.548,118.6,1172.7,579.3,1275.2,519.6,,397
260808_BBY_W_AI,annotation,2026-08-08 19:11:07.521,1786187467.521,2026-08-08 19:10:57.521,2026-08-08 19:11:17.521,0.164,253.7,1062.9,607.5,1312.7,563.2,,398
260808_BBY_W_AI,annotation,2026-08-08 19:11:07.933,1786187467.933,2026-08-08 19:10:57.933,2026-08-08 19:11:17.933,0.135,60.5,1148.2,588.8,1207.4,576.4,,399
260808_BBY_W_AI,annotation,2026-08-08 19:11:41.247,1786187501.247,2026-08-08 19:11:31.247,2026-08-08 19:11:51.247,0.645,76.6,1104.9,511.4,1175.5,481.8,,400
260808_BBY_W_AI,annotation,2026-08-08 19:11:42.132,1786187502.132,2026-08-08 19:11:32.132,2026-08-08 19:11:52.132,0.24,171.7,1008.3,546.8,1177.3,516.8,,401
260808_BBY_W_AI,annotation,2026-08-08 19:11:42.589,1786187502.589,2026-08-08 19:11:32.589,2026-08-08 19:11:52.589,0.143,58.3,1078.3,535.9,1136.1,527.8,,402
260808_BBY_W_AI,annotation,2026-08-08 19:13:14.689,1786187594.689,2026-08-08 19:13:04.689,2026-08-08 19:13:24.689,0.264,125.2,1124.3,581.7,1013.5,640.0,,403
260808_BBY_W_AI,annotation,2026-08-08 19:13:15.183,1786187595.183,2026-08-08 19:13:05.183,2026-08-08 19:13:25.183,0.405,101.0,1080.5,616.6,1161.7,556.5,,404
260808_BBY_W_AI,annotation,2026-08-08 19:13:16.197,1786187596.197,2026-08-08 19:13:06.197,2026-08-08 19:13:26.197,0.585,122.4,1053.1,555.5,1167.3,511.5,,405
260808_BBY_W_AI,annotation,2026-08-08 19:13:17.054,1786187597.054,2026-08-08 19:13:07.054,2026-08-08 19:13:27.054,0.193,234.0,1003.8,628.5,1224.7,551.3,,406
260808_BBY_W_AI,annotation,2026-08-08 19:13:17.880,1786187597.88,2026-08-08 19:13:07.880,2026-08-08 19:13:27.880,0.234,283.6,1102.5,716.8,1341.3,563.8,,407
260808_BBY_W_AI,annotation,2026-08-08 19:13:18.380,1786187598.38,2026-08-08 19:13:08.380,2026-08-08 19:13:28.380,0.21,266.9,1055.4,709.0,1300.9,604.6,,408
260808_BBY_W_AI,annotation,2026-08-08 19:13:18.837,1786187598.837,2026-08-08 19:13:08.837,2026-08-08 19:13:28.837,0.164,176.9,1088.5,685.7,1262.3,652.7,,409
260808_BBY_W_AI,annotation,2026-08-08 19:13:19.340,1786187599.34,2026-08-08 19:13:09.340,2026-08-08 19:13:29.340,0.763,10.6,1146.2,681.3,1155.5,676.3,,410
260808_BBY_W_AI,annotation,2026-08-08 19:13:47.688,1786187627.688,2026-08-08 19:13:37.688,2026-08-08 19:13:57.688,0.548,56.1,1093.8,521.0,1141.5,491.4,,411
260808_BBY_W_AI,annotation,2026-08-08 19:13:48.484,1786187628.484,2026-08-08 19:13:38.484,2026-08-08 19:13:58.484,0.217,179.7,936.4,566.7,1112.3,529.7,,412
260808_BBY_W_AI,annotation,2026-08-08 19:13:48.971,1786187628.971,2026-08-08 19:13:38.971,2026-08-08 19:13:58.971,0.314,50.3,1027.1,548.7,1076.2,538.2,,413
260808_BBY_W_AI,annotation,2026-08-08 19:13:49.547,1786187629.547,2026-08-08 19:13:39.547,2026-08-08 19:13:59.547,0.233,11.1,1040.1,558.8,1051.1,556.5,,414
260808_BBY_W_AI,annotation,2026-08-08 19:15:35.325,1786187735.325,2026-08-08 19:15:25.325,2026-08-08 19:15:45.325,0.47,90.6,1027.4,528.6,1115.3,506.8,,415
260808_BBY_W_AI,annotation,2026-08-08 19:15:36.057,1786187736.057,2026-08-08 19:15:26.057,2026-08-08 19:15:46.057,0.15,136.2,968.4,550.9,1103.5,533.8,,416
260808_BBY_W_AI,annotation,2026-08-08 19:15:36.474,1786187736.474,2026-08-08 19:15:26.474,2026-08-08 19:15:46.474,0.161,109.2,1018.1,552.8,1126.2,537.7,,417
260808_BBY_W_AI,annotation,2026-08-08 19:15:36.898,1786187736.898,2026-08-08 19:15:26.898,2026-08-08 19:15:46.898,0.839,22.2,1042.8,560.6,1062.4,550.0,,418
260808_BBY_W_AI,annotation,2026-08-08 19:16:46.191,1786187806.191,2026-08-08 19:16:36.191,2026-08-08 19:16:56.191,0.547,28.9,1109.3,509.5,1132.0,491.5,,419
260808_BBY_W_AI,annotation,2026-08-08 19:16:46.972,1786187806.972,2026-08-08 19:16:36.972,2026-08-08 19:16:56.972,0.179,97.4,1035.2,547.8,1131.0,529.6,,420
260808_BBY_W_AI,annotation,2026-08-08 19:16:47.398,1786187807.398,2026-08-08 19:16:37.398,2026-08-08 19:16:57.398,0.164,100.3,1055.9,551.0,1155.5,538.9,,421
260808_BBY_W_AI,annotation,2026-08-08 19:16:47.796,1786187807.796,2026-08-08 19:16:37.796,2026-08-08 19:16:57.796,0.162,17.5,1092.3,547.5,1109.3,543.5,,422
260808_BBY_W_AI,annotation,2026-08-08 19:18:00.409,1786187880.409,2026-08-08 19:17:50.409,2026-08-08 19:18:10.409,0.502,41.0,1135.7,564.5,1173.6,548.8,,423
260808_BBY_W_AI,annotation,2026-08-08 19:18:01.138,1786187881.138,2026-08-08 19:17:51.138,2026-08-08 19:18:11.138,0.179,156.2,1032.6,599.8,1187.7,581.2,,424
260808_BBY_W_AI,annotation,2026-08-08 19:18:01.821,1786187881.821,2026-08-08 19:17:51.821,2026-08-08 19:18:11.821,0.17,76.8,1185.6,583.7,1256.2,553.4,,425
260808_BBY_W_AI,annotation,2026-08-08 19:18:02.263,1786187882.263,2026-08-08 19:17:52.263,2026-08-08 19:18:12.263,0.17,53.6,1134.1,589.9,1187.6,587.3,,426
260808_BBY_W_AI,annotation,2026-08-08 19:18:02.980,1786187882.98,2026-08-08 19:17:52.980,2026-08-08 19:18:12.980,0.361,4.1,1175.4,577.5,1174.2,573.6,,427
260808_BBY_W_AI,annotation,2026-08-08 19:18:41.442,1786187921.442,2026-08-08 19:18:31.442,2026-08-08 19:18:51.442,0.128,188.9,744.3,560.2,932.7,545.1,,428
260808_BBY_W_AI,annotation,2026-08-08 19:18:42.053,1786187922.053,2026-08-08 19:18:32.053,2026-08-08 19:18:52.053,0.1,126.1,952.8,550.1,1076.0,523.2,,429
260808_BBY_W_AI,annotation,2026-08-08 19:18:42.422,1786187922.422,2026-08-08 19:18:32.422,2026-08-08 19:18:52.422,0.148,35.5,972.7,539.9,1008.0,536.3,,430
260808_BBY_W_AI,annotation,2026-08-08 19:21:52.245,1786188112.245,2026-08-08 19:21:42.245,2026-08-08 19:22:02.245,0.118,0.5,725.6,387.2,726.1,387.0,,431
260809_YWH_W_AI,annotation,2026-08-09 09:11:53.669,1786237913.669,2026-08-09 09:11:43.669,2026-08-09 09:12:03.669,0.413,137.7,999.6,533.1,1103.0,624.0,,432
260809_YWH_W_AI,annotation,2026-08-09 09:11:57.037,1786237917.037,2026-08-09 09:11:47.037,2026-08-09 09:12:07.037,0.106,0.2,1103.8,620.4,1103.8,620.7,,433
260809_YWH_W_AI,annotation,2026-08-09 09:19:51.843,1786238391.843,2026-08-09 09:19:41.843,2026-08-09 09:20:01.843,0.12,0.5,1126.6,624.3,1127.0,624.3,,434
260809_YWH_W_AI,annotation,2026-08-09 09:20:02.384,1786238402.384,2026-08-09 09:19:52.384,2026-08-09 09:20:12.384,0.207,0.3,1187.2,499.0,1186.9,499.2,,435
260809_YWH_W_AI,annotation,2026-08-09 09:21:18.253,1786238478.253,2026-08-09 09:21:08.253,2026-08-09 09:21:28.253,0.982,53.8,990.8,565.0,956.4,523.5,,436
260809_YWH_W_AI,annotation,2026-08-09 09:23:05.585,1786238585.585,2026-08-09 09:22:55.585,2026-08-09 09:23:15.585,0.105,0.2,972.0,534.6,971.8,534.6,,437
260809_YWH_W_AI,annotation,2026-08-09 09:23:44.676,1786238624.676,2026-08-09 09:23:34.676,2026-08-09 09:23:54.676,0.104,0.2,1008.4,634.7,1008.6,634.7,,438
260809_YWH_W_AI,annotation,2026-08-09 09:25:26.368,1786238726.368,2026-08-09 09:25:16.368,2026-08-09 09:25:36.368,0.106,0.6,955.1,783.2,955.6,783.7,,439
260809_YWH_W_AI,annotation,2026-08-09 09:25:55.410,1786238755.41,2026-08-09 09:25:45.410,2026-08-09 09:26:05.410,3.793,124.4,1120.0,743.8,1242.1,719.8,,440
260809_YWH_W_AI,annotation,2026-08-09 09:26:44.976,1786238804.976,2026-08-09 09:26:34.976,2026-08-09 09:26:54.976,0.105,0.2,865.7,624.9,865.9,624.9,,441
260809_YWH_W_AI,annotation,2026-08-09 09:27:58.352,1786238878.352,2026-08-09 09:27:48.352,2026-08-09 09:28:08.352,2.653,63.2,1060.6,663.0,1121.7,646.6,,442
260809_YWH_W_AI,annotation,2026-08-09 09:28:03.443,1786238883.443,2026-08-09 09:27:53.443,2026-08-09 09:28:13.443,2.589,34.8,1112.9,648.2,1081.5,663.2,,443
260809_YWH_W_AI,annotation,2026-08-09 09:28:22.291,1786238902.291,2026-08-09 09:28:12.291,2026-08-09 09:28:32.291,1.672,97.5,971.4,457.9,1050.7,401.0,,444
260809_YWH_W_AI,annotation,2026-08-09 09:29:36.142,1786238976.142,2026-08-09 09:29:26.142,2026-08-09 09:29:46.142,0.112,1.8,1026.2,557.8,1028.0,557.5,,445
260809_YWH_W_AI,annotation,2026-08-09 09:30:42.165,1786239042.165,2026-08-09 09:30:32.165,2026-08-09 09:30:52.165,6.39,74.2,1118.1,672.9,1050.4,642.6,,446
260809_YWH_W_AI,annotation,2026-08-09 09:30:52.836,1786239052.836,2026-08-09 09:30:42.836,2026-08-09 09:31:02.836,1.638,299.7,1127.7,651.9,1426.0,680.7,,447
260809_YWH_W_AI,annotation,2026-08-09 09:30:54.894,1786239054.894,2026-08-09 09:30:44.894,2026-08-09 09:31:04.894,4.342,59.3,1195.2,642.4,1230.7,689.9,,448
260809_YWH_W_AI,annotation,2026-08-09 09:31:58.563,1786239118.563,2026-08-09 09:31:48.563,2026-08-09 09:32:08.563,0.117,1.0,1276.4,745.9,1277.1,746.6,,449
260809_YWH_W_AI,annotation,2026-08-09 09:32:11.993,1786239131.993,2026-08-09 09:32:01.993,2026-08-09 09:32:21.993,4.965,122.0,1057.5,647.9,1171.4,603.9,,450
260809_YWH_W_AI,annotation,2026-08-09 09:32:39.121,1786239159.121,2026-08-09 09:32:29.121,2026-08-09 09:32:49.121,1.396,22.7,1079.3,542.0,1098.3,554.3,,451
260809_YWH_W_AI,annotation,2026-08-09 09:32:40.919,1786239160.919,2026-08-09 09:32:30.919,2026-08-09 09:32:50.919,2.178,41.2,1091.9,555.4,1050.8,558.5,,452
260809_YWH_W_AI,annotation,2026-08-09 09:32:55.891,1786239175.891,2026-08-09 09:32:45.891,2026-08-09 09:33:05.891,2.776,11.9,1078.4,643.4,1073.6,654.3,,453
260809_YWH_W_AI,annotation,2026-08-09 09:33:02.252,1786239182.252,2026-08-09 09:32:52.252,2026-08-09 09:33:12.252,3.247,133.9,860.7,582.8,966.7,664.6,,454
260809_YWH_W_AI,annotation,2026-08-09 09:34:09.308,1786239249.308,2026-08-09 09:33:59.308,2026-08-09 09:34:19.308,0.105,0.2,694.7,392.2,694.9,392.2,,455
260809_YWH_W_AI,annotation,2026-08-09 09:34:56.357,1786239296.357,2026-08-09 09:34:46.357,2026-08-09 09:35:06.357,0.105,0.3,806.1,413.8,806.3,414.0,,456
260809_YWH_W_AI,annotation,2026-08-09 09:35:13.945,1786239313.945,2026-08-09 09:35:03.945,2026-08-09 09:35:23.945,0.104,0.5,920.5,751.2,921.0,751.2,,457
260809_YWH_W_AI,annotation,2026-08-09 09:35:18.152,1786239318.152,2026-08-09 09:35:08.152,2026-08-09 09:35:28.152,0.105,0.2,919.9,732.3,920.2,732.3,,458
260809_YWH_W_AI,annotation,2026-08-09 09:35:38.364,1786239338.364,2026-08-09 09:35:28.364,2026-08-09 09:35:48.364,0.105,0.2,125.5,121.1,125.5,120.8,,459
260809_YWH_W_AI,annotation,2026-08-09 09:37:25.788,1786239445.788,2026-08-09 09:37:15.788,2026-08-09 09:37:35.788,1.83,32.4,1104.1,714.2,1134.2,702.2,,460
260809_YWH_W_AI,annotation,2026-08-09 09:37:43.261,1786239463.261,2026-08-09 09:37:33.261,2026-08-09 09:37:53.261,0.105,0.3,715.5,489.7,715.7,490.0,,461
260809_YWH_W_AI,annotation,2026-08-09 09:38:48.527,1786239528.527,2026-08-09 09:38:38.527,2026-08-09 09:38:58.527,0.113,0.5,670.3,526.7,670.8,526.7,,462
260809_YWH_W_AI,annotation,2026-08-09 09:39:47.435,1786239587.435,2026-08-09 09:39:37.435,2026-08-09 09:39:57.435,1.291,89.8,810.3,777.2,886.9,824.2,,463
260809_YWH_W_AI,annotation,2026-08-09 09:49:36.033,1786240176.033,2026-08-09 09:49:26.033,2026-08-09 09:49:46.033,0.115,2.1,686.5,164.9,687.9,166.5,,464
260809_YWH_W_AI,annotation,2026-08-09 09:50:57.797,1786240257.797,2026-08-09 09:50:47.797,2026-08-09 09:51:07.797,0.113,0.2,1094.8,749.0,1095.0,749.0,,465
260809_YWH_W_AI,annotation,2026-08-09 09:51:08.659,1786240268.659,2026-08-09 09:50:58.659,2026-08-09 09:51:18.659,2.009,43.8,1139.4,763.5,1178.1,743.0,,466
260809_YWH_W_AI,annotation,2026-08-09 09:53:31.431,1786240411.431,2026-08-09 09:53:21.431,2026-08-09 09:53:41.431,0.127,0.2,1085.5,788.1,1085.7,788.1,,467
260809_YWH_W_AI,annotation,2026-08-09 09:54:38.886,1786240478.886,2026-08-09 09:54:28.886,2026-08-09 09:54:48.886,0.101,0.3,746.9,243.3,747.1,243.5,,468
260809_YWH_W_AI,annotation,2026-08-09 09:54:40.558,1786240480.558,2026-08-09 09:54:30.558,2026-08-09 09:54:50.558,0.108,4.6,947.9,481.7,944.8,478.3,,469
260809_YWH_W_AI,annotation,2026-08-09 09:59:36.533,1786240776.533,2026-08-09 09:59:26.533,2026-08-09 09:59:46.533,0.106,0.3,676.1,321.9,676.3,322.1,,470
260809_YWH_W_AI,annotation,2026-08-09 10:00:37.380,1786240837.38,2026-08-09 10:00:27.380,2026-08-09 10:00:47.380,0.106,0.8,797.6,334.6,798.1,335.2,,471
260809_YWH_W_AI,annotation,2026-08-09 10:03:50.611,1786241030.611,2026-08-09 10:03:40.611,2026-08-09 10:04:00.611,0.105,0.5,863.1,396.2,863.1,396.6,,472
260809_YWH_W_AI,annotation,2026-08-09 10:06:56.597,1786241216.597,2026-08-09 10:06:46.597,2026-08-09 10:07:06.597,0.106,0.3,1324.4,938.4,1324.7,938.6,,473
260809_YWH_W_AI,annotation,2026-08-09 10:07:49.172,1786241269.172,2026-08-09 10:07:39.172,2026-08-09 10:07:59.172,2.312,215.6,980.5,737.2,1160.0,856.6,,474
260809_YWH_W_AI,annotation,2026-08-09 10:13:37.317,1786241617.317,2026-08-09 10:13:27.317,2026-08-09 10:13:47.317,0.1,1.5,792.9,508.3,793.6,509.7,,475
260809_YWH_W_AI,annotation,2026-08-09 10:26:46.992,1786242406.992,2026-08-09 10:26:36.992,2026-08-09 10:26:56.992,0.121,2.6,51.4,60.6,52.2,63.1,,476
260809_YWH_W_AI,annotation,2026-08-09 10:26:49.391,1786242409.391,2026-08-09 10:26:39.391,2026-08-09 10:26:59.391,0.129,0.2,1146.9,1043.9,1146.9,1044.1,,477
260809_YWH_W_AI,annotation,2026-08-09 10:27:04.483,1786242424.483,2026-08-09 10:26:54.483,2026-08-09 10:27:14.483,1.428,399.7,896.7,398.6,1295.7,373.8,,478
260809_YWH_W_AI,annotation,2026-08-09 10:27:06.891,1786242426.891,2026-08-09 10:26:56.891,2026-08-09 10:27:16.891,0.449,56.9,1003.9,575.7,1060.3,568.7,,479
260809_YWH_W_AI,annotation,2026-08-09 10:28:59.397,1786242539.397,2026-08-09 10:28:49.397,2026-08-09 10:29:09.397,1.044,7.4,951.1,533.7,958.5,533.8,,480
260809_YWH_W_AI,annotation,2026-08-09 10:30:18.300,1786242618.3,2026-08-09 10:30:08.300,2026-08-09 10:30:28.300,1.398,319.9,1033.9,624.4,1352.9,599.3,,481
260809_YWH_W_AI,annotation,2026-08-09 10:30:20.182,1786242620.182,2026-08-09 10:30:10.182,2026-08-09 10:30:30.182,1.687,140.6,1086.5,650.3,1214.6,592.4,,482
260809_YWH_W_AI,annotation,2026-08-09 10:30:46.560,1786242646.56,2026-08-09 10:30:36.560,2026-08-09 10:30:56.560,1.134,97.3,1033.3,588.5,1110.4,647.8,,483
260809_YWH_W_AI,annotation,2026-08-09 10:33:48.856,1786242828.856,2026-08-09 10:33:38.856,2026-08-09 10:33:58.856,1.577,363.5,875.3,417.3,1227.2,326.5,,484
260809_YWH_W_AI,annotation,2026-08-09 10:33:50.733,1786242830.733,2026-08-09 10:33:40.733,2026-08-09 10:34:00.733,1.679,102.6,1146.0,550.9,1246.8,531.3,,485
260809_YWH_W_AI,annotation,2026-08-09 10:36:08.815,1786242968.815,2026-08-09 10:35:58.815,2026-08-09 10:36:18.815,1.562,458.0,905.6,570.7,1338.2,420.3,,486
260809_YWH_W_AI,annotation,2026-08-09 10:36:10.887,1786242970.887,2026-08-09 10:36:00.887,2026-08-09 10:36:20.887,0.6,117.8,1199.4,571.3,1314.1,544.6,,487
260809_YWH_W_AI,annotation,2026-08-09 10:37:37.589,1786243057.589,2026-08-09 10:37:27.589,2026-08-09 10:37:47.589,1.124,419.4,899.8,540.1,1305.2,433.0,,488
260809_YWH_W_AI,annotation,2026-08-09 10:37:39.225,1786243059.225,2026-08-09 10:37:29.225,2026-08-09 10:37:49.225,0.733,84.2,1127.9,567.4,1212.0,567.0,,489
260809_YWH_W_AI,annotation,2026-08-09 10:39:18.660,1786243158.66,2026-08-09 10:39:08.660,2026-08-09 10:39:28.660,1.007,564.6,823.0,546.0,1378.3,444.2,,490
260809_YWH_W_AI,annotation,2026-08-09 10:39:20.189,1786243160.189,2026-08-09 10:39:10.189,2026-08-09 10:39:30.189,0.352,68.7,1189.8,600.1,1258.5,600.7,,491
260809_YWH_W_AI,annotation,2026-08-09 10:39:21.053,1786243161.053,2026-08-09 10:39:11.053,2026-08-09 10:39:31.053,1.177,22.0,1244.7,611.8,1223.3,607.1,,492
260809_YWH_W_AI,annotation,2026-08-09 10:39:36.412,1786243176.412,2026-08-09 10:39:26.412,2026-08-09 10:39:46.412,1.278,135.6,1083.6,620.6,1195.7,696.9,,493
260809_YWH_W_AI,annotation,2026-08-09 10:39:45.925,1786243185.925,2026-08-09 10:39:35.925,2026-08-09 10:39:55.925,0.569,101.9,1071.2,600.4,1157.3,655.1,,494
260809_YWH_W_AI,annotation,2026-08-09 10:41:39.927,1786243299.927,2026-08-09 10:41:29.927,2026-08-09 10:41:49.927,10.784,1193.8,211.9,144.1,1396.0,296.2,,495
260809_YWH_W_AI,annotation,2026-08-09 10:41:56.069,1786243316.069,2026-08-09 10:41:46.069,2026-08-09 10:42:06.069,0.806,444.8,850.6,504.5,1290.8,440.6,,496
260809_YWH_W_AI,annotation,2026-08-09 10:42:19.303,1786243339.303,2026-08-09 10:42:09.303,2026-08-09 10:42:29.303,1.783,1103.1,1395.6,143.9,293.6,194.1,,497
260809_YWH_W_AI,annotation,2026-08-09 10:42:22.286,1786243342.286,2026-08-09 10:42:12.286,2026-08-09 10:42:32.286,47.372,497.7,294.6,148.7,534.8,584.6,,498
260809_YWH_W_AI,annotation,2026-08-09 10:43:21.728,1786243401.728,2026-08-09 10:43:11.728,2026-08-09 10:43:31.728,0.621,359.8,908.1,486.8,1267.9,487.3,,499
260809_YWH_W_AI,annotation,2026-08-09 10:43:22.828,1786243402.828,2026-08-09 10:43:12.828,2026-08-09 10:43:32.828,0.578,208.6,1095.8,585.5,1304.3,586.0,,500
260809_YWH_W_AI,annotation,2026-08-09 10:43:23.796,1786243403.796,2026-08-09 10:43:13.796,2026-08-09 10:43:33.796,1.635,22.2,1280.2,600.9,1262.2,587.9,,501
260809_YWH_W_AI,annotation,2026-08-09 10:44:00.878,1786243440.878,2026-08-09 10:43:50.878,2026-08-09 10:44:10.878,22.687,352.2,1370.3,145.7,1691.2,290.9,,502
260809_YWH_W_AI,annotation,2026-08-09 10:44:30.322,1786243470.322,2026-08-09 10:44:20.322,2026-08-09 10:44:40.322,0.788,486.7,924.7,582.9,1408.7,532.1,,503
260809_YWH_W_AI,annotation,2026-08-09 10:44:32.100,1786243472.1,2026-08-09 10:44:22.100,2026-08-09 10:44:42.100,1.266,119.1,1033.1,576.9,1145.6,537.9,,504
260809_YWH_W_AI,annotation,2026-08-09 10:44:53.450,1786243493.45,2026-08-09 10:44:43.450,2026-08-09 10:45:03.450,11.929,199.5,1186.6,143.9,1002.9,221.7,,505
260809_YWH_W_AI,annotation,2026-08-09 10:45:09.141,1786243509.141,2026-08-09 10:44:59.141,2026-08-09 10:45:19.141,1.126,104.7,1099.0,605.0,1185.8,663.6,,506
260809_YWH_W_AI,annotation,2026-08-09 10:45:14.895,1786243514.895,2026-08-09 10:45:04.895,2026-08-09 10:45:24.895,25.259,453.1,998.6,139.1,1448.0,197.3,,507
260809_YWH_W_AI,annotation,2026-08-09 10:45:44.932,1786243544.932,2026-08-09 10:45:34.932,2026-08-09 10:45:54.932,5.648,17.8,1448.3,143.8,1465.0,150.0,,508
260809_YWH_W_AI,annotation,2026-08-09 10:45:54.663,1786243554.663,2026-08-09 10:45:44.663,2026-08-09 10:46:04.663,9.644,169.7,1479.8,139.3,1649.2,148.4,,509
260809_YWH_W_AI,annotation,2026-08-09 10:46:17.934,1786243577.934,2026-08-09 10:46:07.934,2026-08-09 10:46:27.934,7.26,667.8,1417.4,145.9,751.7,198.8,,510
260809_YWH_W_AI,annotation,2026-08-09 10:46:34.155,1786243594.155,2026-08-09 10:46:24.155,2026-08-09 10:46:44.155,0.806,506.9,909.8,541.3,1414.2,491.0,,511
260809_YWH_W_AI,annotation,2026-08-09 10:46:35.461,1786243595.461,2026-08-09 10:46:25.461,2026-08-09 10:46:45.461,1.035,104.5,1111.7,590.6,1207.3,548.5,,512
260809_YWH_W_AI,annotation,2026-08-09 10:46:36.917,1786243596.917,2026-08-09 10:46:26.917,2026-08-09 10:46:46.917,0.107,12.1,1160.0,503.5,1151.5,512.0,,513
260809_YWH_W_AI,annotation,2026-08-09 10:46:40.178,1786243600.178,2026-08-09 10:46:30.178,2026-08-09 10:46:50.178,23.437,362.4,1350.8,141.2,1713.2,143.7,,514
260809_YWH_W_AI,annotation,2026-08-09 10:47:10.756,1786243630.756,2026-08-09 10:47:00.756,2026-08-09 10:47:20.756,8.258,432.9,1352.8,144.8,921.6,183.4,,515
260809_YWH_W_AI,annotation,2026-08-09 10:47:19.202,1786243639.202,2026-08-09 10:47:09.202,2026-08-09 10:47:29.202,0.412,63.4,915.2,185.5,852.0,190.4,,516
260809_YWH_W_AI,annotation,2026-08-09 10:47:20.461,1786243640.461,2026-08-09 10:47:10.461,2026-08-09 10:47:30.461,0.66,111.6,1001.8,271.0,1112.8,282.6,,517
260809_YWH_W_AI,annotation,2026-08-09 10:47:22.061,1786243642.061,2026-08-09 10:47:12.061,2026-08-09 10:47:32.061,2.121,217.5,919.5,144.1,702.1,150.0,,518
260809_YWH_W_AI,annotation,2026-08-09 10:47:25.674,1786243645.674,2026-08-09 10:47:15.674,2026-08-09 10:47:35.674,3.623,478.1,702.3,147.9,225.0,175.4,,519
260809_YWH_W_AI,annotation,2026-08-09 10:47:33.999,1786243653.999,2026-08-09 10:47:23.999,2026-08-09 10:47:43.999,0.579,395.1,918.9,533.4,1314.0,535.4,,520
260809_YWH_W_AI,annotation,2026-08-09 10:47:34.869,1786243654.869,2026-08-09 10:47:24.869,2026-08-09 10:47:44.869,1.01,280.2,1005.3,581.1,1282.5,539.8,,521
260809_YWH_W_AI,annotation,2026-08-09 10:47:36.207,1786243656.207,2026-08-09 10:47:26.207,2026-08-09 10:47:46.207,1.348,38.0,1260.8,533.4,1222.8,532.3,,522
260809_YWH_W_AI,annotation,2026-08-09 10:48:33.115,1786243713.115,2026-08-09 10:48:23.115,2026-08-09 10:48:43.115,20.281,164.5,1570.7,143.0,1481.4,281.2,,523
260809_YWH_W_AI,annotation,2026-08-09 10:48:55.099,1786243735.099,2026-08-09 10:48:45.099,2026-08-09 10:49:05.099,4.964,4.6,1481.6,145.2,1479.5,141.1,,524
260809_YWH_W_AI,annotation,2026-08-09 10:49:05.816,1786243745.816,2026-08-09 10:48:55.816,2026-08-09 10:49:15.816,1.147,59.5,1062.1,570.2,1103.0,613.5,,525
260809_YWH_W_AI,annotation,2026-08-09 10:49:09.452,1786243749.452,2026-08-09 10:48:59.452,2026-08-09 10:49:19.452,8.427,7.4,1479.6,144.3,1472.2,143.4,,526
260809_YWH_W_AI,annotation,2026-08-09 10:49:27.545,1786243767.545,2026-08-09 10:49:17.545,2026-08-09 10:49:37.545,0.503,287.2,906.3,427.0,1192.4,402.1,,527
260809_YWH_W_AI,annotation,2026-08-09 10:49:28.478,1786243768.478,2026-08-09 10:49:18.478,2026-08-09 10:49:38.478,0.333,250.8,1048.7,565.8,1299.3,554.0,,528
260809_YWH_W_AI,annotation,2026-08-09 10:49:29.195,1786243769.195,2026-08-09 10:49:19.195,2026-08-09 10:49:39.195,1.131,14.9,1217.1,575.6,1208.7,563.3,,529
260809_YWH_W_AI,annotation,2026-08-09 10:50:27.444,1786243827.444,2026-08-09 10:50:17.444,2026-08-09 10:50:37.444,14.912,220.7,1488.9,143.3,1268.5,153.6,,530
260809_YWH_W_AI,annotation,2026-08-09 10:50:45.371,1786243845.371,2026-08-09 10:50:35.371,2026-08-09 10:50:55.371,0.67,91.2,969.5,601.1,1048.6,646.5,,531
260809_YWH_W_AI,annotation,2026-08-09 10:50:49.077,1786243849.077,2026-08-09 10:50:39.077,2026-08-09 10:50:59.077,25.538,283.6,1270.1,145.4,1553.1,163.9,,532
260809_YWH_W_AI,annotation,2026-08-09 10:51:19.751,1786243879.751,2026-08-09 10:51:09.751,2026-08-09 10:51:29.751,0.45,313.8,923.5,550.3,1236.6,529.0,,533
260809_YWH_W_AI,annotation,2026-08-09 10:51:20.623,1786243880.623,2026-08-09 10:51:10.623,2026-08-09 10:51:30.623,0.292,229.8,1074.4,623.2,1304.2,624.5,,534
260809_YWH_W_AI,annotation,2026-08-09 10:51:21.140,1786243881.14,2026-08-09 10:51:11.140,2026-08-09 10:51:31.140,0.225,112.1,1082.9,677.8,1192.4,653.9,,535
260809_YWH_W_AI,annotation,2026-08-09 10:51:21.934,1786243881.934,2026-08-09 10:51:11.934,2026-08-09 10:51:31.934,3.172,16.1,1185.9,652.3,1171.3,645.4,,536
260809_YWH_W_AI,annotation,2026-08-09 10:51:32.307,1786243892.307,2026-08-09 10:51:22.307,2026-08-09 10:51:42.307,3.66,61.8,982.5,372.2,923.1,389.1,,537
260809_YWH_W_AI,annotation,2026-08-09 10:52:51.980,1786243971.98,2026-08-09 10:52:41.980,2026-08-09 10:53:01.980,9.106,1311.9,117.0,140.7,1423.1,264.0,,538
260809_YWH_W_AI,annotation,2026-08-09 10:53:05.308,1786243985.308,2026-08-09 10:52:55.308,2026-08-09 10:53:15.308,1.5,222.7,1420.9,145.1,1643.4,135.1,,539
260809_YWH_W_AI,annotation,2026-08-09 10:53:12.297,1786243992.297,2026-08-09 10:53:02.297,2026-08-09 10:53:22.297,0.453,297.3,854.7,466.4,1150.5,436.9,,540
260809_YWH_W_AI,annotation,2026-08-09 10:53:13.138,1786243993.138,2026-08-09 10:53:03.138,2026-08-09 10:53:23.138,0.481,224.3,998.2,479.2,1222.4,470.8,,541
260809_YWH_W_AI,annotation,2026-08-09 10:53:13.822,1786243993.822,2026-08-09 10:53:03.822,2026-08-09 10:53:23.822,1.521,39.0,1206.0,494.4,1167.7,486.8,,542
260809_YWH_W_AI,annotation,2026-08-09 10:54:17.016,1786244057.016,2026-08-09 10:54:07.016,2026-08-09 10:54:27.016,15.648,1216.6,1405.4,142.6,201.7,319.4,,543
260809_YWH_W_AI,annotation,2026-08-09 10:54:44.699,1786244084.699,2026-08-09 10:54:34.699,2026-08-09 10:54:54.699,0.52,344.9,869.1,540.4,1213.2,517.5,,544
260809_YWH_W_AI,annotation,2026-08-09 10:54:45.464,1786244085.464,2026-08-09 10:54:35.464,2026-08-09 10:54:55.464,1.05,169.6,938.0,620.4,1093.1,551.7,,545
260809_YWH_W_AI,annotation,2026-08-09 10:55:05.279,1786244105.279,2026-08-09 10:54:55.279,2026-08-09 10:55:15.279,14.718,280.3,1306.4,143.5,1558.1,266.7,,546
260809_YWH_W_AI,annotation,2026-08-09 10:55:25.320,1786244125.32,2026-08-09 10:55:15.320,2026-08-09 10:55:35.320,0.464,389.8,857.4,527.3,1246.0,496.9,,547
260809_YWH_W_AI,annotation,2026-08-09 10:55:26.132,1786244126.132,2026-08-09 10:55:16.132,2026-08-09 10:55:36.132,1.414,61.5,1144.8,533.7,1195.6,499.1,,548
260809_YWH_W_AI,annotation,2026-08-09 10:55:57.623,1786244157.623,2026-08-09 10:55:47.623,2026-08-09 10:56:07.623,14.213,1231.1,1599.8,145.7,374.4,263.8,,549
260809_YWH_W_AI,annotation,2026-08-09 10:56:20.842,1786244180.842,2026-08-09 10:56:10.842,2026-08-09 10:56:30.842,1.628,180.5,965.6,590.7,1132.9,522.8,,550
260809_YWH_W_AI,annotation,2026-08-09 10:56:31.705,1786244191.705,2026-08-09 10:56:21.705,2026-08-09 10:56:41.705,9.31,6.5,797.7,144.4,791.2,144.7,,551
260809_YWH_W_AI,annotation,2026-08-09 10:57:09.015,1786244229.015,2026-08-09 10:56:59.015,2026-08-09 10:57:19.015,0.716,164.5,951.9,500.5,1108.9,549.9,,552
260809_YWH_W_AI,annotation,2026-08-09 10:57:35.259,1786244255.259,2026-08-09 10:57:25.259,2026-08-09 10:57:45.259,1.305,86.4,900.8,497.9,968.1,552.1,,553
260809_YWH_W_AI,annotation,2026-08-09 10:57:50.955,1786244270.955,2026-08-09 10:57:40.955,2026-08-09 10:58:00.955,5.997,153.3,1451.3,142.7,1327.1,232.5,,554
260809_YWH_W_AI,annotation,2026-08-09 10:58:09.310,1786244289.31,2026-08-09 10:57:59.310,2026-08-09 10:58:19.310,5.761,1269.8,118.9,143.0,1382.2,271.4,,555
260809_YWH_W_AI,annotation,2026-08-09 10:58:20.322,1786244300.322,2026-08-09 10:58:10.322,2026-08-09 10:58:30.322,0.502,367.9,911.1,504.8,1276.3,460.1,,556
260809_YWH_W_AI,annotation,2026-08-09 10:58:21.163,1786244301.163,2026-08-09 10:58:11.163,2026-08-09 10:58:31.163,0.224,176.2,1263.2,475.1,1438.7,459.2,,557
260809_YWH_W_AI,annotation,2026-08-09 10:58:25.963,1786244305.963,2026-08-09 10:58:15.963,2026-08-09 10:58:35.963,2.444,28.2,1231.9,559.3,1204.3,553.2,,558
260809_YWH_W_AI,annotation,2026-08-09 10:58:41.931,1786244321.931,2026-08-09 10:58:31.931,2026-08-09 10:58:51.931,16.774,985.0,1466.4,141.9,499.5,329.7,,559
260809_YWH_W_AI,annotation,2026-08-09 10:59:04.002,1786244344.002,2026-08-09 10:58:54.002,2026-08-09 10:59:14.002,0.44,238.2,984.1,612.4,1220.6,583.7,,560
260809_YWH_W_AI,annotation,2026-08-09 10:59:04.722,1786244344.722,2026-08-09 10:58:54.722,2026-08-09 10:59:14.722,0.35,233.6,1117.9,593.5,1350.2,570.1,,561
260809_YWH_W_AI,annotation,2026-08-09 10:59:05.501,1786244345.501,2026-08-09 10:58:55.501,2026-08-09 10:59:15.501,0.682,24.5,1264.5,615.6,1240.7,609.6,,562
260809_YWH_W_AI,annotation,2026-08-09 10:59:15.102,1786244355.102,2026-08-09 10:59:05.102,2026-08-09 10:59:25.102,0.109,0.2,1097.3,695.0,1097.5,695.0,,563
260809_YWH_W_AI,annotation,2026-08-09 10:59:24.827,1786244364.827,2026-08-09 10:59:14.827,2026-08-09 10:59:34.827,0.105,0.2,1002.2,684.6,1002.2,684.3,,564
260809_YWH_W_AI,annotation,2026-08-09 10:59:36.900,1786244376.9,2026-08-09 10:59:26.900,2026-08-09 10:59:46.900,14.656,1302.9,1547.6,144.9,246.3,209.1,,565
260809_YWH_W_AI,annotation,2026-08-09 11:00:01.601,1786244401.601,2026-08-09 10:59:51.601,2026-08-09 11:00:11.601,0.441,273.3,881.1,463.1,1154.3,460.7,,566
260809_YWH_W_AI,annotation,2026-08-09 11:00:02.276,1786244402.276,2026-08-09 10:59:52.276,2026-08-09 11:00:12.276,1.73,128.0,1023.3,511.2,1146.2,475.4,,567
260809_YWH_W_AI,annotation,2026-08-09 11:00:11.431,1786244411.431,2026-08-09 11:00:01.431,2026-08-09 11:00:21.431,31.854,302.9,1450.0,145.8,1232.9,357.0,,568
260809_YWH_W_AI,annotation,2026-08-09 11:00:46.634,1786244446.634,2026-08-09 11:00:36.634,2026-08-09 11:00:56.634,0.993,102.1,970.8,602.5,1043.3,674.4,,569
260809_YWH_W_AI,annotation,2026-08-09 11:00:49.892,1786244449.892,2026-08-09 11:00:39.892,2026-08-09 11:00:59.892,22.457,159.6,1244.6,142.9,1384.3,220.2,,570
260809_YWH_W_AI,annotation,2026-08-09 11:01:30.925,1786244490.925,2026-08-09 11:01:20.925,2026-08-09 11:01:40.925,10.42,1295.8,114.8,147.0,1395.1,347.3,,571
260809_YWH_W_AI,annotation,2026-08-09 11:02:45.596,1786244565.596,2026-08-09 11:02:35.596,2026-08-09 11:02:55.596,0.126,0.2,62.2,231.7,62.2,231.5,,572
260809_LL_W_AI,annotation,2026-08-09 13:27:49.406,1786253269.406,2026-08-09 13:27:39.406,2026-08-09 13:27:59.406,0.129,0.9,749.8,409.3,749.8,408.4,,573
260809_LL_W_AI,annotation,2026-08-09 13:31:21.494,1786253481.494,2026-08-09 13:31:11.494,2026-08-09 13:31:31.494,0.134,0.2,53.8,57.4,53.8,57.6,,574
260809_LL_W_AI,annotation,2026-08-09 13:36:00.224,1786253760.224,2026-08-09 13:35:50.224,2026-08-09 13:36:10.224,1.259,92.3,715.3,681.9,791.8,733.5,,575
260809_LL_W_AI,annotation,2026-08-09 13:36:19.724,1786253779.724,2026-08-09 13:36:09.724,2026-08-09 13:36:29.724,1.372,104.0,728.1,678.2,810.1,742.2,,576
260809_LL_W_AI,annotation,2026-08-09 13:37:09.967,1786253829.967,2026-08-09 13:36:59.967,2026-08-09 13:37:19.967,0.479,2.3,795.6,517.5,796.6,515.4,,577
260809_LL_W_AI,annotation,2026-08-09 13:37:29.621,1786253849.621,2026-08-09 13:37:19.621,2026-08-09 13:37:39.621,0.107,0.2,198.0,341.4,197.8,341.4,,578
260809_LL_W_AI,annotation,2026-08-09 13:37:58.136,1786253878.136,2026-08-09 13:37:48.136,2026-08-09 13:38:08.136,0.959,47.0,764.7,471.3,802.4,499.4,,579
260809_LL_W_AI,annotation,2026-08-09 13:38:41.584,1786253921.584,2026-08-09 13:38:31.584,2026-08-09 13:38:51.584,0.135,0.0,1289.6,489.0,1289.6,489.0,,580
260809_LL_W_AI,annotation,2026-08-09 13:39:52.284,1786253992.284,2026-08-09 13:39:42.284,2026-08-09 13:40:02.284,0.104,0.2,1336.7,595.9,1337.0,595.9,,581
260809_LL_W_AI,annotation,2026-08-09 13:40:02.911,1786254002.911,2026-08-09 13:39:52.911,2026-08-09 13:40:12.911,0.939,24.5,862.4,528.0,880.6,544.3,,582
260809_LL_W_AI,annotation,2026-08-09 13:40:15.154,1786254015.154,2026-08-09 13:40:05.154,2026-08-09 13:40:25.154,0.574,41.5,834.8,662.3,866.8,688.7,,583
260809_LL_W_AI,annotation,2026-08-09 13:41:25.531,1786254085.531,2026-08-09 13:41:15.531,2026-08-09 13:41:35.531,0.118,1.0,126.9,122.6,126.0,122.4,,584
260809_LL_W_AI,annotation,2026-08-09 13:41:31.538,1786254091.538,2026-08-09 13:41:21.538,2026-08-09 13:41:41.538,0.127,21.7,1195.7,510.4,1217.3,510.7,,585
260809_LL_W_AI,annotation,2026-08-09 13:43:02.743,1786254182.743,2026-08-09 13:42:52.743,2026-08-09 13:43:12.743,1.189,131.9,1159.4,551.5,1257.8,639.4,,586
260809_LL_W_AI,annotation,2026-08-09 13:43:56.444,1786254236.444,2026-08-09 13:43:46.444,2026-08-09 13:44:06.444,1.209,99.4,741.9,576.7,820.1,638.0,,587
260809_LL_W_AI,annotation,2026-08-09 13:44:24.944,1786254264.944,2026-08-09 13:44:14.944,2026-08-09 13:44:34.944,1.036,98.7,1109.3,501.3,1187.2,561.9,,588
260809_LL_W_AI,annotation,2026-08-09 13:45:14.529,1786254314.529,2026-08-09 13:45:04.529,2026-08-09 13:45:24.529,1.222,122.6,861.7,580.4,957.0,657.6,,589
260809_LL_W_AI,annotation,2026-08-09 13:47:39.944,1786254459.944,2026-08-09 13:47:29.944,2026-08-09 13:47:49.944,0.999,54.5,851.4,597.2,896.3,628.2,,590
260809_LL_W_AI,annotation,2026-08-09 13:47:51.180,1786254471.18,2026-08-09 13:47:41.180,2026-08-09 13:48:01.180,0.122,1.2,1188.7,501.8,1188.5,502.9,,591
260809_LL_W_AI,annotation,2026-08-09 13:49:12.675,1786254552.675,2026-08-09 13:49:02.675,2026-08-09 13:49:22.675,0.103,0.5,944.1,563.8,943.6,563.8,,592
260809_LL_W_AI,annotation,2026-08-09 13:49:41.773,1786254581.773,2026-08-09 13:49:31.773,2026-08-09 13:49:51.773,1.246,37.6,1209.4,520.2,1235.6,547.2,,593
260809_LL_W_AI,annotation,2026-08-09 13:50:18.661,1786254618.661,2026-08-09 13:50:08.661,2026-08-09 13:50:28.661,0.823,31.1,803.9,545.0,824.6,568.2,,594
260809_LL_W_AI,annotation,2026-08-09 13:51:50.871,1786254710.871,2026-08-09 13:51:40.871,2026-08-09 13:52:00.871,1.079,132.0,1168.9,670.2,1272.7,751.7,,595
260809_LL_W_AI,annotation,2026-08-09 13:52:13.378,1786254733.378,2026-08-09 13:52:03.378,2026-08-09 13:52:23.378,1.185,78.7,1194.0,451.7,1252.7,504.2,,596
260809_LL_W_AI,annotation,2026-08-09 13:52:49.365,1786254769.365,2026-08-09 13:52:39.365,2026-08-09 13:52:59.365,0.109,0.3,122.4,122.0,122.2,121.8,,597
260809_LL_W_AI,annotation,2026-08-09 13:53:25.268,1786254805.268,2026-08-09 13:53:15.268,2026-08-09 13:53:35.268,0.777,52.8,1259.5,492.3,1300.4,525.7,,598
260809_LL_W_AI,annotation,2026-08-09 13:56:59.742,1786255019.742,2026-08-09 13:56:49.742,2026-08-09 13:57:09.742,0.881,32.9,809.8,486.4,831.6,511.0,,599
260809_LL_W_AI,annotation,2026-08-09 13:57:04.025,1786255024.025,2026-08-09 13:56:54.025,2026-08-09 13:57:14.025,0.555,39.2,1257.9,558.4,1291.3,579.0,,600
260809_LL_W_AI,annotation,2026-08-09 13:57:11.401,1786255031.401,2026-08-09 13:57:01.401,2026-08-09 13:57:21.401,0.86,48.5,1209.4,481.3,1243.0,516.4,,601
260809_LL_W_AI,annotation,2026-08-09 14:18:58.370,1786256338.37,2026-08-09 14:18:48.370,2026-08-09 14:19:08.370,0.123,1.3,600.4,347.0,599.5,346.1,,602
260809_LL_W_AI,annotation,2026-08-09 14:19:08.133,1786256348.133,2026-08-09 14:18:58.133,2026-08-09 14:19:18.133,0.127,0.5,639.8,427.2,639.8,427.7,,603
260809_LL_W_AI,annotation,2026-08-09 14:23:17.181,1786256597.181,2026-08-09 14:23:07.181,2026-08-09 14:23:27.181,0.102,0.2,1920.0,342.7,1919.8,342.7,,604
260809_LL_W_AI,annotation,2026-08-09 14:27:24.033,1786256844.033,2026-08-09 14:27:14.033,2026-08-09 14:27:34.033,0.105,0.2,249.0,166.1,248.7,166.1,,605
260809_LL_W_AI,annotation,2026-08-09 14:27:27.698,1786256847.698,2026-08-09 14:27:17.698,2026-08-09 14:27:37.698,0.107,71.7,1164.7,464.7,1236.3,461.4,,606
260809_LL_W_AI,annotation,2026-08-09 14:28:01.173,1786256881.173,2026-08-09 14:27:51.173,2026-08-09 14:28:11.173,0.742,59.6,1101.6,586.4,1146.2,625.9,,607
260809_LL_W_AI,annotation,2026-08-09 14:28:14.750,1786256894.75,2026-08-09 14:28:04.750,2026-08-09 14:28:24.750,0.499,31.4,1112.9,366.6,1135.0,388.8,,608
260809_LL_W_AI,annotation,2026-08-09 14:28:26.117,1786256906.117,2026-08-09 14:28:16.117,2026-08-09 14:28:36.117,0.465,37.4,1160.4,371.0,1186.4,397.8,,609
260809_LL_W_AI,annotation,2026-08-09 14:28:31.123,1786256911.123,2026-08-09 14:28:21.123,2026-08-09 14:28:41.123,0.381,63.4,1177.8,376.8,1224.1,420.1,,610
260809_LL_W_AI,annotation,2026-08-09 14:28:46.549,1786256926.549,2026-08-09 14:28:36.549,2026-08-09 14:28:56.549,0.423,48.0,1198.0,392.8,1236.1,421.9,,611
260809_LL_W_AI,annotation,2026-08-09 14:30:56.082,1786257056.082,2026-08-09 14:30:46.082,2026-08-09 14:31:06.082,0.984,8.7,1156.7,517.7,1149.2,513.4,,612
260809_LL_W_AI,annotation,2026-08-09 14:30:57.306,1786257057.306,2026-08-09 14:30:47.306,2026-08-09 14:31:07.306,0.26,124.2,1079.4,573.2,1188.9,514.7,,613
260809_LL_W_AI,annotation,2026-08-09 14:30:57.889,1786257057.889,2026-08-09 14:30:47.889,2026-08-09 14:31:07.889,0.308,51.3,1081.0,571.5,1131.0,582.8,,614
260809_LL_W_AI,annotation,2026-08-09 14:30:58.365,1786257058.365,2026-08-09 14:30:48.365,2026-08-09 14:31:08.365,0.679,7.3,1132.3,580.9,1138.0,585.6,,615
260809_LL_W_AI,annotation,2026-08-09 14:30:59.121,1786257059.121,2026-08-09 14:30:49.121,2026-08-09 14:31:09.121,0.3,32.1,1134.9,580.7,1107.9,563.4,,616
260809_LL_W_AI,annotation,2026-08-09 14:30:59.705,1786257059.705,2026-08-09 14:30:49.705,2026-08-09 14:31:09.705,0.696,9.0,1181.7,578.6,1181.8,587.6,,617
260809_LL_W_AI,annotation,2026-08-09 14:31:09.631,1786257069.631,2026-08-09 14:30:59.631,2026-08-09 14:31:19.631,0.154,54.0,1087.3,610.6,1141.3,608.6,,618
260809_LL_W_AI,annotation,2026-08-09 14:31:10.243,1786257070.243,2026-08-09 14:31:00.243,2026-08-09 14:31:20.243,1.386,10.2,1165.9,606.1,1174.0,599.9,,619
260809_LL_W_AI,annotation,2026-08-09 14:31:21.943,1786257081.943,2026-08-09 14:31:11.943,2026-08-09 14:31:31.943,0.382,23.0,1191.9,594.5,1169.2,597.9,,620
260809_LL_W_AI,annotation,2026-08-09 14:31:22.448,1786257082.448,2026-08-09 14:31:12.448,2026-08-09 14:31:32.448,1.318,3.6,1170.1,598.1,1172.6,595.4,,621
260809_LL_W_AI,annotation,2026-08-09 14:32:20.419,1786257140.419,2026-08-09 14:32:10.419,2026-08-09 14:32:30.419,0.137,1.5,1061.6,708.3,1062.8,709.2,,622
260809_LL_W_AI,deletion,2026-08-09 14:32:23.931,1786257143.931,2026-08-09 14:32:13.931,2026-08-09 14:32:33.931,0.096,0.0,1008.8,684.0,1008.8,684.0,Key.delete,623
260809_LL_W_AI,deletion,2026-08-09 14:32:23.931,1786257143.931,2026-08-09 14:32:13.931,2026-08-09 14:32:33.931,0.097,0.0,1008.8,684.0,1008.8,684.0,Key.delete,624
260809_LL_W_AI,deletion,2026-08-09 14:32:25.356,1786257145.356,2026-08-09 14:32:15.356,2026-08-09 14:32:35.356,0.098,0.0,1062.0,709.0,1062.0,709.0,Key.delete,625
260809_LL_W_AI,annotation,2026-08-09 14:33:20.968,1786257200.968,2026-08-09 14:33:10.968,2026-08-09 14:33:30.968,0.667,120.7,1050.8,731.1,1144.7,806.9,,626
260809_LL_W_AI,annotation,2026-08-09 14:34:33.371,1786257273.371,2026-08-09 14:34:23.371,2026-08-09 14:34:43.371,0.617,58.5,1192.4,690.7,1230.9,734.8,,627
260809_LL_W_AI,annotation,2026-08-09 14:36:10.381,1786257370.381,2026-08-09 14:36:00.381,2026-08-09 14:36:20.381,0.123,21.3,1268.4,723.5,1288.8,729.5,,628
260809_LL_W_AI,deletion,2026-08-09 14:36:18.036,1786257378.036,2026-08-09 14:36:08.036,2026-08-09 14:36:28.036,0.087,0.0,1286.4,729.8,1286.4,729.8,Key.delete,629
260809_LL_W_AI,deletion,2026-08-09 14:36:24.860,1786257384.86,2026-08-09 14:36:14.860,2026-08-09 14:36:34.860,0.088,0.0,1121.6,627.1,1121.6,627.1,Key.delete,630
260809_LL_W_AI,annotation,2026-08-09 14:37:27.019,1786257447.019,2026-08-09 14:37:17.019,2026-08-09 14:37:37.019,0.457,67.5,1153.4,337.5,1198.7,387.6,,631
260809_LL_W_AI,annotation,2026-08-09 14:37:40.676,1786257460.676,2026-08-09 14:37:30.676,2026-08-09 14:37:50.676,0.67,50.4,1224.8,307.2,1259.2,344.0,,632
260809_LL_W_AI,annotation,2026-08-09 14:39:08.636,1786257548.636,2026-08-09 14:38:58.636,2026-08-09 14:39:18.636,0.136,4.5,124.4,129.9,127.3,133.4,,633
260809_LL_W_AI,annotation,2026-08-09 14:40:15.906,1786257615.906,2026-08-09 14:40:05.906,2026-08-09 14:40:25.906,0.155,5.6,1431.3,450.7,1436.7,451.9,,634
260809_LL_W_AI,annotation,2026-08-09 14:40:35.498,1786257635.498,2026-08-09 14:40:25.498,2026-08-09 14:40:45.498,0.431,70.4,855.9,378.8,913.8,418.9,,635
260809_LL_W_AI,annotation,2026-08-09 14:40:40.602,1786257640.602,2026-08-09 14:40:30.602,2026-08-09 14:40:50.602,0.735,55.5,827.1,365.9,872.7,397.4,,636
260809_LL_W_AI,annotation,2026-08-09 14:41:24.481,1786257684.481,2026-08-09 14:41:14.481,2026-08-09 14:41:34.481,0.101,4.4,1336.6,580.4,1332.2,580.8,,637
260809_LL_W_AI,annotation,2026-08-09 14:42:41.392,1786257761.392,2026-08-09 14:42:31.392,2026-08-09 14:42:51.392,0.149,16.5,1238.8,571.1,1255.0,574.6,,638
260809_LL_W_AI,annotation,2026-08-09 14:42:42.765,1786257762.765,2026-08-09 14:42:32.765,2026-08-09 14:42:52.765,1.708,21.5,1366.4,505.6,1349.9,491.7,,639
260809_LL_W_AI,annotation,2026-08-09 14:42:44.805,1786257764.805,2026-08-09 14:42:34.805,2026-08-09 14:42:54.805,0.734,9.6,1328.0,548.6,1334.9,555.2,,640
260809_LL_W_AI,annotation,2026-08-09 14:43:23.057,1786257803.057,2026-08-09 14:43:13.057,2026-08-09 14:43:33.057,0.609,39.3,1126.5,428.5,1155.5,455.0,,641
260809_LL_W_AI,annotation,2026-08-09 14:43:24.264,1786257804.264,2026-08-09 14:43:14.264,2026-08-09 14:43:34.264,0.539,17.6,1139.5,438.1,1138.8,420.5,,642
260809_LL_W_AI,annotation,2026-08-09 14:43:26.573,1786257806.573,2026-08-09 14:43:16.573,2026-08-09 14:43:36.573,1.202,60.7,1139.2,433.1,1180.4,477.7,,643
260809_LL_W_AI,annotation,2026-08-09 14:43:30.923,1786257810.923,2026-08-09 14:43:20.923,2026-08-09 14:43:40.923,0.719,48.9,1128.5,398.7,1164.5,431.8,,644
260809_LL_W_AI,annotation,2026-08-09 14:43:55.102,1786257835.102,2026-08-09 14:43:45.102,2026-08-09 14:44:05.102,0.865,46.2,777.6,416.9,815.6,443.2,,645
260809_LL_W_AI,annotation,2026-08-09 14:44:05.303,1786257845.303,2026-08-09 14:43:55.303,2026-08-09 14:44:15.303,0.134,35.8,268.1,325.4,238.1,344.9,,646
260809_LL_W_AI,annotation,2026-08-09 14:44:09.281,1786257849.281,2026-08-09 14:43:59.281,2026-08-09 14:44:19.281,0.132,0.8,1419.2,475.2,1418.5,475.7,,647
260809_LL_W_AI,annotation,2026-08-09 14:44:45.533,1786257885.533,2026-08-09 14:44:35.533,2026-08-09 14:44:55.533,0.554,31.7,809.2,408.7,836.9,424.2,,648
260809_LL_W_AI,annotation,2026-08-09 14:44:46.298,1786257886.298,2026-08-09 14:44:36.298,2026-08-09 14:44:56.298,0.518,22.0,832.1,420.8,830.6,398.9,,649
260809_LL_W_AI,annotation,2026-08-09 14:44:47.198,1786257887.198,2026-08-09 14:44:37.198,2026-08-09 14:44:57.198,0.719,6.8,883.9,476.4,890.4,478.1,,650
260809_LL_W_AI,annotation,2026-08-09 14:44:49.035,1786257889.035,2026-08-09 14:44:39.035,2026-08-09 14:44:59.035,0.562,53.2,805.6,408.3,850.2,437.4,,651
260809_LL_W_AI,annotation,2026-08-09 14:45:04.643,1786257904.643,2026-08-09 14:44:54.643,2026-08-09 14:45:14.643,0.693,40.8,1216.5,445.9,1248.5,471.3,,652
260809_LL_W_AI,annotation,2026-08-09 14:45:26.515,1786257926.515,2026-08-09 14:45:16.515,2026-08-09 14:45:36.515,0.934,92.6,949.1,680.2,1014.5,745.7,,653
260809_LL_W_AI,deletion,2026-08-09 14:45:52.269,1786257952.269,2026-08-09 14:45:42.269,2026-08-09 14:46:02.269,0.096,0.2,1027.0,726.7,1026.8,726.7,Key.delete,654
260809_LL_W_AI,annotation,2026-08-09 14:46:03.077,1786257963.077,2026-08-09 14:45:53.077,2026-08-09 14:46:13.077,0.149,261.3,701.7,538.9,959.8,579.1,,655
260809_LL_W_AI,annotation,2026-08-09 14:46:03.871,1786257963.871,2026-08-09 14:45:53.871,2026-08-09 14:46:13.871,0.285,138.4,914.5,540.0,780.4,505.9,,656
260809_LL_W_AI,annotation,2026-08-09 14:46:04.402,1786257964.402,2026-08-09 14:45:54.402,2026-08-09 14:46:14.402,0.271,82.2,906.1,569.7,955.4,635.5,,657
260809_LL_W_AI,annotation,2026-08-09 14:46:04.890,1786257964.89,2026-08-09 14:45:54.890,2026-08-09 14:46:14.890,0.614,76.3,1077.8,602.7,1135.8,553.1,,658
260809_LL_W_AI,annotation,2026-08-09 14:46:05.699,1786257965.699,2026-08-09 14:45:55.699,2026-08-09 14:46:15.699,0.235,111.8,1151.0,615.9,1157.5,504.3,,659
260809_LL_W_AI,annotation,2026-08-09 14:46:06.265,1786257966.265,2026-08-09 14:45:56.265,2026-08-09 14:46:16.265,0.218,128.1,1079.4,501.1,1115.6,623.9,,660
260809_LL_W_AI,annotation,2026-08-09 14:46:06.749,1786257966.749,2026-08-09 14:45:56.749,2026-08-09 14:46:16.749,0.137,105.0,1110.8,577.5,1111.3,472.6,,661
260809_LL_W_AI,annotation,2026-08-09 14:46:12.266,1786257972.266,2026-08-09 14:46:02.266,2026-08-09 14:46:22.266,0.201,106.0,853.6,451.2,900.1,355.9,,662
260809_LL_W_AI,annotation,2026-08-09 14:46:12.856,1786257972.856,2026-08-09 14:46:02.856,2026-08-09 14:46:22.856,0.135,88.0,1005.0,502.3,1090.1,524.8,,663
260809_LL_W_AI,annotation,2026-08-09 14:46:13.222,1786257973.222,2026-08-09 14:46:03.222,2026-08-09 14:46:23.222,0.152,134.1,806.1,535.5,940.0,529.0,,664
260809_LL_W_AI,annotation,2026-08-09 14:46:13.577,1786257973.577,2026-08-09 14:46:03.577,2026-08-09 14:46:23.577,0.216,184.5,821.6,541.1,1006.1,539.4,,665
260809_LL_W_AI,annotation,2026-08-09 14:46:14.001,1786257974.001,2026-08-09 14:46:04.001,2026-08-09 14:46:24.001,0.681,96.5,1019.4,538.3,973.9,453.1,,666
260809_LL_W_AI,annotation,2026-08-09 14:46:14.965,1786257974.965,2026-08-09 14:46:04.965,2026-08-09 14:46:24.965,0.184,129.3,974.6,570.1,954.0,442.4,,667
260809_LL_W_AI,annotation,2026-08-09 14:46:15.367,1786257975.367,2026-08-09 14:46:05.367,2026-08-09 14:46:25.367,0.215,192.8,954.5,446.9,985.1,637.3,,668
260809_LL_W_AI,annotation,2026-08-09 14:46:15.758,1786257975.758,2026-08-09 14:46:05.758,2026-08-09 14:46:25.758,0.165,155.9,881.4,436.9,896.0,592.1,,669
260809_LL_W_AI,annotation,2026-08-09 14:46:16.073,1786257976.073,2026-08-09 14:46:06.073,2026-08-09 14:46:26.073,0.165,181.5,872.7,452.3,881.4,633.6,,670
260809_LL_W_AI,annotation,2026-08-09 14:46:16.389,1786257976.389,2026-08-09 14:46:06.389,2026-08-09 14:46:26.389,0.112,187.3,881.1,499.6,897.0,686.3,,671
260809_LL_W_AI,annotation,2026-08-09 14:46:16.636,1786257976.636,2026-08-09 14:46:06.636,2026-08-09 14:46:26.636,0.149,147.2,865.0,505.9,905.2,647.5,,672
260809_LL_W_AI,annotation,2026-08-09 14:46:16.974,1786257976.974,2026-08-09 14:46:06.974,2026-08-09 14:46:26.974,0.127,127.4,824.2,435.6,869.2,554.8,,673
260809_LL_W_AI,annotation,2026-08-09 14:46:17.448,1786257977.448,2026-08-09 14:46:07.448,2026-08-09 14:46:27.448,0.155,110.2,917.9,520.1,958.9,622.3,,674
260809_LL_W_AI,annotation,2026-08-09 14:46:17.832,1786257977.832,2026-08-09 14:46:07.832,2026-08-09 14:46:27.832,0.2,209.9,856.1,474.9,985.4,640.4,,675
260809_LL_W_AI,annotation,2026-08-09 14:46:18.406,1786257978.406,2026-08-09 14:46:08.406,2026-08-09 14:46:28.406,0.202,189.3,774.7,525.2,960.4,488.5,,676
260809_LL_W_AI,annotation,2026-08-09 14:46:20.003,1786257980.003,2026-08-09 14:46:10.003,2026-08-09 14:46:30.003,0.24,46.4,1072.4,539.8,1118.2,532.1,,677
260809_LL_W_AI,annotation,2026-08-09 14:46:20.852,1786257980.852,2026-08-09 14:46:10.852,2026-08-09 14:46:30.852,2.481,36.3,1164.1,543.2,1127.8,543.7,,678
260809_LL_W_AI,annotation,2026-08-09 14:46:24.856,1786257984.856,2026-08-09 14:46:14.856,2026-08-09 14:46:34.856,0.96,9.2,1184.4,602.2,1176.1,606.2,,679
260809_LL_W_AI,annotation,2026-08-09 14:46:49.096,1786258009.096,2026-08-09 14:46:39.096,2026-08-09 14:46:59.096,1.037,53.3,834.5,321.1,875.3,355.3,,680
260809_LL_W_AI,annotation,2026-08-09 14:47:24.136,1786258044.136,2026-08-09 14:47:14.136,2026-08-09 14:47:34.136,0.591,36.1,1025.1,537.6,989.0,537.3,,681
260809_LL_W_AI,annotation,2026-08-09 14:47:26.299,1786258046.299,2026-08-09 14:47:16.299,2026-08-09 14:47:36.299,0.664,11.9,1111.5,566.2,1114.2,554.6,,682
260809_LL_W_AI,annotation,2026-08-09 14:47:27.369,1786258047.369,2026-08-09 14:47:17.369,2026-08-09 14:47:37.369,0.823,2.5,1117.4,560.5,1119.0,562.5,,683
260809_LL_W_AI,annotation,2026-08-09 14:47:28.533,1786258048.533,2026-08-09 14:47:18.533,2026-08-09 14:47:38.533,0.327,3.2,1121.0,565.6,1121.4,568.8,,684
260809_LL_W_AI,annotation,2026-08-09 14:47:31.133,1786258051.133,2026-08-09 14:47:21.133,2026-08-09 14:47:41.133,0.855,9.6,1267.0,488.0,1264.6,497.3,,685
260809_LL_W_AI,annotation,2026-08-09 14:47:32.171,1786258052.171,2026-08-09 14:47:22.171,2026-08-09 14:47:42.171,0.941,3.2,1312.2,501.7,1315.4,501.7,,686
260809_LL_W_AI,annotation,2026-08-09 14:47:33.412,1786258053.412,2026-08-09 14:47:23.412,2026-08-09 14:47:43.412,0.834,5.0,1270.6,532.7,1275.5,531.6,,687
260809_LL_W_AI,annotation,2026-08-09 14:47:34.523,1786258054.523,2026-08-09 14:47:24.523,2026-08-09 14:47:44.523,0.442,17.8,1246.8,548.4,1258.7,535.2,,688
260809_LL_W_AI,annotation,2026-08-09 14:47:35.192,1786258055.192,2026-08-09 14:47:25.192,2026-08-09 14:47:45.192,0.21,22.3,1190.8,559.4,1213.0,557.1,,689
260809_LL_W_AI,deletion,2026-08-09 14:48:12.294,1786258092.294,2026-08-09 14:48:02.294,2026-08-09 14:48:22.294,0.099,0.0,1036.1,756.9,1036.1,756.9,Key.delete,690
260809_LL_W_AI,annotation,2026-08-09 14:48:27.677,1786258107.677,2026-08-09 14:48:17.677,2026-08-09 14:48:37.677,0.714,70.3,1056.5,650.3,1107.9,698.2,,691
260809_LL_W_AI,annotation,2026-08-09 14:49:07.750,1786258147.75,2026-08-09 14:48:57.750,2026-08-09 14:49:17.750,0.104,4.1,1267.7,660.0,1270.8,662.7,,692
260809_LL_W_AI,annotation,2026-08-09 14:49:16.136,1786258156.136,2026-08-09 14:49:06.136,2026-08-09 14:49:26.136,1.144,21.8,1238.2,565.7,1260.0,565.0,,693
260809_LL_W_AI,annotation,2026-08-09 14:49:17.482,1786258157.482,2026-08-09 14:49:07.482,2026-08-09 14:49:27.482,1.441,18.8,1291.3,598.6,1275.8,588.0,,694
260809_LL_W_AI,annotation,2026-08-09 14:49:21.066,1786258161.066,2026-08-09 14:49:11.066,2026-08-09 14:49:31.066,0.611,72.0,1242.8,568.9,1303.4,607.8,,695
260809_LL_W_AI,annotation,2026-08-09 14:50:27.534,1786258227.534,2026-08-09 14:50:17.534,2026-08-09 14:50:37.534,2.35,33.7,1290.0,629.3,1256.7,624.8,,696
260809_LL_W_AI,annotation,2026-08-09 14:50:30.174,1786258230.174,2026-08-09 14:50:20.174,2026-08-09 14:50:40.174,0.803,15.1,1200.9,623.4,1215.6,620.1,,697
260809_LL_W_AI,annotation,2026-08-09 14:50:31.291,1786258231.291,2026-08-09 14:50:21.291,2026-08-09 14:50:41.291,0.502,13.3,1210.1,626.5,1222.4,621.6,,698
260809_LL_W_AI,annotation,2026-08-09 14:50:45.361,1786258245.361,2026-08-09 14:50:35.361,2026-08-09 14:50:55.361,1.274,24.8,983.9,736.2,1008.7,736.0,,699
260809_LL_W_AI,annotation,2026-08-09 14:50:47.809,1786258247.809,2026-08-09 14:50:37.809,2026-08-09 14:50:57.809,0.585,111.4,995.8,733.2,1092.2,789.0,,700
260809_LL_W_AI,annotation,2026-08-09 14:51:09.353,1786258269.353,2026-08-09 14:50:59.353,2026-08-09 14:51:19.353,0.134,0.5,119.4,121.1,119.8,121.3,,701
260809_LL_W_AI,annotation,2026-08-09 14:51:43.104,1786258303.104,2026-08-09 14:51:33.104,2026-08-09 14:51:53.104,0.104,27.0,1188.4,461.4,1215.4,462.9,,702
260809_LL_W_AI,annotation,2026-08-09 14:51:44.304,1786258304.304,2026-08-09 14:51:34.304,2026-08-09 14:51:54.304,1.282,18.5,1214.1,440.0,1201.2,426.8,,703
260809_LL_W_AI,annotation,2026-08-09 14:52:02.920,1786258322.92,2026-08-09 14:51:52.920,2026-08-09 14:52:12.920,1.086,24.9,771.2,352.4,796.1,353.8,,704
260809_LL_W_AI,annotation,2026-08-09 14:52:05.303,1786258325.303,2026-08-09 14:51:55.303,2026-08-09 14:52:15.303,0.923,69.4,781.8,355.0,837.0,397.1,,705
260809_LL_W_AI,annotation,2026-08-09 14:52:40.007,1786258360.007,2026-08-09 14:52:30.007,2026-08-09 14:52:50.007,2.737,28.4,1393.9,455.4,1419.0,442.1,,706
260809_LL_W_AI,annotation,2026-08-09 14:53:47.749,1786258427.749,2026-08-09 14:53:37.749,2026-08-09 14:53:57.749,1.564,6.5,1044.5,656.7,1038.3,655.0,,707
260809_LL_W_AI,annotation,2026-08-09 14:53:49.532,1786258429.532,2026-08-09 14:53:39.532,2026-08-09 14:53:59.532,0.301,66.7,985.6,648.1,1045.4,618.4,,708
260809_LL_W_AI,annotation,2026-08-09 14:53:50.117,1786258430.117,2026-08-09 14:53:40.117,2026-08-09 14:54:00.117,0.351,10.3,1000.0,626.2,1009.0,621.2,,709
260809_LL_W_AI,annotation,2026-08-09 14:53:52.878,1786258432.878,2026-08-09 14:53:42.878,2026-08-09 14:54:02.878,0.118,1.3,1459.9,609.3,1461.3,609.3,,710
260809_LL_W_AI,annotation,2026-08-09 14:54:02.972,1786258442.972,2026-08-09 14:53:52.972,2026-08-09 14:54:12.972,0.615,92.7,740.4,386.5,818.4,436.6,,711
260809_LL_W_AI,deletion,2026-08-09 14:54:29.787,1786258469.787,2026-08-09 14:54:19.787,2026-08-09 14:54:39.787,0.088,0.0,1044.7,782.9,1044.7,782.9,Key.delete,712
260809_LL_W_AI,annotation,2026-08-09 14:55:03.087,1786258503.087,2026-08-09 14:54:53.087,2026-08-09 14:55:13.087,1.138,27.7,1109.8,633.0,1099.0,607.5,,713
260809_LL_W_AI,annotation,2026-08-09 14:55:04.457,1786258504.457,2026-08-09 14:54:54.457,2026-08-09 14:55:14.457,0.286,33.7,1091.3,628.8,1124.3,635.2,,714
260809_LL_W_AI,annotation,2026-08-09 14:55:14.917,1786258514.917,2026-08-09 14:55:04.917,2026-08-09 14:55:24.917,1.509,162.7,960.1,658.1,1074.8,773.6,,715
260809_LL_W_AI,annotation,2026-08-09 14:56:44.056,1786258604.056,2026-08-09 14:56:34.056,2026-08-09 14:56:54.056,0.113,0.3,960.2,784.4,960.4,784.6,,716
260809_LL_W_AI,annotation,2026-08-09 14:57:12.775,1786258632.775,2026-08-09 14:57:02.775,2026-08-09 14:57:22.775,0.75,70.7,1273.6,449.2,1323.4,499.4,,717
260809_LL_W_AI,annotation,2026-08-09 14:57:35.432,1786258655.432,2026-08-09 14:57:25.432,2026-08-09 14:57:45.432,0.111,1.4,836.2,526.3,836.6,527.6,,718
260809_LL_W_AI,annotation,2026-08-09 15:27:44.495,1786260464.495,2026-08-09 15:27:34.495,2026-08-09 15:27:54.495,0.249,213.6,911.7,524.2,1123.0,555.1,,719
260809_LL_W_AI,annotation,2026-08-09 15:27:45.029,1786260465.029,2026-08-09 15:27:35.029,2026-08-09 15:27:55.029,0.232,273.7,924.9,547.6,1194.1,498.3,,720
260809_LL_W_AI,annotation,2026-08-09 15:27:46.612,1786260466.612,2026-08-09 15:27:36.612,2026-08-09 15:27:56.612,0.187,129.9,1158.9,521.4,1029.1,527.2,,721
260809_LL_W_AI,annotation,2026-08-09 15:27:47.102,1786260467.102,2026-08-09 15:27:37.102,2026-08-09 15:27:57.102,0.297,99.5,1099.9,520.8,1188.8,475.9,,722
260809_LL_W_AI,annotation,2026-08-09 15:27:47.616,1786260467.616,2026-08-09 15:27:37.616,2026-08-09 15:27:57.616,0.189,97.1,1013.7,545.4,1109.0,527.1,,723
260809_LL_W_AI,annotation,2026-08-09 15:27:48.128,1786260468.128,2026-08-09 15:27:38.128,2026-08-09 15:27:58.128,0.224,109.9,964.6,547.6,1021.6,641.6,,724
260809_LL_W_AI,annotation,2026-08-09 15:27:48.713,1786260468.713,2026-08-09 15:27:38.713,2026-08-09 15:27:58.713,0.249,204.4,964.5,602.5,1156.1,531.3,,725
260809_LL_W_AI,annotation,2026-08-09 15:27:49.238,1786260469.238,2026-08-09 15:27:39.238,2026-08-09 15:27:59.238,0.276,264.5,957.9,577.6,1212.2,650.2,,726
260809_LL_W_AI,annotation,2026-08-09 15:27:49.852,1786260469.852,2026-08-09 15:27:39.852,2026-08-09 15:27:59.852,0.254,216.1,995.3,624.2,1202.7,563.3,,727
260809_LL_W_AI,annotation,2026-08-09 15:27:54.568,1786260474.568,2026-08-09 15:27:44.568,2026-08-09 15:28:04.568,1.036,34.0,1193.6,505.9,1223.4,522.2,,728
260809_LL_W_AI,deletion,2026-08-09 15:29:45.726,1786260585.726,2026-08-09 15:29:35.726,2026-08-09 15:29:55.726,0.098,0.0,974.8,714.7,974.8,714.7,Key.delete,729
260809_LL_W_AI,annotation,2026-08-09 15:31:28.745,1786260688.745,2026-08-09 15:31:18.745,2026-08-09 15:31:38.745,0.757,65.8,975.9,542.1,1023.3,587.8,,730
260809_LL_W_AI,annotation,2026-08-09 15:31:31.168,1786260691.168,2026-08-09 15:31:21.168,2026-08-09 15:31:41.168,0.695,77.9,970.7,538.9,1025.0,594.8,,731
260809_LL_W_AI,annotation,2026-08-09 15:31:35.376,1786260695.376,2026-08-09 15:31:25.376,2026-08-09 15:31:45.376,0.494,76.3,931.4,570.6,987.4,622.5,,732
260809_LL_W_AI,annotation,2026-08-09 15:31:39.780,1786260699.78,2026-08-09 15:31:29.780,2026-08-09 15:31:49.780,0.184,1.2,128.0,121.9,126.9,122.1,,733
260809_LL_W_AI,annotation,2026-08-09 15:31:45.111,1786260705.111,2026-08-09 15:31:35.111,2026-08-09 15:31:55.111,0.255,133.2,1053.2,549.3,1186.4,550.6,,734
260809_LL_W_AI,annotation,2026-08-09 15:31:45.651,1786260705.651,2026-08-09 15:31:35.651,2026-08-09 15:31:55.651,0.292,305.2,827.5,560.2,1130.9,526.6,,735
260809_LL_W_AI,annotation,2026-08-09 15:31:55.311,1786260715.311,2026-08-09 15:31:45.311,2026-08-09 15:32:05.311,0.643,62.7,1016.8,530.0,1057.4,577.8,,736
260809_LL_W_AI,annotation,2026-08-09 15:31:56.070,1786260716.07,2026-08-09 15:31:46.070,2026-08-09 15:32:06.070,1.084,47.8,1058.6,571.1,1067.3,524.1,,737
260809_LL_W_AI,annotation,2026-08-09 15:31:59.254,1786260719.254,2026-08-09 15:31:49.254,2026-08-09 15:32:09.254,2.07,10.4,1008.9,538.7,998.6,537.2,,738
260809_LL_W_AI,annotation,2026-08-09 15:32:01.950,1786260721.95,2026-08-09 15:31:51.950,2026-08-09 15:32:11.950,1.655,78.5,1014.3,548.9,1073.2,600.8,,739
260809_LL_W_AI,annotation,2026-08-09 15:32:04.956,1786260724.956,2026-08-09 15:31:54.956,2026-08-09 15:32:14.956,1.883,117.9,1037.7,604.4,1119.0,519.0,,740
260809_LL_W_AI,annotation,2026-08-09 15:32:07.467,1786260727.467,2026-08-09 15:31:57.467,2026-08-09 15:32:17.467,2.123,15.5,1031.9,551.3,1018.6,543.4,,741
260809_LL_W_AI,annotation,2026-08-09 15:32:13.628,1786260733.628,2026-08-09 15:32:03.628,2026-08-09 15:32:23.628,0.634,103.8,1058.4,579.2,1129.8,654.6,,742
260809_LL_W_AI,annotation,2026-08-09 15:32:15.920,1786260735.92,2026-08-09 15:32:05.920,2026-08-09 15:32:25.920,1.058,16.7,1064.3,652.6,1048.0,648.7,,743
260809_LL_W_AI,annotation,2026-08-09 15:32:22.656,1786260742.656,2026-08-09 15:32:12.656,2026-08-09 15:32:32.656,1.073,93.1,909.0,515.9,985.6,568.7,,744
260809_LL_W_AI,annotation,2026-08-09 15:32:26.397,1786260746.397,2026-08-09 15:32:16.397,2026-08-09 15:32:36.397,0.505,72.2,1053.1,593.8,1105.2,643.8,,745
260809_LL_W_AI,annotation,2026-08-09 15:32:29.218,1786260749.218,2026-08-09 15:32:19.218,2026-08-09 15:32:39.218,0.429,88.9,890.2,586.3,963.7,636.3,,746
260809_LL_W_AI,annotation,2026-08-09 15:32:37.235,1786260757.235,2026-08-09 15:32:27.235,2026-08-09 15:32:47.235,0.998,50.3,874.0,535.1,914.7,564.6,,747
260809_LL_W_AI,annotation,2026-08-09 15:32:45.014,1786260765.014,2026-08-09 15:32:35.014,2026-08-09 15:32:55.014,0.518,45.4,892.8,547.1,929.6,573.8,,748
260809_LL_W_AI,annotation,2026-08-09 15:32:51.554,1786260771.554,2026-08-09 15:32:41.554,2026-08-09 15:33:01.554,0.974,50.2,904.0,542.2,942.8,574.1,,749
260809_LL_W_AI,annotation,2026-08-09 15:32:57.395,1786260777.395,2026-08-09 15:32:47.395,2026-08-09 15:33:07.395,0.586,50.3,1094.0,533.9,1131.6,567.3,,750
260809_LL_W_AI,annotation,2026-08-09 15:33:01.088,1786260781.088,2026-08-09 15:32:51.088,2026-08-09 15:33:11.088,0.645,48.8,915.1,530.6,956.0,557.2,,751
260809_LL_W_AI,annotation,2026-08-09 15:33:09.495,1786260789.495,2026-08-09 15:32:59.495,2026-08-09 15:33:19.495,0.823,85.9,889.9,505.8,945.1,571.6,,752
260809_LL_W_AI,annotation,2026-08-09 15:33:52.649,1786260832.649,2026-08-09 15:33:42.649,2026-08-09 15:34:02.649,1.904,134.4,944.1,511.8,1072.1,552.8,,753
260809_LL_W_AI,annotation,2026-08-09 15:34:01.715,1786260841.715,2026-08-09 15:33:51.715,2026-08-09 15:34:11.715,0.818,57.5,1030.3,474.4,1074.0,511.8,,754
260809_LL_W_AI,annotation,2026-08-09 15:35:30.944,1786260930.944,2026-08-09 15:35:20.944,2026-08-09 15:35:40.944,0.227,189.3,1058.9,539.4,1248.1,535.4,,755
260809_LL_W_AI,annotation,2026-08-09 15:35:31.445,1786260931.445,2026-08-09 15:35:21.445,2026-08-09 15:35:41.445,0.236,170.8,1005.5,542.9,1168.8,492.5,,756
260809_LL_W_AI,annotation,2026-08-09 15:35:42.396,1786260942.396,2026-08-09 15:35:32.396,2026-08-09 15:35:52.396,1.116,49.8,858.8,562.8,905.5,545.5,,757
260809_LL_W_AI,annotation,2026-08-09 15:35:43.769,1786260943.769,2026-08-09 15:35:33.769,2026-08-09 15:35:53.769,0.486,14.4,983.0,603.8,982.9,618.2,,758
260809_LL_W_AI,annotation,2026-08-09 15:35:44.445,1786260944.445,2026-08-09 15:35:34.445,2026-08-09 15:35:54.445,0.545,45.7,1051.5,614.7,1095.8,603.4,,759
260809_LL_W_AI,annotation,2026-08-09 15:35:45.256,1786260945.256,2026-08-09 15:35:35.256,2026-08-09 15:35:55.256,1.085,40.9,1056.5,614.6,1017.7,601.6,,760
260809_LL_W_AI,annotation,2026-08-09 15:35:46.537,1786260946.537,2026-08-09 15:35:36.537,2026-08-09 15:35:56.537,1.453,33.6,1093.6,627.8,1075.8,656.2,,761
260809_LL_W_AI,annotation,2026-08-09 15:35:48.523,1786260948.523,2026-08-09 15:35:38.523,2026-08-09 15:35:58.523,0.592,6.9,1087.2,638.9,1089.7,645.3,,762
260809_LL_W_AI,annotation,2026-08-09 15:35:54.253,1786260954.253,2026-08-09 15:35:44.253,2026-08-09 15:36:04.253,0.972,73.1,874.8,587.8,921.4,644.1,,763
260809_LL_W_AI,deletion,2026-08-09 15:36:21.592,1786260981.592,2026-08-09 15:36:11.592,2026-08-09 15:36:31.592,0.096,0.0,1116.6,614.9,1116.6,614.9,Key.delete,764
260809_LL_W_AI,annotation,2026-08-09 15:38:36.837,1786261116.837,2026-08-09 15:38:26.837,2026-08-09 15:38:46.837,0.128,0.2,276.5,222.5,276.5,222.7,,765
260809_LL_W_AI,annotation,2026-08-09 15:38:38.984,1786261118.984,2026-08-09 15:38:28.984,2026-08-09 15:38:48.984,0.211,134.1,1081.6,596.9,1214.1,616.9,,766
260809_LL_W_AI,annotation,2026-08-09 15:38:39.517,1786261119.517,2026-08-09 15:38:29.517,2026-08-09 15:38:49.517,0.219,161.4,985.0,610.6,1142.8,576.9,,767
260809_LL_W_AI,annotation,2026-08-09 15:38:40.018,1786261120.018,2026-08-09 15:38:30.018,2026-08-09 15:38:50.018,0.466,108.5,1010.2,592.8,1116.1,569.2,,768
260809_LL_W_AI,annotation,2026-08-09 15:38:59.908,1786261139.908,2026-08-09 15:38:49.908,2026-08-09 15:39:09.908,0.104,2.3,827.0,766.7,828.8,768.1,,769
260809_LL_W_AI,deletion,2026-08-09 15:39:08.212,1786261148.212,2026-08-09 15:38:58.212,2026-08-09 15:39:18.212,0.096,0.0,835.0,777.4,835.0,777.4,Key.delete,770
260809_LL_W_AI,deletion,2026-08-09 15:40:05.411,1786261205.411,2026-08-09 15:39:55.411,2026-08-09 15:40:15.411,0.089,0.0,865.0,572.2,865.0,572.2,Key.delete,771
260809_LL_W_AI,annotation,2026-08-09 15:40:57.846,1786261257.846,2026-08-09 15:40:47.846,2026-08-09 15:41:07.846,0.308,169.2,848.8,553.6,1016.3,577.6,,772
260809_LL_W_AI,annotation,2026-08-09 15:40:58.370,1786261258.37,2026-08-09 15:40:48.370,2026-08-09 15:41:08.370,0.218,157.0,865.2,575.3,1020.0,548.8,,773
260809_LL_W_AI,annotation,2026-08-09 15:41:03.171,1786261263.171,2026-08-09 15:40:53.171,2026-08-09 15:41:13.171,0.119,0.5,1218.4,583.2,1218.9,582.9,,774
260809_LL_W_AI,annotation,2026-08-09 15:41:09.460,1786261269.46,2026-08-09 15:40:59.460,2026-08-09 15:41:19.460,1.06,20.6,1045.2,534.8,1063.9,526.1,,775
260809_LL_W_AI,annotation,2026-08-09 15:41:10.753,1786261270.753,2026-08-09 15:41:00.753,2026-08-09 15:41:20.753,0.397,18.4,1148.5,544.7,1133.5,534.0,,776
260809_LL_W_AI,annotation,2026-08-09 15:41:12.827,1786261272.827,2026-08-09 15:41:02.827,2026-08-09 15:41:22.827,0.776,49.6,1061.8,534.2,1095.3,570.9,,777
260809_LL_W_AI,annotation,2026-08-09 15:41:16.025,1786261276.025,2026-08-09 15:41:06.025,2026-08-09 15:41:26.025,0.578,70.0,897.5,572.6,955.3,612.2,,778
260809_LL_W_AI,annotation,2026-08-09 15:41:21.373,1786261281.373,2026-08-09 15:41:11.373,2026-08-09 15:41:31.373,0.698,51.5,1038.8,633.7,1088.0,618.4,,779
260809_LL_W_AI,deletion,2026-08-09 15:41:23.842,1786261283.842,2026-08-09 15:41:13.842,2026-08-09 15:41:33.842,0.097,0.0,1084.5,626.3,1084.5,626.3,Key.delete,780
260809_LL_W_AI,annotation,2026-08-09 15:42:43.904,1786261363.904,2026-08-09 15:42:33.904,2026-08-09 15:42:53.904,0.111,1.0,129.7,116.7,128.7,117.2,,781
260809_LL_W_AI,annotation,2026-08-09 15:42:59.505,1786261379.505,2026-08-09 15:42:49.505,2026-08-09 15:43:09.505,0.344,635.2,61.1,430.5,696.3,421.1,,782
260809_LL_W_AI,annotation,2026-08-09 15:43:01.529,1786261381.529,2026-08-09 15:42:51.529,2026-08-09 15:43:11.529,0.285,198.3,753.0,553.0,949.6,526.8,,783
260809_LL_W_AI,annotation,2026-08-09 15:43:02.076,1786261382.076,2026-08-09 15:42:52.076,2026-08-09 15:43:12.076,0.225,193.4,809.6,555.6,997.5,509.7,,784
260809_LL_W_AI,annotation,2026-08-09 15:43:13.965,1786261393.965,2026-08-09 15:43:03.965,2026-08-09 15:43:23.965,1.505,28.4,1115.4,622.6,1143.5,618.8,,785
260809_LL_W_AI,annotation,2026-08-09 15:43:15.983,1786261395.983,2026-08-09 15:43:05.983,2026-08-09 15:43:25.983,0.462,5.3,1079.0,597.9,1079.3,592.6,,786
260809_LL_W_AI,annotation,2026-08-09 15:43:18.010,1786261398.01,2026-08-09 15:43:08.010,2026-08-09 15:43:28.010,0.94,115.4,1102.7,623.0,1189.2,699.4,,787
260809_LL_W_AI,annotation,2026-08-09 15:43:26.894,1786261406.894,2026-08-09 15:43:16.894,2026-08-09 15:43:36.894,0.867,62.5,1085.0,601.8,1131.3,643.8,,788
260809_LL_W_AI,annotation,2026-08-09 15:43:36.771,1786261416.771,2026-08-09 15:43:26.771,2026-08-09 15:43:46.771,1.687,74.5,955.2,552.0,1010.2,602.4,,789
260809_LL_W_AI,annotation,2026-08-09 15:43:59.061,1786261439.061,2026-08-09 15:43:49.061,2026-08-09 15:44:09.061,0.945,36.0,951.3,588.1,978.4,611.8,,790
260809_LL_W_AI,annotation,2026-08-09 15:44:12.576,1786261452.576,2026-08-09 15:44:02.576,2026-08-09 15:44:22.576,1.447,82.2,1120.8,553.6,1181.6,608.9,,791
260809_LL_W_AI,annotation,2026-08-09 15:44:22.193,1786261462.193,2026-08-09 15:44:12.193,2026-08-09 15:44:32.193,0.899,62.8,1133.1,575.8,1179.9,617.6,,792
260809_LL_W_AI,annotation,2026-08-09 15:44:27.465,1786261467.465,2026-08-09 15:44:17.465,2026-08-09 15:44:37.465,0.584,74.7,939.4,582.0,991.5,635.5,,793
260809_LL_W_AI,annotation,2026-08-09 15:44:44.753,1786261484.753,2026-08-09 15:44:34.753,2026-08-09 15:44:54.753,0.704,64.6,927.7,563.7,981.5,599.5,,794
260809_LL_W_AI,annotation,2026-08-09 15:44:48.494,1786261488.494,2026-08-09 15:44:38.494,2026-08-09 15:44:58.494,0.93,46.2,966.0,548.4,998.9,580.9,,795
260809_LL_W_AI,annotation,2026-08-09 15:44:56.813,1786261496.813,2026-08-09 15:44:46.813,2026-08-09 15:45:06.813,0.63,53.6,1066.3,547.6,1102.1,587.5,,796
260809_LL_W_AI,annotation,2026-08-09 15:45:00.526,1786261500.526,2026-08-09 15:44:50.526,2026-08-09 15:45:10.526,1.055,65.1,1045.8,529.5,1094.0,573.3,,797
260809_LL_W_AI,annotation,2026-08-09 15:45:08.504,1786261508.504,2026-08-09 15:44:58.504,2026-08-09 15:45:18.504,0.96,47.9,1045.6,519.9,1079.3,554.0,,798
260809_LL_W_AI,annotation,2026-08-09 15:46:39.270,1786261599.27,2026-08-09 15:46:29.270,2026-08-09 15:46:49.270,0.353,164.1,948.4,557.9,1111.2,537.2,,799
260809_LL_W_AI,annotation,2026-08-09 15:46:39.869,1786261599.869,2026-08-09 15:46:29.869,2026-08-09 15:46:49.869,0.329,171.8,936.4,594.5,1103.6,554.6,,800
260809_LL_W_AI,annotation,2026-08-09 15:46:41.137,1786261601.137,2026-08-09 15:46:31.137,2026-08-09 15:46:51.137,1.057,27.2,1187.8,590.6,1162.0,582.1,,801
260809_LL_W_AI,annotation,2026-08-09 15:46:42.587,1786261602.587,2026-08-09 15:46:32.587,2026-08-09 15:46:52.587,1.286,6.9,1165.2,590.7,1167.8,597.1,,802
260809_LL_W_AI,annotation,2026-08-09 15:46:45.502,1786261605.502,2026-08-09 15:46:35.502,2026-08-09 15:46:55.502,0.337,8.6,1174.3,613.2,1176.3,621.5,,803
260809_LL_W_AI,annotation,2026-08-09 15:48:14.361,1786261694.361,2026-08-09 15:48:04.361,2026-08-09 15:48:24.361,0.111,0.6,123.9,119.0,123.4,119.5,,804
260809_LL_W_AI,annotation,2026-08-09 15:48:17.759,1786261697.759,2026-08-09 15:48:07.759,2026-08-09 15:48:27.759,0.368,155.3,832.2,545.5,985.4,520.3,,805
260809_LL_W_AI,annotation,2026-08-09 15:48:18.343,1786261698.343,2026-08-09 15:48:08.343,2026-08-09 15:48:28.343,0.21,171.5,1035.7,521.5,1206.0,500.7,,806
260809_LL_W_AI,annotation,2026-08-09 15:48:20.287,1786261700.287,2026-08-09 15:48:10.287,2026-08-09 15:48:30.287,0.208,48.9,1088.3,529.5,1134.5,513.4,,807
260809_LL_W_AI,annotation,2026-08-09 15:48:48.945,1786261728.945,2026-08-09 15:48:38.945,2026-08-09 15:48:58.945,1.094,6.1,1012.0,507.3,1010.7,501.4,,808
260809_LL_W_AI,annotation,2026-08-09 15:48:50.286,1786261730.286,2026-08-09 15:48:40.286,2026-08-09 15:49:00.286,0.502,8.2,1032.8,525.3,1024.6,526.5,,809
260809_LL_W_AI,annotation,2026-08-09 15:48:52.442,1786261732.442,2026-08-09 15:48:42.442,2026-08-09 15:49:02.442,1.226,30.3,1018.2,509.2,1040.5,529.7,,810
260809_LL_W_AI,annotation,2026-08-09 15:50:05.000,1786261805.0,2026-08-09 15:49:55.000,2026-08-09 15:50:15.000,0.33,149.6,824.4,626.1,970.6,594.2,,811
260809_LL_W_AI,annotation,2026-08-09 15:50:05.558,1786261805.558,2026-08-09 15:49:55.558,2026-08-09 15:50:15.558,0.207,232.0,878.2,602.5,1106.4,560.6,,812
260809_LL_W_AI,annotation,2026-08-09 15:50:06.759,1786261806.759,2026-08-09 15:49:56.759,2026-08-09 15:50:16.759,0.342,47.5,1036.8,576.8,989.5,581.0,,813
260809_LL_W_AI,annotation,2026-08-09 15:50:07.276,1786261807.276,2026-08-09 15:49:57.276,2026-08-09 15:50:17.276,0.26,59.5,1000.4,576.1,1057.4,558.9,,814
260809_LL_W_AI,annotation,2026-08-09 15:51:15.650,1786261875.65,2026-08-09 15:51:05.650,2026-08-09 15:51:25.650,0.681,19.8,1128.4,615.9,1125.4,635.5,,815
260809_LL_W_AI,annotation,2026-08-09 15:51:16.679,1786261876.679,2026-08-09 15:51:06.679,2026-08-09 15:51:26.679,0.395,20.4,1127.5,621.6,1144.5,610.4,,816
260809_LL_W_AI,annotation,2026-08-09 15:51:19.558,1786261879.558,2026-08-09 15:51:09.558,2026-08-09 15:51:29.558,1.101,70.4,1117.4,609.7,1171.9,654.3,,817
260809_LL_W_AI,annotation,2026-08-09 15:51:22.605,1786261882.605,2026-08-09 15:51:12.605,2026-08-09 15:51:32.605,0.613,56.4,1119.9,616.5,1165.2,650.2,,818
260809_LL_W_AI,annotation,2026-08-09 15:51:50.609,1786261910.609,2026-08-09 15:51:40.609,2026-08-09 15:52:00.609,1.055,60.4,1028.3,500.7,1059.0,552.8,,819
260809_LL_W_AI,annotation,2026-08-09 15:52:41.172,1786261961.172,2026-08-09 15:52:31.172,2026-08-09 15:52:51.172,0.113,0.2,123.4,123.3,123.4,123.1,,820
260809_LL_W_AI,annotation,2026-08-09 15:52:44.879,1786261964.879,2026-08-09 15:52:34.879,2026-08-09 15:52:54.879,0.216,260.0,775.0,535.8,1034.4,519.9,,821
260809_LL_W_AI,annotation,2026-08-09 15:52:45.575,1786261965.575,2026-08-09 15:52:35.575,2026-08-09 15:52:55.575,0.173,88.5,993.8,509.3,1080.2,490.1,,822
260809_LL_W_AI,annotation,2026-08-09 15:53:17.443,1786261997.443,2026-08-09 15:53:07.443,2026-08-09 15:53:27.443,1.049,13.0,939.9,533.2,952.6,535.9,,823
260809_LL_W_AI,annotation,2026-08-09 15:53:18.778,1786261998.778,2026-08-09 15:53:08.778,2026-08-09 15:53:28.778,0.675,12.9,979.6,551.5,968.6,544.6,,824
260809_LL_W_AI,annotation,2026-08-09 15:53:21.148,1786262001.148,2026-08-09 15:53:11.148,2026-08-09 15:53:31.148,0.548,56.6,940.3,536.2,985.3,570.6,,825
260809_LL_W_AI,annotation,2026-08-09 15:54:26.585,1786262066.585,2026-08-09 15:54:16.585,2026-08-09 15:54:36.585,0.278,146.5,893.3,468.4,1039.9,468.5,,826
260809_LL_W_AI,annotation,2026-08-09 15:54:27.350,1786262067.35,2026-08-09 15:54:17.350,2026-08-09 15:54:37.350,0.151,223.7,1085.2,474.1,1308.9,470.2,,827
260809_LL_W_AI,annotation,2026-08-09 15:54:53.159,1786262093.159,2026-08-09 15:54:43.159,2026-08-09 15:55:03.159,0.136,38.1,1113.4,529.9,1075.4,529.3,,828
260809_LL_W_AI,annotation,2026-08-09 15:54:53.625,1786262093.625,2026-08-09 15:54:43.625,2026-08-09 15:55:03.625,0.276,87.7,1044.7,520.3,1128.1,492.9,,829
260809_LL_W_AI,annotation,2026-08-09 15:54:54.147,1786262094.147,2026-08-09 15:54:44.147,2026-08-09 15:55:04.147,0.272,35.6,1065.9,517.0,1098.7,503.1,,830
260809_LL_W_AI,annotation,2026-08-09 15:55:05.040,1786262105.04,2026-08-09 15:54:55.040,2026-08-09 15:55:15.040,0.185,54.3,1121.5,562.0,1068.0,571.4,,831
260809_LL_W_AI,annotation,2026-08-09 15:55:05.616,1786262105.616,2026-08-09 15:54:55.616,2026-08-09 15:55:15.616,0.719,17.4,1105.4,582.7,1122.4,578.9,,832
260809_LL_W_AI,annotation,2026-08-09 15:55:07.319,1786262107.319,2026-08-09 15:54:57.319,2026-08-09 15:55:17.319,0.165,32.7,1075.7,564.8,1107.7,557.8,,833
260809_LL_W_AI,deletion,2026-08-09 15:55:49.147,1786262149.147,2026-08-09 15:55:39.147,2026-08-09 15:55:59.147,0.099,0.0,933.2,686.1,933.2,686.1,Key.delete,834
260809_LL_W_AI,annotation,2026-08-09 15:56:19.513,1786262179.513,2026-08-09 15:56:09.513,2026-08-09 15:56:29.513,0.106,0.5,119.3,122.3,119.5,122.8,,835
260809_LL_W_AI,annotation,2026-08-09 15:56:23.192,1786262183.192,2026-08-09 15:56:13.192,2026-08-09 15:56:33.192,0.221,175.6,862.8,542.2,1037.4,523.9,,836
260809_LL_W_AI,annotation,2026-08-09 15:56:23.740,1786262183.74,2026-08-09 15:56:13.740,2026-08-09 15:56:33.740,0.169,137.4,991.6,530.3,1127.2,508.1,,837
260809_LL_W_AI,deletion,2026-08-09 15:56:39.533,1786262199.533,2026-08-09 15:56:29.533,2026-08-09 15:56:49.533,0.097,0.0,980.5,593.1,980.5,593.1,Key.delete,838
260809_LL_W_AI,annotation,2026-08-09 15:56:44.916,1786262204.916,2026-08-09 15:56:34.916,2026-08-09 15:56:54.916,0.698,76.2,930.7,600.4,996.2,639.2,,839
260809_LL_W_AI,annotation,2026-08-09 15:56:49.650,1786262209.65,2026-08-09 15:56:39.650,2026-08-09 15:56:59.650,0.381,80.2,1093.7,651.2,1159.3,697.4,,840
260809_LL_W_AI,annotation,2026-08-09 15:57:13.140,1786262233.14,2026-08-09 15:57:03.140,2026-08-09 15:57:23.140,0.913,52.1,884.7,592.2,925.8,624.2,,841
260809_LL_W_AI,annotation,2026-08-09 15:57:22.019,1786262242.019,2026-08-09 15:57:12.019,2026-08-09 15:57:32.019,1.012,52.3,880.6,583.2,926.3,608.8,,842
260809_LL_W_AI,annotation,2026-08-09 15:57:55.438,1786262275.438,2026-08-09 15:57:45.438,2026-08-09 15:58:05.438,1.162,95.8,861.7,517.6,949.3,556.3,,843
260809_LL_W_AI,annotation,2026-08-09 15:58:10.007,1786262290.007,2026-08-09 15:58:00.007,2026-08-09 15:58:20.007,0.426,35.2,976.3,593.1,1004.9,613.5,,844
260809_LL_W_AI,annotation,2026-08-09 15:58:16.041,1786262296.041,2026-08-09 15:58:06.041,2026-08-09 15:58:26.041,0.79,36.6,979.3,603.5,1010.3,622.9,,845
260809_LL_W_AI,annotation,2026-08-09 15:58:37.176,1786262317.176,2026-08-09 15:58:27.176,2026-08-09 15:58:47.176,0.719,50.9,1086.4,674.2,1121.9,710.6,,846
260809_LL_W_AI,annotation,2026-08-09 15:58:45.711,1786262325.711,2026-08-09 15:58:35.711,2026-08-09 15:58:55.711,0.165,192.8,805.4,604.7,997.2,584.7,,847
260809_LL_W_AI,annotation,2026-08-09 15:58:46.289,1786262326.289,2026-08-09 15:58:36.289,2026-08-09 15:58:56.289,0.143,213.1,988.9,582.9,1199.0,547.0,,848
260809_LL_W_AI,deletion,2026-08-09 16:00:00.413,1786262400.413,2026-08-09 15:59:50.413,2026-08-09 16:00:10.413,0.098,0.0,895.0,673.4,895.0,673.4,Key.delete,849
260809_LL_W_AI,deletion,2026-08-09 16:00:00.413,1786262400.413,2026-08-09 15:59:50.413,2026-08-09 16:00:10.413,0.099,0.0,895.0,673.4,895.0,673.4,Key.delete,850
260809_LL_W_AI,annotation,2026-08-09 16:00:39.051,1786262439.051,2026-08-09 16:00:29.051,2026-08-09 16:00:49.051,0.247,195.8,690.9,483.2,886.3,470.5,,851
260809_LL_W_AI,annotation,2026-08-09 16:00:39.568,1786262439.568,2026-08-09 16:00:29.568,2026-08-09 16:00:49.568,0.143,194.4,673.1,493.9,866.9,479.6,,852
260809_LL_W_AI,annotation,2026-08-09 16:01:12.358,1786262472.358,2026-08-09 16:01:02.358,2026-08-09 16:01:22.358,1.98,17.3,1085.0,506.1,1093.2,490.9,,853
260809_LL_W_AI,annotation,2026-08-09 16:01:14.684,1786262474.684,2026-08-09 16:01:04.684,2026-08-09 16:01:24.684,0.66,13.3,1111.0,498.2,1117.3,509.9,,854
260809_LL_W_AI,annotation,2026-08-09 16:01:15.561,1786262475.561,2026-08-09 16:01:05.561,2026-08-09 16:01:25.561,1.327,28.0,1126.7,508.6,1099.9,500.5,,855
260809_LL_W_AI,annotation,2026-08-09 16:01:19.379,1786262479.379,2026-08-09 16:01:09.379,2026-08-09 16:01:29.379,0.442,58.6,1093.2,513.2,1141.5,546.4,,856
260809_LL_W_AI,annotation,2026-08-09 16:01:30.441,1786262490.441,2026-08-09 16:01:20.441,2026-08-09 16:01:40.441,0.779,74.3,885.5,487.6,946.8,529.6,,857
260809_LL_W_AI,annotation,2026-08-09 16:01:44.850,1786262504.85,2026-08-09 16:01:34.850,2026-08-09 16:01:54.850,0.735,40.1,972.1,523.3,999.7,552.4,,858
260809_LL_W_AI,deletion,2026-08-09 16:01:57.329,1786262517.329,2026-08-09 16:01:47.329,2026-08-09 16:02:07.329,0.096,0.0,1067.8,556.5,1067.8,556.5,Key.delete,859
260809_LL_W_AI,deletion,2026-08-09 16:02:13.303,1786262533.303,2026-08-09 16:02:03.303,2026-08-09 16:02:23.303,0.098,0.0,1072.8,564.1,1072.8,564.1,Key.delete,860
260809_LL_W_AI,deletion,2026-08-09 16:02:17.173,1786262537.173,2026-08-09 16:02:07.173,2026-08-09 16:02:27.173,0.076,0.0,1070.1,557.5,1070.1,557.5,Key.delete,861
260809_LL_W_AI,deletion,2026-08-09 16:02:17.173,1786262537.173,2026-08-09 16:02:07.173,2026-08-09 16:02:27.173,0.074,0.0,1066.1,562.3,1066.1,562.3,Key.delete,862
260809_LL_W_AI,annotation,2026-08-09 16:03:06.681,1786262586.681,2026-08-09 16:02:56.681,2026-08-09 16:03:16.681,0.216,103.2,1003.3,544.5,1104.8,526.4,,863
260809_LL_W_AI,annotation,2026-08-09 16:03:07.467,1786262587.467,2026-08-09 16:02:57.467,2026-08-09 16:03:17.467,0.182,231.2,909.7,539.3,1140.2,520.9,,864
260809_LL_W_AI,annotation,2026-08-09 16:03:22.507,1786262602.507,2026-08-09 16:03:12.507,2026-08-09 16:03:32.507,0.21,70.3,1056.3,648.8,1121.1,621.6,,865
260809_LL_W_AI,annotation,2026-08-09 16:03:23.796,1786262603.796,2026-08-09 16:03:13.796,2026-08-09 16:03:33.796,0.17,45.3,1147.9,630.2,1102.9,635.6,,866
260809_LL_W_AI,annotation,2026-08-09 16:03:24.440,1786262604.44,2026-08-09 16:03:14.440,2026-08-09 16:03:34.440,0.473,8.0,1129.4,627.4,1134.1,621.0,,867
260809_LL_W_AI,annotation,2026-08-09 16:03:25.183,1786262605.183,2026-08-09 16:03:15.183,2026-08-09 16:03:35.183,0.18,23.6,1090.9,639.4,1114.4,641.4,,868
260809_LL_W_AI,annotation,2026-08-09 16:04:37.259,1786262677.259,2026-08-09 16:04:27.259,2026-08-09 16:04:47.259,0.188,175.1,878.1,472.7,1053.1,472.6,,869
260809_LL_W_AI,annotation,2026-08-09 16:04:37.752,1786262677.752,2026-08-09 16:04:27.752,2026-08-09 16:04:47.752,0.143,146.4,882.5,506.5,1028.1,491.0,,870
260809_LL_W_AI,annotation,2026-08-09 16:05:13.719,1786262713.719,2026-08-09 16:05:03.719,2026-08-09 16:05:23.719,0.576,33.1,913.7,524.0,941.0,542.7,,871
260809_LL_W_AI,annotation,2026-08-09 16:05:14.425,1786262714.425,2026-08-09 16:05:04.425,2026-08-09 16:05:24.425,0.266,34.9,932.1,532.8,919.9,500.1,,872
260809_LL_W_AI,annotation,2026-08-09 16:05:14.976,1786262714.976,2026-08-09 16:05:04.976,2026-08-09 16:05:24.976,0.249,25.5,976.4,511.0,994.3,492.9,,873
260809_LL_W_AI,annotation,2026-08-09 16:05:15.525,1786262715.525,2026-08-09 16:05:05.525,2026-08-09 16:05:25.525,0.335,27.3,1085.9,533.9,1103.1,555.2,,874
260809_LL_W_AI,annotation,2026-08-09 16:05:16.050,1786262716.05,2026-08-09 16:05:06.050,2026-08-09 16:05:26.050,0.606,16.7,1111.3,551.1,1127.5,546.8,,875
260809_LL_W_AI,annotation,2026-08-09 16:05:16.940,1786262716.94,2026-08-09 16:05:06.940,2026-08-09 16:05:26.940,0.608,47.1,1077.8,559.2,1033.0,544.4,,876
260809_LL_W_AI,annotation,2026-08-09 16:05:17.835,1786262717.835,2026-08-09 16:05:07.835,2026-08-09 16:05:27.835,0.192,39.9,1105.9,549.9,1137.0,574.9,,877
260809_LL_W_AI,annotation,2026-08-09 16:05:18.294,1786262718.294,2026-08-09 16:05:08.294,2026-08-09 16:05:28.294,0.12,37.3,1028.3,575.6,1065.4,571.1,,878
260809_LL_W_AI,annotation,2026-08-09 16:05:22.973,1786262722.973,2026-08-09 16:05:12.973,2026-08-09 16:05:32.973,0.304,30.3,1127.1,553.4,1097.1,557.6,,879
260809_LL_W_AI,deletion,2026-08-09 16:05:24.930,1786262724.93,2026-08-09 16:05:14.930,2026-08-09 16:05:34.930,0.069,0.6,1127.7,559.3,1127.2,559.8,Key.delete,880
260809_LL_W_AI,annotation,2026-08-09 16:05:29.009,1786262729.009,2026-08-09 16:05:19.009,2026-08-09 16:05:39.009,0.674,41.5,905.6,528.4,938.4,553.9,,881
260809_LL_W_AI,annotation,2026-08-09 16:05:31.310,1786262731.31,2026-08-09 16:05:21.310,2026-08-09 16:05:41.310,0.728,49.4,917.3,516.2,949.6,553.6,,882
260809_LL_W_AI,annotation,2026-08-09 16:05:42.575,1786262742.575,2026-08-09 16:05:32.575,2026-08-09 16:05:52.575,0.902,50.6,945.6,481.7,984.9,513.6,,883
260809_LL_W_AI,annotation,2026-08-09 16:05:45.142,1786262745.142,2026-08-09 16:05:35.142,2026-08-09 16:05:55.142,0.344,64.8,1020.2,472.3,1060.7,522.9,,884
260809_LL_W_AI,annotation,2026-08-09 16:06:43.793,1786262803.793,2026-08-09 16:06:33.793,2026-08-09 16:06:53.793,0.135,110.4,699.2,493.7,809.5,490.5,,885
260809_LL_W_AI,annotation,2026-08-09 16:06:44.341,1786262804.341,2026-08-09 16:06:34.341,2026-08-09 16:06:54.341,0.125,208.1,857.5,478.6,1065.4,468.7,,886
260809_LL_W_AI,annotation,2026-08-09 16:06:44.958,1786262804.958,2026-08-09 16:06:34.958,2026-08-09 16:06:54.958,0.2,60.1,952.4,471.9,1007.9,448.7,,887
260809_LL_W_AI,annotation,2026-08-09 16:06:45.337,1786262805.337,2026-08-09 16:06:35.337,2026-08-09 16:06:55.337,0.225,26.4,1014.4,428.7,1019.7,402.8,,888
260809_LL_W_AI,annotation,2026-08-09 16:06:45.869,1786262805.869,2026-08-09 16:06:35.869,2026-08-09 16:06:55.869,0.36,17.2,1029.2,434.2,1032.6,451.1,,889
260809_LL_W_AI,annotation,2026-08-09 16:06:47.978,1786262807.978,2026-08-09 16:06:37.978,2026-08-09 16:06:57.978,0.165,53.0,1112.6,476.2,1061.2,489.0,,890
260809_LL_W_AI,annotation,2026-08-09 16:06:48.487,1786262808.487,2026-08-09 16:06:38.487,2026-08-09 16:06:58.487,0.411,33.5,1090.6,490.7,1113.2,465.9,,891
260809_LL_W_AI,annotation,2026-08-09 16:06:49.200,1786262809.2,2026-08-09 16:06:39.200,2026-08-09 16:06:59.200,1.889,24.3,1087.8,486.5,1107.9,500.2,,892
260809_LL_W_AI,annotation,2026-08-09 16:07:48.983,1786262868.983,2026-08-09 16:07:38.983,2026-08-09 16:07:58.983,0.974,30.8,947.8,517.3,978.3,521.9,,893
260809_LL_W_AI,annotation,2026-08-09 16:07:50.257,1786262870.257,2026-08-09 16:07:40.257,2026-08-09 16:08:00.257,0.494,21.9,979.0,529.8,958.6,521.8,,894
260809_LL_W_AI,annotation,2026-08-09 16:07:52.169,1786262872.169,2026-08-09 16:07:42.169,2026-08-09 16:08:02.169,0.78,52.9,951.5,516.2,990.9,551.5,,895
260809_LL_W_AI,annotation,2026-08-09 16:08:21.779,1786262901.779,2026-08-09 16:08:11.779,2026-08-09 16:08:31.779,1.059,81.1,891.8,504.2,964.5,540.0,,896
260809_LL_W_AI,annotation,2026-08-09 16:08:41.575,1786262921.575,2026-08-09 16:08:31.575,2026-08-09 16:08:51.575,0.5,63.7,1004.7,633.6,1058.3,668.0,,897
260809_LL_W_AI,annotation,2026-08-09 16:09:00.843,1786262940.843,2026-08-09 16:08:50.843,2026-08-09 16:09:10.843,0.165,341.7,639.7,516.4,981.4,519.3,,898
260809_LL_W_AI,annotation,2026-08-09 16:09:01.433,1786262941.433,2026-08-09 16:08:51.433,2026-08-09 16:09:11.433,0.509,58.9,960.6,507.5,1010.9,476.8,,899
260809_LL_W_AI,annotation,2026-08-09 16:09:09.901,1786262949.901,2026-08-09 16:08:59.901,2026-08-09 16:09:19.901,0.87,18.5,903.1,539.4,919.4,548.0,,900
260809_LL_W_AI,annotation,2026-08-09 16:09:11.253,1786262951.253,2026-08-09 16:09:01.253,2026-08-09 16:09:21.253,0.335,13.3,900.8,548.4,898.1,535.4,,901
260809_LL_W_AI,annotation,2026-08-09 16:09:13.111,1786262953.111,2026-08-09 16:09:03.111,2026-08-09 16:09:23.111,0.806,71.6,900.8,542.2,946.8,597.1,,902
260809_LL_W_AI,annotation,2026-08-09 16:09:21.631,1786262961.631,2026-08-09 16:09:11.631,2026-08-09 16:09:31.631,0.864,59.4,1054.0,557.0,1091.1,603.4,,903
260809_LL_W_AI,annotation,2026-08-09 16:09:52.292,1786262992.292,2026-08-09 16:09:42.292,2026-08-09 16:10:02.292,0.854,62.3,1020.5,515.6,1074.3,547.0,,904
260809_LL_W_AI,annotation,2026-08-09 16:09:59.716,1786262999.716,2026-08-09 16:09:49.716,2026-08-09 16:10:09.716,0.833,67.2,1006.5,511.0,1061.9,548.9,,905
260809_LL_W_AI,annotation,2026-08-09 16:10:01.159,1786263001.159,2026-08-09 16:09:51.159,2026-08-09 16:10:11.159,0.335,52.2,953.3,520.5,996.5,549.7,,906
260809_LL_W_AI,annotation,2026-08-09 16:10:38.425,1786263038.425,2026-08-09 16:10:28.425,2026-08-09 16:10:48.425,0.884,78.2,961.6,614.8,1031.4,650.0,,907
260809_LL_W_AI,annotation,2026-08-09 16:10:43.502,1786263043.502,2026-08-09 16:10:33.502,2026-08-09 16:10:53.502,0.375,71.7,1023.1,643.2,1080.9,685.8,,908
260809_LL_W_AI,annotation,2026-08-09 16:10:47.603,1786263047.603,2026-08-09 16:10:37.603,2026-08-09 16:10:57.603,0.595,58.7,950.0,644.1,1000.7,673.7,,909
260809_LL_W_AI,annotation,2026-08-09 16:11:15.751,1786263075.751,2026-08-09 16:11:05.751,2026-08-09 16:11:25.751,0.165,187.8,593.1,546.0,780.4,558.1,,910
260809_LL_W_AI,annotation,2026-08-09 16:11:16.231,1786263076.231,2026-08-09 16:11:06.231,2026-08-09 16:11:26.231,0.135,229.5,729.4,558.0,957.4,532.3,,911
260809_LL_W_AI,annotation,2026-08-09 16:11:41.566,1786263101.566,2026-08-09 16:11:31.566,2026-08-09 16:11:51.566,0.143,1.9,1030.2,637.3,1031.6,638.6,,912
260809_LL_W_AI,annotation,2026-08-09 16:11:42.925,1786263102.925,2026-08-09 16:11:32.925,2026-08-09 16:11:52.925,0.111,0.2,1036.1,638.6,1036.3,638.6,,913
260809_LL_W_AI,deletion,2026-08-09 16:11:52.428,1786263112.428,2026-08-09 16:11:42.428,2026-08-09 16:12:02.428,0.09,0.0,1046.2,713.9,1046.2,713.9,Key.delete,914
260809_LL_W_AI,annotation,2026-08-09 16:12:53.976,1786263173.976,2026-08-09 16:12:43.976,2026-08-09 16:13:03.976,0.233,51.1,924.7,569.3,974.4,557.5,,915
260809_LL_W_AI,annotation,2026-08-09 16:12:54.528,1786263174.528,2026-08-09 16:12:44.528,2026-08-09 16:13:04.528,0.142,212.6,942.3,537.6,1154.2,519.8,,916
260809_LL_W_AI,deletion,2026-08-09 16:14:11.313,1786263251.313,2026-08-09 16:14:01.313,2026-08-09 16:14:21.313,0.096,0.0,1192.4,520.5,1192.4,520.5,Key.delete,917
260809_LL_W_AI,annotation,2026-08-09 16:14:32.476,1786263272.476,2026-08-09 16:14:22.476,2026-08-09 16:14:42.476,0.656,162.6,1030.7,548.6,1021.1,386.3,,918
260809_LL_W_AI,annotation,2026-08-09 16:21:45.430,1786263705.43,2026-08-09 16:21:35.430,2026-08-09 16:21:55.430,0.104,0.2,1498.4,1050.0,1498.7,1050.0,,919
260810_CP_W_AI,annotation,2026-08-10 18:15:02.223,1786356902.223,2026-08-10 18:14:52.223,2026-08-10 18:15:12.223,0.127,0.2,42.4,46.7,42.4,46.5,,920
260810_CP_W_AI,annotation,2026-08-10 18:16:06.822,1786356966.822,2026-08-10 18:15:56.822,2026-08-10 18:16:16.822,0.193,1.0,445.3,470.8,444.9,469.8,,921
260810_CP_W_AI,annotation,2026-08-10 18:20:19.095,1786357219.095,2026-08-10 18:20:09.095,2026-08-10 18:20:29.095,0.174,0.9,24.7,59.6,25.6,59.6,,922
260810_CP_W_AI,annotation,2026-08-10 18:20:21.615,1786357221.615,2026-08-10 18:20:11.615,2026-08-10 18:20:31.615,0.112,0.5,121.8,121.8,121.4,121.8,,923
260810_CP_W_AI,annotation,2026-08-10 18:20:23.331,1786357223.331,2026-08-10 18:20:13.331,2026-08-10 18:20:33.331,0.115,0.7,469.0,162.0,469.0,161.3,,924
260810_CP_W_AI,annotation,2026-08-10 18:22:32.576,1786357352.576,2026-08-10 18:22:22.576,2026-08-10 18:22:42.576,0.207,2.3,127.7,121.2,125.4,121.4,,925
260810_CP_W_AI,annotation,2026-08-10 18:24:22.007,1786357462.007,2026-08-10 18:24:12.007,2026-08-10 18:24:32.007,2.647,11.0,1315.5,575.9,1321.0,585.4,,926
260810_CP_W_AI,annotation,2026-08-10 18:26:19.840,1786357579.84,2026-08-10 18:26:09.840,2026-08-10 18:26:29.840,0.79,38.4,703.0,536.7,730.1,563.9,,927
260810_CP_W_AI,annotation,2026-08-10 18:26:21.004,1786357581.004,2026-08-10 18:26:11.004,2026-08-10 18:26:31.004,0.737,39.3,723.9,557.6,685.4,550.0,,928
260810_CP_W_AI,annotation,2026-08-10 18:26:43.055,1786357603.055,2026-08-10 18:26:33.055,2026-08-10 18:26:53.055,3.598,99.3,1578.4,70.9,1634.2,153.0,,929
260810_CP_W_AI,annotation,2026-08-10 18:26:51.358,1786357611.358,2026-08-10 18:26:41.358,2026-08-10 18:27:01.358,2.443,45.0,1012.9,450.5,1057.8,452.8,,930
260810_CP_W_AI,annotation,2026-08-10 18:27:08.465,1786357628.465,2026-08-10 18:26:58.465,2026-08-10 18:27:18.465,5.04,9.9,1022.6,691.6,1016.7,683.6,,931
260810_CP_W_AI,annotation,2026-08-10 18:27:50.735,1786357670.735,2026-08-10 18:27:40.735,2026-08-10 18:28:00.735,1.073,9.1,693.8,540.2,701.6,544.9,,932
260810_CP_W_AI,annotation,2026-08-10 18:27:55.632,1786357675.632,2026-08-10 18:27:45.632,2026-08-10 18:28:05.632,0.15,0.2,265.8,54.0,265.8,53.8,,933
260810_CP_W_AI,annotation,2026-08-10 18:27:57.181,1786357677.181,2026-08-10 18:27:47.181,2026-08-10 18:28:07.181,1.151,7.9,710.2,526.2,703.2,529.8,,934
260810_CP_W_AI,annotation,2026-08-10 18:28:32.297,1786357712.297,2026-08-10 18:28:22.297,2026-08-10 18:28:42.297,1.54,55.1,477.6,488.9,465.8,435.0,,935
260810_CP_W_AI,annotation,2026-08-10 18:28:34.476,1786357714.476,2026-08-10 18:28:24.476,2026-08-10 18:28:44.476,0.577,34.8,508.9,422.3,526.3,452.4,,936
260810_CP_W_AI,annotation,2026-08-10 18:28:35.422,1786357715.422,2026-08-10 18:28:25.422,2026-08-10 18:28:45.422,0.597,31.8,550.6,459.9,573.3,482.1,,937
260810_CP_W_AI,annotation,2026-08-10 18:28:36.244,1786357716.244,2026-08-10 18:28:26.244,2026-08-10 18:28:46.244,0.338,6.2,577.6,485.4,573.5,480.8,,938
260810_CP_W_AI,annotation,2026-08-10 18:28:42.793,1786357722.793,2026-08-10 18:28:32.793,2026-08-10 18:28:52.793,1.402,50.4,709.7,534.3,743.7,571.5,,939
260810_CP_W_AI,annotation,2026-08-10 18:29:12.817,1786357752.817,2026-08-10 18:29:02.817,2026-08-10 18:29:22.817,2.076,33.6,669.0,672.9,694.6,694.7,,940
260810_CP_W_AI,annotation,2026-08-10 18:30:46.455,1786357846.455,2026-08-10 18:30:36.455,2026-08-10 18:30:56.455,1.38,24.4,1289.5,673.1,1305.1,691.9,,941
260810_CP_W_AI,annotation,2026-08-10 18:33:44.890,1786358024.89,2026-08-10 18:33:34.890,2026-08-10 18:33:54.890,0.155,2.7,122.0,118.7,124.8,118.9,,942
260810_CP_W_AI,annotation,2026-08-10 18:36:16.127,1786358176.127,2026-08-10 18:36:06.127,2026-08-10 18:36:26.127,1.38,24.3,1259.2,468.6,1277.1,485.1,,943
260810_CP_W_AI,annotation,2026-08-10 18:38:53.207,1786358333.207,2026-08-10 18:38:43.207,2026-08-10 18:39:03.207,0.143,0.2,126.2,118.7,126.0,118.7,,944
260810_CP_W_AI,annotation,2026-08-10 18:39:53.233,1786358393.233,2026-08-10 18:39:43.233,2026-08-10 18:40:03.233,1.874,99.6,867.6,582.0,938.0,652.5,,945
260810_CP_W_AI,annotation,2026-08-10 18:39:55.679,1786358395.679,2026-08-10 18:39:45.679,2026-08-10 18:40:05.679,0.108,281.6,670.6,276.0,428.3,132.5,,946
260810_CP_W_AI,annotation,2026-08-10 18:45:51.186,1786358751.186,2026-08-10 18:45:41.186,2026-08-10 18:46:01.186,0.134,0.3,778.9,475.8,779.1,476.1,,947
260810_CP_W_AI,annotation,2026-08-10 18:47:58.176,1786358878.176,2026-08-10 18:47:48.176,2026-08-10 18:48:08.176,0.975,28.6,1220.9,407.3,1240.6,428.0,,948
260810_CP_W_AI,annotation,2026-08-10 18:48:12.591,1786358892.591,2026-08-10 18:48:02.591,2026-08-10 18:48:22.591,0.128,0.2,906.0,53.0,906.0,53.2,,949
260810_CP_W_AI,annotation,2026-08-10 18:52:12.505,1786359132.505,2026-08-10 18:52:02.505,2026-08-10 18:52:22.505,1.455,25.8,1238.8,720.6,1257.8,738.1,,950
260810_CP_W_AI,annotation,2026-08-10 18:52:25.337,1786359145.337,2026-08-10 18:52:15.337,2026-08-10 18:52:35.337,1.605,28.5,836.7,793.9,857.2,813.7,,951
260810_CP_W_AI,annotation,2026-08-10 18:52:35.312,1786359155.312,2026-08-10 18:52:25.312,2026-08-10 18:52:45.312,2.153,29.0,1210.6,762.7,1232.3,782.0,,952
260810_CP_W_AI,annotation,2026-08-10 18:52:55.345,1786359175.345,2026-08-10 18:52:45.345,2026-08-10 18:53:05.345,1.387,25.8,828.1,787.6,846.8,805.4,,953
260810_CP_W_AI,annotation,2026-08-10 18:52:57.139,1786359177.139,2026-08-10 18:52:47.139,2026-08-10 18:53:07.139,0.133,0.7,950.0,790.0,950.6,790.0,,954
260810_CP_W_AI,annotation,2026-08-10 18:55:10.867,1786359310.867,2026-08-10 18:55:00.867,2026-08-10 18:55:20.867,0.155,1.5,1034.3,418.8,1035.7,418.1,,955
260810_CP_W_AI,annotation,2026-08-10 18:55:37.582,1786359337.582,2026-08-10 18:55:27.582,2026-08-10 18:55:47.582,1.633,81.3,976.5,336.1,1037.6,389.8,,956
260810_CP_W_AI,annotation,2026-08-10 18:56:29.968,1786359389.968,2026-08-10 18:56:19.968,2026-08-10 18:56:39.968,0.114,0.2,935.5,570.8,935.5,571.0,,957
260810_CP_W_AI,annotation,2026-08-10 18:56:41.468,1786359401.468,2026-08-10 18:56:31.468,2026-08-10 18:56:51.468,5.188,297.4,862.5,566.7,1155.0,513.4,,958
260810_CP_W_AI,annotation,2026-08-10 18:56:47.243,1786359407.243,2026-08-10 18:56:37.243,2026-08-10 18:56:57.243,0.485,10.5,1008.1,537.3,1018.5,536.0,,959
260810_CP_W_AI,annotation,2026-08-10 18:57:09.027,1786359429.027,2026-08-10 18:56:59.027,2026-08-10 18:57:19.027,0.16,0.2,1223.5,658.6,1223.3,658.6,,960
260810_CP_W_AI,annotation,2026-08-10 18:57:34.740,1786359454.74,2026-08-10 18:57:24.740,2026-08-10 18:57:44.740,3.201,103.0,1059.0,395.3,1155.0,357.8,,961
260810_CP_W_AI,annotation,2026-08-10 18:57:45.575,1786359465.575,2026-08-10 18:57:35.575,2026-08-10 18:57:55.575,2.531,194.6,1031.5,355.8,1226.1,359.6,,962
260810_CP_W_AI,annotation,2026-08-10 18:57:48.456,1786359468.456,2026-08-10 18:57:38.456,2026-08-10 18:57:58.456,0.855,47.4,1044.5,356.8,1091.8,360.1,,963
260810_CP_W_AI,annotation,2026-08-10 18:58:49.595,1786359529.595,2026-08-10 18:58:39.595,2026-08-10 18:58:59.595,0.143,0.3,1152.8,856.7,1153.0,857.0,,964
260810_CP_W_AI,annotation,2026-08-10 19:01:14.957,1786359674.957,2026-08-10 19:01:04.957,2026-08-10 19:01:24.957,0.136,611.8,202.2,161.3,740.2,452.6,,965
260810_CP_W_AI,annotation,2026-08-10 19:01:22.254,1786359682.254,2026-08-10 19:01:12.254,2026-08-10 19:01:32.254,0.863,42.6,985.3,521.5,1027.7,517.4,,966
260810_CP_W_AI,annotation,2026-08-10 19:18:14.349,1786360694.349,2026-08-10 19:18:04.349,2026-08-10 19:18:24.349,0.168,0.5,24.9,59.9,25.2,60.4,,967
260810_CP_W_AI,annotation,2026-08-10 19:18:16.124,1786360696.124,2026-08-10 19:18:06.124,2026-08-10 19:18:26.124,0.113,0.2,1208.8,1046.3,1208.8,1046.1,,968
260810_CP_W_AI,annotation,2026-08-10 19:18:26.175,1786360706.175,2026-08-10 19:18:16.175,2026-08-10 19:18:36.175,0.104,0.2,914.1,603.0,914.3,603.0,,969
260810_CP_W_AI,annotation,2026-08-10 19:21:21.435,1786360881.435,2026-08-10 19:21:11.435,2026-08-10 19:21:31.435,0.115,0.3,843.9,452.0,844.1,451.7,,970
260810_CP_W_AI,annotation,2026-08-10 19:22:20.634,1786360940.634,2026-08-10 19:22:10.634,2026-08-10 19:22:30.634,3.839,92.1,1092.1,557.3,1176.8,521.3,,971
260810_CP_W_AI,annotation,2026-08-10 19:23:21.818,1786361001.818,2026-08-10 19:23:11.818,2026-08-10 19:23:31.818,0.127,1.3,701.6,656.8,702.5,657.7,,972
260810_CP_W_AI,annotation,2026-08-10 19:26:37.862,1786361197.862,2026-08-10 19:26:27.862,2026-08-10 19:26:47.862,0.158,0.2,1156.6,770.0,1156.8,770.0,,973
260810_CP_W_AI,annotation,2026-08-10 19:26:40.908,1786361200.908,2026-08-10 19:26:30.908,2026-08-10 19:26:50.908,0.134,0.5,914.6,81.6,914.8,81.1,,974
260810_CP_W_AI,annotation,2026-08-10 19:28:36.520,1786361316.52,2026-08-10 19:28:26.520,2026-08-10 19:28:46.520,0.127,0.2,857.1,513.6,857.3,513.6,,975
260810_CP_W_AI,annotation,2026-08-10 19:28:42.721,1786361322.721,2026-08-10 19:28:32.721,2026-08-10 19:28:52.721,0.11,0.7,960.4,53.0,961.1,53.0,,976
260810_CP_W_AI,annotation,2026-08-10 19:29:06.575,1786361346.575,2026-08-10 19:28:56.575,2026-08-10 19:29:16.575,0.146,0.5,128.5,128.5,128.3,128.0,,977
260810_CP_W_AI,annotation,2026-08-10 19:31:06.700,1786361466.7,2026-08-10 19:30:56.700,2026-08-10 19:31:16.700,0.112,0.2,118.2,125.2,118.2,125.0,,978
260810_CP_W_AI,annotation,2026-08-10 19:31:11.748,1786361471.748,2026-08-10 19:31:01.748,2026-08-10 19:31:21.748,0.11,0.2,733.1,637.9,733.1,637.7,,979
260810_CP_W_AI,annotation,2026-08-10 19:31:43.862,1786361503.862,2026-08-10 19:31:33.862,2026-08-10 19:31:53.862,0.12,0.2,948.4,810.0,948.6,810.0,,980
260810_CP_W_AI,annotation,2026-08-10 19:36:28.884,1786361788.884,2026-08-10 19:36:18.884,2026-08-10 19:36:38.884,0.112,0.2,120.1,124.9,120.3,124.9,,981
260810_CP_W_AI,annotation,2026-08-10 19:37:30.513,1786361850.513,2026-08-10 19:37:20.513,2026-08-10 19:37:40.513,0.141,1.2,817.9,900.4,817.7,899.3,,982
260810_CP_W_AI,annotation,2026-08-10 19:38:41.418,1786361921.418,2026-08-10 19:38:31.418,2026-08-10 19:38:51.418,0.143,0.5,123.6,122.1,123.6,121.6,,983
260810_CP_W_AI,annotation,2026-08-10 19:41:36.158,1786362096.158,2026-08-10 19:41:26.158,2026-08-10 19:41:46.158,0.123,0.5,65.2,213.2,65.6,213.5,,984
260810_CP_W_AI,annotation,2026-08-10 19:41:43.632,1786362103.632,2026-08-10 19:41:33.632,2026-08-10 19:41:53.632,0.102,0.9,576.4,242.8,575.4,242.8,,985
260810_CP_W_AI,annotation,2026-08-10 19:42:10.772,1786362130.772,2026-08-10 19:42:00.772,2026-08-10 19:42:20.772,0.112,0.3,946.0,58.3,946.2,58.5,,986
260810_CP_W_AI,annotation,2026-08-10 19:42:11.974,1786362131.974,2026-08-10 19:42:01.974,2026-08-10 19:42:21.974,0.131,0.0,876.7,61.5,876.7,61.5,,987
260810_CP_W_AI,annotation,2026-08-10 19:42:30.859,1786362150.859,2026-08-10 19:42:20.859,2026-08-10 19:42:40.859,1.365,91.5,1111.1,384.5,1201.4,399.2,,988
260810_CP_W_AI,annotation,2026-08-10 19:42:33.497,1786362153.497,2026-08-10 19:42:23.497,2026-08-10 19:42:43.497,5.977,246.4,1444.7,588.8,1646.1,446.9,,989
260810_CP_W_AI,annotation,2026-08-10 19:42:44.274,1786362164.274,2026-08-10 19:42:34.274,2026-08-10 19:42:54.274,0.143,0.5,1202.6,545.8,1202.8,546.2,,990
260810_CP_W_AI,annotation,2026-08-10 19:42:45.271,1786362165.271,2026-08-10 19:42:35.271,2026-08-10 19:42:55.271,0.707,158.9,1194.0,526.8,1035.2,521.3,,991
260810_CP_W_AI,annotation,2026-08-10 19:42:47.221,1786362167.221,2026-08-10 19:42:37.221,2026-08-10 19:42:57.221,0.143,0.2,338.0,73.5,338.3,73.5,,992
260810_CP_W_AI,annotation,2026-08-10 19:43:07.886,1786362187.886,2026-08-10 19:42:57.886,2026-08-10 19:43:17.886,0.12,0.2,752.5,38.7,752.5,38.4,,993
260810_CP_W_AI,annotation,2026-08-10 20:15:53.885,1786364153.885,2026-08-10 20:15:43.885,2026-08-10 20:16:03.885,0.12,0.5,118.7,686.2,119.2,686.0,,994
260810_CP_W_AI,annotation,2026-08-10 20:16:05.213,1786364165.213,2026-08-10 20:15:55.213,2026-08-10 20:16:15.213,0.178,0.9,789.5,38.1,789.8,39.0,,995
260810_CP_W_AI,annotation,2026-08-10 20:16:05.632,1786364165.632,2026-08-10 20:15:55.632,2026-08-10 20:16:15.632,0.186,0.2,793.0,44.7,793.2,44.7,,996
260810_CP_W_AI,annotation,2026-08-10 20:16:33.832,1786364193.832,2026-08-10 20:16:23.832,2026-08-10 20:16:43.832,1.147,126.4,1048.2,670.9,1174.3,679.5,,997
260810_CP_W_AI,annotation,2026-08-10 20:19:34.040,1786364374.04,2026-08-10 20:19:24.040,2026-08-10 20:19:44.040,2.291,251.5,854.6,317.7,974.3,538.9,,998
260810_CP_W_AI,annotation,2026-08-10 20:19:36.879,1786364376.879,2026-08-10 20:19:26.879,2026-08-10 20:19:46.879,1.663,274.0,977.7,548.2,1223.3,426.7,,999
260810_CP_W_AI,annotation,2026-08-10 20:20:14.297,1786364414.297,2026-08-10 20:20:04.297,2026-08-10 20:20:24.297,1.129,39.3,1057.2,605.8,1084.9,633.8,,1000
260810_CP_W_AI,annotation,2026-08-10 20:21:13.064,1786364473.064,2026-08-10 20:21:03.064,2026-08-10 20:21:23.064,1.413,38.2,1038.6,523.9,1067.9,548.6,,1001
260810_CP_W_AI,annotation,2026-08-10 20:22:19.071,1786364539.071,2026-08-10 20:22:09.071,2026-08-10 20:22:29.071,1.207,42.9,949.9,518.6,983.4,545.3,,1002
260810_CP_W_AI,annotation,2026-08-10 20:22:21.652,1786364541.652,2026-08-10 20:22:11.652,2026-08-10 20:22:31.652,1.026,35.5,1040.2,525.2,1069.5,545.2,,1003
260810_CP_W_AI,annotation,2026-08-10 20:23:20.864,1786364600.864,2026-08-10 20:23:10.864,2026-08-10 20:23:30.864,1.387,34.2,1048.2,565.8,1074.4,587.8,,1004
260810_CP_W_AI,annotation,2026-08-10 20:23:43.792,1786364623.792,2026-08-10 20:23:33.792,2026-08-10 20:23:53.792,1.238,32.3,1065.2,595.6,1085.4,620.8,,1005
260810_CP_W_AI,annotation,2026-08-10 20:23:48.644,1786364628.644,2026-08-10 20:23:38.644,2026-08-10 20:23:58.644,0.594,220.0,44.2,427.5,261.8,459.8,,1006
260810_CP_W_AI,annotation,2026-08-10 20:24:11.092,1786364651.092,2026-08-10 20:24:01.092,2026-08-10 20:24:21.092,1.8,401.2,714.5,311.7,1115.6,301.5,,1007
260810_CP_W_AI,annotation,2026-08-10 20:24:13.226,1786364653.226,2026-08-10 20:24:03.226,2026-08-10 20:24:23.226,1.885,10.1,1096.3,315.9,1096.6,305.9,,1008
260810_CP_W_AI,annotation,2026-08-10 20:26:18.793,1786364778.793,2026-08-10 20:26:08.793,2026-08-10 20:26:28.793,0.285,376.3,48.3,422.5,424.5,419.9,,1009
260810_CP_W_AI,annotation,2026-08-10 20:26:31.520,1786364791.52,2026-08-10 20:26:21.520,2026-08-10 20:26:41.520,2.033,669.7,535.5,220.8,1203.3,272.4,,1010
260810_CP_W_AI,annotation,2026-08-10 20:26:34.071,1786364794.071,2026-08-10 20:26:24.071,2026-08-10 20:26:44.071,2.1,102.6,1104.2,272.2,1204.8,252.2,,1011
260810_CP_W_AI,annotation,2026-08-10 20:27:34.461,1786364854.461,2026-08-10 20:27:24.461,2026-08-10 20:27:44.461,0.187,0.2,917.8,613.3,918.0,613.3,,1012
260810_CP_W_AI,annotation,2026-08-10 20:27:47.668,1786364867.668,2026-08-10 20:27:37.668,2026-08-10 20:27:57.668,0.436,328.3,39.3,428.1,364.9,470.4,,1013
260810_CP_W_AI,annotation,2026-08-10 20:27:59.752,1786364879.752,2026-08-10 20:27:49.752,2026-08-10 20:28:09.752,1.198,273.1,692.1,244.5,965.1,243.3,,1014
260810_CP_W_AI,annotation,2026-08-10 20:28:01.798,1786364881.798,2026-08-10 20:27:51.798,2026-08-10 20:28:11.798,1.006,109.4,869.8,281.7,979.0,275.9,,1015
260810_CP_W_AI,annotation,2026-08-10 20:29:39.582,1786364979.582,2026-08-10 20:29:29.582,2026-08-10 20:29:49.582,0.414,353.6,60.7,438.5,389.2,569.2,,1016
260810_CP_W_AI,annotation,2026-08-10 20:30:13.882,1786365013.882,2026-08-10 20:30:03.882,2026-08-10 20:30:23.882,0.449,240.4,54.3,302.9,291.5,342.0,,1017
260810_CP_W_AI,annotation,2026-08-10 20:30:15.891,1786365015.891,2026-08-10 20:30:05.891,2026-08-10 20:30:25.891,2.273,149.5,700.5,372.3,842.3,325.0,,1018
260810_CP_W_AI,annotation,2026-08-10 20:30:50.308,1786365050.308,2026-08-10 20:30:40.308,2026-08-10 20:31:00.308,0.519,215.6,46.4,438.7,257.7,481.5,,1019
260810_CP_W_AI,annotation,2026-08-10 20:30:52.724,1786365052.724,2026-08-10 20:30:42.724,2026-08-10 20:31:02.724,1.733,476.6,417.1,514.1,893.2,493.0,,1020
260810_CP_W_AI,annotation,2026-08-10 20:31:02.384,1786365062.384,2026-08-10 20:30:52.384,2026-08-10 20:31:12.384,1.463,221.3,1181.5,675.4,1402.7,684.6,,1021
260810_CP_W_AI,annotation,2026-08-10 20:31:15.368,1786365075.368,2026-08-10 20:31:05.368,2026-08-10 20:31:25.368,2.55,101.9,1117.0,609.3,1180.9,688.7,,1022
260810_CP_W_AI,annotation,2026-08-10 20:31:23.184,1786365083.184,2026-08-10 20:31:13.184,2026-08-10 20:31:33.184,0.395,341.5,58.2,782.7,399.7,775.4,,1023
260810_CP_W_AI,annotation,2026-08-10 20:31:32.709,1786365092.709,2026-08-10 20:31:22.709,2026-08-10 20:31:42.709,0.42,273.3,42.9,442.2,314.6,471.9,,1024
260810_CP_W_AI,annotation,2026-08-10 20:31:44.970,1786365104.97,2026-08-10 20:31:34.970,2026-08-10 20:31:54.970,1.899,9.5,1314.0,632.3,1314.4,641.8,,1025
260810_CP_W_AI,annotation,2026-08-10 20:32:01.178,1786365121.178,2026-08-10 20:31:51.178,2026-08-10 20:32:11.178,4.747,197.1,1440.9,586.9,1463.2,782.8,,1026
260810_CP_W_AI,annotation,2026-08-10 20:32:08.543,1786365128.543,2026-08-10 20:31:58.543,2026-08-10 20:32:18.543,1.778,9.6,1467.6,650.5,1458.8,646.7,,1027
260810_CP_W_AI,annotation,2026-08-10 20:33:01.082,1786365181.082,2026-08-10 20:32:51.082,2026-08-10 20:33:11.082,1.334,97.3,1111.4,619.8,1178.2,690.6,,1028
260810_CP_W_AI,annotation,2026-08-10 20:35:18.932,1786365318.932,2026-08-10 20:35:08.932,2026-08-10 20:35:28.932,0.825,396.3,38.3,756.4,434.3,741.1,,1029
260810_CP_W_AI,annotation,2026-08-10 20:35:51.128,1786365351.128,2026-08-10 20:35:41.128,2026-08-10 20:36:01.128,0.451,267.4,67.4,448.4,333.4,474.5,,1030
260810_CP_W_AI,annotation,2026-08-10 20:36:23.915,1786365383.915,2026-08-10 20:36:13.915,2026-08-10 20:36:33.915,0.682,40.8,968.8,526.6,1000.1,552.7,,1031
260810_CP_W_AI,annotation,2026-08-10 20:36:31.184,1786365391.184,2026-08-10 20:36:21.184,2026-08-10 20:36:41.184,1.2,35.3,1038.5,534.2,1065.8,556.5,,1032
260810_CP_W_AI,annotation,2026-08-10 20:37:31.225,1786365451.225,2026-08-10 20:37:21.225,2026-08-10 20:37:41.225,6.587,35.4,917.0,359.0,882.0,353.2,,1033
260810_CP_W_AI,annotation,2026-08-10 20:37:49.026,1786365469.026,2026-08-10 20:37:39.026,2026-08-10 20:37:59.026,1.063,38.6,1066.0,556.8,1093.3,584.2,,1034
260810_CP_W_AI,annotation,2026-08-10 20:38:13.511,1786365493.511,2026-08-10 20:38:03.511,2026-08-10 20:38:23.511,0.84,67.8,735.5,289.8,803.0,283.8,,1035
260810_CP_W_AI,annotation,2026-08-10 20:38:14.811,1786365494.811,2026-08-10 20:38:04.811,2026-08-10 20:38:24.811,4.452,298.2,815.1,304.4,1113.2,312.9,,1036
260810_CP_W_AI,annotation,2026-08-10 20:39:29.187,1786365569.187,2026-08-10 20:39:19.187,2026-08-10 20:39:39.187,5.407,57.1,1368.5,486.9,1425.3,493.1,,1037
260810_CP_W_AI,annotation,2026-08-10 20:39:39.843,1786365579.843,2026-08-10 20:39:29.843,2026-08-10 20:39:49.843,4.193,42.3,1423.7,495.1,1381.7,500.6,,1038
260810_CP_W_AI,annotation,2026-08-10 20:42:15.294,1786365735.294,2026-08-10 20:42:05.294,2026-08-10 20:42:25.294,1.624,422.1,789.2,633.9,1209.5,673.9,,1039
260810_CP_W_AI,annotation,2026-08-10 20:42:17.570,1786365737.57,2026-08-10 20:42:07.570,2026-08-10 20:42:27.570,2.242,56.2,1090.8,658.8,1141.2,634.0,,1040
260810_CP_W_AI,annotation,2026-08-10 20:43:47.233,1786365827.233,2026-08-10 20:43:37.233,2026-08-10 20:43:57.233,0.269,5.1,1481.1,486.7,1486.1,488.2,,1041
260810_CP_W_AI,annotation,2026-08-10 20:44:29.502,1786365869.502,2026-08-10 20:44:19.502,2026-08-10 20:44:39.502,0.938,188.6,659.5,340.8,847.8,330.4,,1042
260810_CP_W_AI,annotation,2026-08-10 20:44:31.146,1786365871.146,2026-08-10 20:44:21.146,2026-08-10 20:44:41.146,2.092,164.2,660.9,362.8,824.0,344.0,,1043
260810_CP_W_AI,annotation,2026-08-10 20:44:34.776,1786365874.776,2026-08-10 20:44:24.776,2026-08-10 20:44:44.776,0.142,0.6,135.2,81.3,135.7,80.8,,1044
260810_CP_W_AI,annotation,2026-08-10 20:44:35.614,1786365875.614,2026-08-10 20:44:25.614,2026-08-10 20:44:45.614,0.129,0.2,149.9,153.9,149.9,153.6,,1045
260810_CP_W_AI,annotation,2026-08-10 20:46:38.272,1786365998.272,2026-08-10 20:46:28.272,2026-08-10 20:46:48.272,1.222,34.1,576.8,530.7,601.2,554.6,,1046
260810_CP_W_AI,annotation,2026-08-10 20:47:14.827,1786366034.827,2026-08-10 20:47:04.827,2026-08-10 20:47:24.827,1.72,356.9,696.0,346.5,1052.5,363.9,,1047
260810_CP_W_AI,annotation,2026-08-10 20:47:17.062,1786366037.062,2026-08-10 20:47:07.062,2026-08-10 20:47:27.062,2.963,94.3,1013.9,361.5,1104.2,334.4,,1048
260810_CP_W_AI,annotation,2026-08-10 20:47:21.698,1786366041.698,2026-08-10 20:47:11.698,2026-08-10 20:47:31.698,0.111,1.5,132.7,70.4,133.6,69.2,,1049
260810_CP_W_AI,annotation,2026-08-10 20:47:26.437,1786366046.437,2026-08-10 20:47:16.437,2026-08-10 20:47:36.437,0.12,0.7,1365.1,459.7,1365.8,459.7,,1050
260810_CP_W_AI,annotation,2026-08-10 20:49:05.160,1786366145.16,2026-08-10 20:48:55.160,2026-08-10 20:49:15.160,1.546,583.4,531.3,357.7,1114.6,367.2,,1051
260810_CP_W_AI,annotation,2026-08-10 20:49:07.157,1786366147.157,2026-08-10 20:48:57.157,2026-08-10 20:49:17.157,1.574,145.7,667.3,345.0,809.6,313.5,,1052
260810_CP_W_AI,annotation,2026-08-10 20:49:09.354,1786366149.354,2026-08-10 20:48:59.354,2026-08-10 20:49:19.354,1.094,13.2,815.9,395.4,822.4,383.9,,1053
260810_CP_W_AI,annotation,2026-08-10 20:49:26.100,1786366166.1,2026-08-10 20:49:16.100,2026-08-10 20:49:36.100,0.143,0.5,761.1,556.0,761.5,556.2,,1054
260810_CP_W_AI,annotation,2026-08-10 20:50:54.098,1786366254.098,2026-08-10 20:50:44.098,2026-08-10 20:51:04.098,0.159,1.2,67.5,78.0,66.3,78.0,,1055
260810_CP_W_AI,annotation,2026-08-10 20:51:00.758,1786366260.758,2026-08-10 20:50:50.758,2026-08-10 20:51:10.758,0.682,21.8,861.3,357.3,882.8,353.7,,1056
260810_CP_W_AI,annotation,2026-08-10 20:51:01.749,1786366261.749,2026-08-10 20:50:51.749,2026-08-10 20:51:11.749,1.605,339.5,907.5,364.7,1240.8,429.3,,1057
260810_CP_W_AI,annotation,2026-08-10 20:51:10.802,1786366270.802,2026-08-10 20:51:00.802,2026-08-10 20:51:20.802,0.113,2.2,717.5,462.3,719.5,461.6,,1058
260810_CP_W_AI,annotation,2026-08-10 20:51:13.474,1786366273.474,2026-08-10 20:51:03.474,2026-08-10 20:51:23.474,3.357,205.0,606.6,462.5,799.8,393.7,,1059
260810_CP_W_AI,annotation,2026-08-10 20:52:15.151,1786366335.151,2026-08-10 20:52:05.151,2026-08-10 20:52:25.151,0.143,1.8,1384.9,588.2,1385.5,586.6,,1060
260810_CP_W_AI,annotation,2026-08-10 20:52:21.461,1786366341.461,2026-08-10 20:52:11.461,2026-08-10 20:52:31.461,0.166,0.7,860.0,535.4,860.6,535.2,,1061
260810_CP_W_AI,annotation,2026-08-10 20:52:56.526,1786366376.526,2026-08-10 20:52:46.526,2026-08-10 20:53:06.526,1.62,162.3,588.3,777.4,715.9,877.8,,1062
260810_CP_W_AI,annotation,2026-08-10 20:53:12.930,1786366392.93,2026-08-10 20:53:02.930,2026-08-10 20:53:22.930,0.765,61.3,655.0,647.1,706.2,680.8,,1063
260810_CP_W_AI,annotation,2026-08-10 20:53:29.572,1786366409.572,2026-08-10 20:53:19.572,2026-08-10 20:53:39.572,1.424,18.3,691.5,649.7,702.0,634.8,,1064
260810_CP_W_AI,annotation,2026-08-10 20:54:05.069,1786366445.069,2026-08-10 20:53:55.069,2026-08-10 20:54:15.069,1.493,519.6,644.2,366.7,1161.1,314.0,,1065
260810_CP_W_AI,annotation,2026-08-10 20:54:07.245,1786366447.245,2026-08-10 20:53:57.245,2026-08-10 20:54:17.245,0.944,137.3,996.0,348.1,1132.6,362.8,,1066
260810_CP_W_AI,annotation,2026-08-10 20:54:40.606,1786366480.606,2026-08-10 20:54:30.606,2026-08-10 20:54:50.606,0.149,0.7,761.6,448.0,761.8,447.3,,1067
260810_CP_W_AI,annotation,2026-08-10 20:54:41.123,1786366481.123,2026-08-10 20:54:31.123,2026-08-10 20:54:51.123,8.347,73.6,758.8,448.0,816.6,402.4,,1068
260810_CP_W_AI,annotation,2026-08-10 20:55:25.111,1786366525.111,2026-08-10 20:55:15.111,2026-08-10 20:55:35.111,0.156,2.0,761.2,510.1,763.0,509.1,,1069
260810_CP_W_AI,annotation,2026-08-10 20:55:35.385,1786366535.385,2026-08-10 20:55:25.385,2026-08-10 20:55:45.385,0.144,0.7,842.8,503.2,843.5,503.0,,1070
260810_CP_W_AI,annotation,2026-08-10 20:56:12.840,1786366572.84,2026-08-10 20:56:02.840,2026-08-10 20:56:22.840,1.501,87.2,218.5,129.8,290.1,179.6,,1071
260810_CP_W_AI,annotation,2026-08-10 20:56:15.227,1786366575.227,2026-08-10 20:56:05.227,2026-08-10 20:56:25.227,0.67,32.2,383.6,133.0,415.6,136.7,,1072
260810_CP_W_AI,annotation,2026-08-10 20:56:18.061,1786366578.061,2026-08-10 20:56:08.061,2026-08-10 20:56:28.061,0.622,318.4,191.6,329.3,509.8,340.8,,1073
260810_CP_W_AI,annotation,2026-08-10 20:56:37.148,1786366597.148,2026-08-10 20:56:27.148,2026-08-10 20:56:47.148,0.145,1.6,854.2,400.6,855.6,401.5,,1074
260810_CP_W_AI,annotation,2026-08-10 20:57:38.820,1786366658.82,2026-08-10 20:57:28.820,2026-08-10 20:57:48.820,0.911,158.6,643.7,386.4,800.4,362.7,,1075
260810_CP_W_AI,annotation,2026-08-10 20:57:40.337,1786366660.337,2026-08-10 20:57:30.337,2026-08-10 20:57:50.337,1.11,319.0,807.9,358.1,1123.5,311.5,,1076
260810_CP_W_AI,annotation,2026-08-10 20:58:06.753,1786366686.753,2026-08-10 20:57:56.753,2026-08-10 20:58:16.753,0.11,4.4,742.5,542.3,746.9,542.3,,1077
260810_CP_W_AI,annotation,2026-08-10 20:59:55.959,1786366795.959,2026-08-10 20:59:45.959,2026-08-10 21:00:05.959,4.163,557.4,655.2,384.6,1200.0,266.9,,1078
260810_CP_W_AI,annotation,2026-08-10 21:00:42.115,1786366842.115,2026-08-10 21:00:32.115,2026-08-10 21:00:52.115,1.448,178.0,643.9,451.8,821.9,448.8,,1079
260810_CP_W_AI,annotation,2026-08-10 21:02:38.805,1786366958.805,2026-08-10 21:02:28.805,2026-08-10 21:02:48.805,1.557,443.2,516.6,469.0,959.4,488.6,,1080
260810_CP_W_AI,annotation,2026-08-10 21:02:45.274,1786366965.274,2026-08-10 21:02:35.274,2026-08-10 21:02:55.274,1.988,20.6,670.6,398.2,676.3,378.5,,1081
260810_CP_W_AI,annotation,2026-08-10 21:03:06.643,1786366986.643,2026-08-10 21:02:56.643,2026-08-10 21:03:16.643,0.165,6.0,974.8,585.0,980.6,583.6,,1082
260810_CP_W_AI,annotation,2026-08-10 21:04:01.206,1786367041.206,2026-08-10 21:03:51.206,2026-08-10 21:04:11.206,0.803,46.5,492.1,491.5,530.4,517.9,,1083
260810_CP_W_AI,annotation,2026-08-10 21:04:33.629,1786367073.629,2026-08-10 21:04:23.629,2026-08-10 21:04:43.629,0.127,0.2,126.7,126.9,126.7,126.7,,1084
260810_CP_W_AI,annotation,2026-08-10 21:04:38.346,1786367078.346,2026-08-10 21:04:28.346,2026-08-10 21:04:48.346,1.029,418.7,782.3,427.5,1201.0,420.4,,1085
260810_CP_W_AI,annotation,2026-08-10 21:04:39.977,1786367079.977,2026-08-10 21:04:29.977,2026-08-10 21:04:49.977,2.675,156.6,964.1,423.7,1117.7,393.5,,1086
260810_CP_W_AI,annotation,2026-08-10 21:05:01.427,1786367101.427,2026-08-10 21:04:51.427,2026-08-10 21:05:11.427,1.956,47.7,1346.1,409.2,1392.3,397.4,,1087
260810_CP_W_AI,annotation,2026-08-10 21:05:32.573,1786367132.573,2026-08-10 21:05:22.573,2026-08-10 21:05:42.573,1.102,55.0,473.6,498.3,516.4,532.9,,1088
260810_CP_W_AI,annotation,2026-08-10 21:05:45.475,1786367145.475,2026-08-10 21:05:35.475,2026-08-10 21:05:55.475,1.062,533.7,672.5,328.7,1205.0,294.5,,1089
260810_CP_W_AI,annotation,2026-08-10 21:05:47.578,1786367147.578,2026-08-10 21:05:37.578,2026-08-10 21:05:57.578,0.145,0.2,143.3,65.1,143.1,65.1,,1090
260810_CP_W_AI,annotation,2026-08-10 21:06:05.093,1786367165.093,2026-08-10 21:05:55.093,2026-08-10 21:06:15.093,0.149,2.9,563.6,506.2,566.5,506.5,,1091
260810_CP_W_AI,annotation,2026-08-10 21:06:37.807,1786367197.807,2026-08-10 21:06:27.807,2026-08-10 21:06:47.807,0.182,0.7,127.6,119.9,127.8,120.6,,1092
260810_CP_W_AI,annotation,2026-08-10 21:06:44.275,1786367204.275,2026-08-10 21:06:34.275,2026-08-10 21:06:54.275,1.379,646.5,570.6,454.2,1217.0,443.2,,1093
260810_CP_W_AI,annotation,2026-08-10 21:06:46.149,1786367206.149,2026-08-10 21:06:36.149,2026-08-10 21:06:56.149,1.748,33.1,1123.4,447.7,1143.4,421.3,,1094
260810_CP_W_AI,annotation,2026-08-10 21:06:49.669,1786367209.669,2026-08-10 21:06:39.669,2026-08-10 21:06:59.669,0.135,0.2,113.5,83.1,113.8,83.1,,1095
260810_CP_W_AI,annotation,2026-08-10 21:07:44.086,1786367264.086,2026-08-10 21:07:34.086,2026-08-10 21:07:54.086,0.119,0.9,660.9,522.7,661.8,522.7,,1096
260810_CP_W_AI,annotation,2026-08-10 21:08:09.094,1786367289.094,2026-08-10 21:07:59.094,2026-08-10 21:08:19.094,0.139,0.2,121.0,130.6,121.0,130.4,,1097
260810_CP_W_AI,annotation,2026-08-10 21:08:15.109,1786367295.109,2026-08-10 21:08:05.109,2026-08-10 21:08:25.109,1.253,620.3,643.8,496.0,1263.6,470.1,,1098
260810_CP_W_AI,annotation,2026-08-10 21:08:17.237,1786367297.237,2026-08-10 21:08:07.237,2026-08-10 21:08:27.237,0.15,2.2,111.5,51.3,110.4,53.2,,1099
260810_CP_W_AI,annotation,2026-08-10 21:09:39.514,1786367379.514,2026-08-10 21:09:29.514,2026-08-10 21:09:49.514,0.117,0.3,1405.1,684.4,1405.4,684.2,,1100
260810_CP_W_AI,annotation,2026-08-10 21:10:28.902,1786367428.902,2026-08-10 21:10:18.902,2026-08-10 21:10:38.902,2.431,108.1,1334.9,433.6,1434.0,390.4,,1101
260810_CP_W_AI,annotation,2026-08-10 21:11:45.762,1786367505.762,2026-08-10 21:11:35.762,2026-08-10 21:11:55.762,0.102,0.2,1384.0,451.9,1384.2,451.9,,1102
260810_CP_W_AI,annotation,2026-08-10 21:11:53.412,1786367513.412,2026-08-10 21:11:43.412,2026-08-10 21:12:03.412,0.142,1.7,587.0,583.7,588.6,583.3,,1103
260811_QGP_W-AI,annotation,2026-08-11 09:52:49.851,1786413169.851,2026-08-11 09:52:39.851,2026-08-11 09:52:59.851,0.48,109.7,1034.9,547.5,1123.6,612.0,,1104
260811_QGP_W-AI,annotation,2026-08-11 09:53:15.359,1786413195.359,2026-08-11 09:53:05.359,2026-08-11 09:53:25.359,0.117,2.7,699.6,359.9,699.6,362.6,,1105
260811_QGP_W-AI,annotation,2026-08-11 09:57:17.791,1786413437.791,2026-08-11 09:57:07.791,2026-08-11 09:57:27.791,0.105,4.0,771.9,178.3,769.3,181.3,,1106
